Test_ID,Reference_Parameter,predicted_Reference_Parameter,regression_residual,regression_abs_residual,Validity_Label,regime_id,Sensor_S1_imputed,Sensor_S2_imputed,Sensor_S3_imputed,Sensor_S4_missing,S3_consistency_residual
TRN-0745,18.6752,49.859025268078085,-31.183825268078085,31.183825268078085,Invalid,1,0,0,0,0,-0.0466372541691129
TRN-0185,46.1158,18.096965575612337,28.018834424387663,28.018834424387663,Invalid,2,0,0,0,0,0.8935790634715755
TRN-0623,50.0012,24.865529175956997,25.135670824043,25.135670824043,Invalid,0,0,0,0,0,0.0873705010318488
TRN-0081,22.2325,42.980509780608976,-20.748009780608974,20.748009780608974,Invalid,2,0,0,0,0,0.2721205195470872
TRN-0945,47.492,28.09121690601943,19.400783093980568,19.400783093980568,Invalid,2,0,0,0,0,0.0879366959466168
TRN-0290,23.8671,37.11276896152179,-13.245668961521787,13.245668961521787,Invalid,0,0,0,0,0,0.1313398391270652
TRN-0043,28.2093,41.43432586934284,-13.225025869342844,13.225025869342844,Invalid,0,0,0,0,0,0.1603823391509138
TRN-0357,17.6333,27.685528879488892,-10.052228879488894,10.052228879488894,Invalid,0,0,0,0,0,0.8664002868951037
TRN-0434,51.9073,43.05811278987792,8.849187210122082,8.849187210122082,Valid,2,0,0,0,1,-0.0155523325250115
TRN-0267,36.3126,27.504985411235964,8.80761458876404,8.80761458876404,Invalid,0,0,0,0,0,0.1337253173335462
TRN-0927,22.272,29.94769653164704,-7.675696531647041,7.675696531647041,Invalid,0,0,0,0,0,-0.0685181765969424
TRN-0955,49.6297,42.28467441466615,7.34502558533385,7.34502558533385,Valid,1,0,0,0,0,0.401704944465358
TRN-0533,23.5153,30.795263269635335,-7.279963269635335,7.279963269635335,Invalid,2,0,0,1,0,0.9347314263432428
TRN-0908,61.5848,54.59904341850298,6.9857565814970215,6.9857565814970215,Valid,1,0,0,0,0,0.3320901272968868
TRN-0836,32.8614,26.196924580536177,6.664475419463827,6.664475419463827,Valid,2,0,0,0,0,0.0581692682667593
TRN-0946,31.2415,26.00593367823925,5.23556632176075,5.23556632176075,Valid,2,0,0,0,0,0.5781097283864369
TRN-0768,49.1874,44.2928197123815,4.894580287618496,4.894580287618496,Invalid,0,0,1,0,0,-0.1864477735508956
TRN-0589,22.5337,27.270158340240357,-4.7364583402403575,4.7364583402403575,Invalid,0,0,0,0,0,-0.1019557025088957
TRN-0713,47.8264,43.118567496567515,4.707832503432485,4.707832503432485,Valid,2,0,0,0,0,-0.2394070107235908
TRN-0088,26.3719,21.792844582055185,4.579055417944815,4.579055417944815,Valid,2,0,0,0,0,0.346840565195059
TRN-0154,24.836,29.185621555773935,-4.349621555773936,4.349621555773936,Invalid,0,0,0,0,0,0.0407120538876917
TRN-0264,38.2856,34.12794781778633,4.157652182213674,4.157652182213674,Valid,1,0,0,0,0,-0.1711532663747359
TRN-0295,29.2011,33.10114569839535,-3.900045698395349,3.900045698395349,Valid,2,0,0,0,0,0.5775695416442908
TRN-0829,18.1979,14.70773556735038,3.490164432649621,3.490164432649621,Invalid,1,0,0,0,0,-0.0904933573787269
TRN-0376,32.7707,29.45216431286291,3.3185356871370892,3.3185356871370892,Valid,0,0,0,0,0,-0.4390029764232661
TRN-0651,46.9167,43.6633926988628,3.2533073011371982,3.2533073011371982,Valid,1,0,0,0,0,0.1208218205531785
TRN-0732,33.7325,30.629707693120764,3.1027923068792376,3.1027923068792376,Valid,0,0,0,0,0,0.04638957162188
TRN-0601,25.3258,22.27076226398544,3.0550377360145617,3.0550377360145617,Valid,0,0,0,0,0,0.2311714879485933
TRN-0857,21.1871,24.159421233744045,-2.9723212337440437,2.9723212337440437,Invalid,1,0,0,0,0,9.39273653208414
TRN-0571,54.0826,51.170232621479855,2.9123673785201447,2.9123673785201447,Valid,2,0,0,0,0,-0.1490833328932712
TRN-0953,43.8394,41.04570485801524,2.793695141984756,2.793695141984756,Valid,2,0,0,0,0,0.6683191960057826
TRN-0463,15.7596,18.53997608696844,-2.78037608696844,2.78037608696844,Invalid,2,0,0,0,0,-0.0953134147555552
TRN-0760,42.5878,39.88842833456174,2.699371665438264,2.699371665438264,Valid,2,0,0,0,0,-0.1728862571305889
TRN-0269,45.2513,42.5621818261883,2.6891181738117,2.6891181738117,Valid,0,0,0,0,0,-0.1891174936585962
TRN-0284,34.353,36.9747442040133,-2.6217442040132966,2.6217442040132966,Valid,1,0,0,0,0,-0.7548870897171192
TRN-0109,37.4384,40.031822148343124,-2.593422148343123,2.593422148343123,Valid,0,0,0,0,0,-0.2022666203103078
TRN-0542,29.9678,27.421861044439574,2.545938955560427,2.545938955560427,Valid,1,0,0,0,0,0.3173614537361473
TRN-0646,20.3064,22.837582104683598,-2.531182104683598,2.531182104683598,Invalid,1,0,0,0,0,11.49471436378484
TRN-0801,39.321,41.85042220640778,-2.52942220640778,2.52942220640778,Valid,2,0,0,0,0,0.3648733023894142
TRN-0247,22.9371,25.453048578963664,-2.5159485789636626,2.5159485789636626,Valid,0,0,0,0,0,-0.4090711149362214
TRN-0049,18.2907,15.790438736017784,2.5002612639822175,2.5002612639822175,Invalid,1,0,0,0,0,-0.2628987404903693
TRN-0273,17.7087,20.15529616673489,-2.4465961667348886,2.4465961667348886,Valid,0,0,0,0,0,-0.2747750951249337
TRN-0543,49.5902,47.195887481431086,2.394312518568917,2.394312518568917,Valid,0,0,0,0,0,0.1505673552470483
TRN-0560,50.7461,48.360236172480604,2.385863827519394,2.385863827519394,Valid,0,0,0,0,0,-0.0053005579447358
TRN-0724,42.3237,39.94066960201684,2.3830303979831626,2.3830303979831626,Valid,2,0,0,0,0,0.6175480552250328
TRN-0006,46.7583,44.38996890125486,2.368331098745138,2.368331098745138,Valid,0,0,0,0,0,0.0479837393029463
TRN-0058,55.8411,53.48121783682031,2.359882163179684,2.359882163179684,Valid,1,0,0,0,0,0.3235092182731911
TRN-0398,26.8098,24.480975568962382,2.328824431037617,2.328824431037617,Invalid,1,0,0,0,0,-0.5852826970783092
TRN-0297,31.7561,34.06684152907188,-2.31074152907188,2.31074152907188,Valid,2,0,0,0,0,-0.3017425944466865
TRN-0312,46.3609,44.06373139151056,2.297168608489443,2.297168608489443,Valid,2,0,0,0,0,-0.0867802015569818
TRN-0137,44.5411,42.245538454265,2.295561545734998,2.295561545734998,Invalid,2,0,0,0,0,0.7617391601474139
TRN-0486,45.6002,43.3347950412312,2.265404958768798,2.265404958768798,Valid,0,0,0,0,0,0.196416785383473
TRN-0215,27.4716,25.262263549236838,2.2093364507631605,2.2093364507631605,Invalid,0,0,0,0,0,-0.2240955241770059
TRN-0473,32.4963,30.304418764996022,2.191881235003976,2.191881235003976,Valid,2,0,0,0,0,-0.1731512624985249
TRN-0792,26.6744,24.49399756574567,2.1804024342543293,2.1804024342543293,Valid,1,0,0,0,0,0.5025960125275901
TRN-0018,26.5112,24.33856369622542,2.1726363037745777,2.1726363037745777,Invalid,0,0,0,0,0,0.6660592492990638
TRN-0512,20.0655,17.906956017780022,2.158543982219978,2.158543982219978,Invalid,0,0,0,0,0,0.0338693632120925
TRN-0240,44.9059,42.7726672617712,2.1332327382288057,2.1332327382288057,Valid,2,0,0,0,0,0.0213199244364954
TRN-0696,30.0941,27.99201940065985,2.1020805993401517,2.1020805993401517,Valid,1,0,0,0,0,0.4867569505603129
TRN-0456,18.4806,20.580216922765533,-2.0996169227655344,2.0996169227655344,Valid,2,0,0,0,0,0.5368645157318479
TRN-0878,45.3496,47.441751262042466,-2.0921512620424636,2.0921512620424636,Invalid,2,0,0,0,0,0.4540753876067551
TRN-0938,41.4065,39.383247979170285,2.023252020829716,2.023252020829716,Valid,1,0,0,0,0,0.158233135567329
TRN-0351,43.8924,41.89733428018942,1.995065719810583,1.995065719810583,Valid,2,0,0,0,0,-0.1263978483446202
TRN-0078,57.4073,55.41330886287815,1.9939911371218528,1.9939911371218528,Valid,2,0,0,0,0,-0.1843937599066158
TRN-0665,15.8353,17.817945956290643,-1.9826459562906429,1.9826459562906429,Invalid,2,0,0,0,0,0.0316149192867136
TRN-0573,33.8011,35.78258117588519,-1.9814811758851931,1.9814811758851931,Valid,0,0,0,0,0,-0.1936673147616652
TRN-0933,14.744,16.718358170907614,-1.974358170907614,1.974358170907614,Invalid,1,0,0,0,0,-0.2632925523629001
TRN-0731,31.8838,33.85369295609243,-1.9698929560924299,1.9698929560924299,Valid,0,0,0,0,0,-0.6970688327901833
TRN-0937,45.3832,43.43219196211161,1.9510080378883927,1.9510080378883927,Valid,2,0,0,0,0,-0.3649717009754702
TRN-0311,29.9962,31.933576290512224,-1.9373762905122227,1.9373762905122227,Valid,0,0,0,0,0,-0.2057150916036079
TRN-0838,32.5568,30.628324296993668,1.9284757030063346,1.9284757030063346,Valid,1,0,0,0,0,0.44005564577132
TRN-0188,43.1445,45.07187911524913,-1.9273791152491313,1.9273791152491313,Valid,0,0,0,0,1,-0.417611991122655
TRN-0291,28.7441,30.6290010084137,-1.8849010084136992,1.8849010084136992,Invalid,0,0,0,0,0,-0.294743247688654
TRN-0848,32.1656,34.0504803838175,-1.884880383817503,1.884880383817503,Valid,0,0,0,0,0,-0.2386424296200608
TRN-0626,14.4551,16.328769195429782,-1.8736691954297822,1.8736691954297822,Invalid,1,0,0,0,0,-0.1456166178428395
TRN-0547,40.8455,38.9734958327609,1.8720041672391048,1.8720041672391048,Valid,1,0,0,0,0,-0.013773843442479
TRN-0816,19.8088,21.673775807695606,-1.864975807695604,1.864975807695604,Invalid,0,0,0,0,0,11.0496953647855
TRN-0676,45.2288,43.37138409450528,1.8574159054947188,1.8574159054947188,Valid,2,0,0,0,0,0.1981807968367093
TRN-0385,24.3642,22.508245193468507,1.8559548065314928,1.8559548065314928,Invalid,0,0,0,0,0,0.0022263760089913
TRN-0374,57.1092,55.27353536010304,1.8356646398969616,1.8356646398969616,Valid,0,0,0,0,0,0.0687062941524097
TRN-0179,51.3991,49.57153569334652,1.8275643066534784,1.8275643066534784,Valid,1,0,0,0,0,0.0503217203911123
TRN-0194,50.4105,48.587143883649695,1.823356116350304,1.823356116350304,Valid,1,0,0,0,0,0.0815004277768522
TRN-0026,28.9849,30.79826861837064,-1.8133686183706388,1.8133686183706388,Valid,1,0,0,0,0,0.0630739039794896
TRN-0205,35.013,36.8158791713778,-1.8028791713778034,1.8028791713778034,Valid,2,0,0,0,0,0.4508188984412928
TRN-0972,27.14,28.91751889738067,-1.77751889738067,1.77751889738067,Valid,0,0,0,0,0,-0.4514565314662579
TRN-0261,25.316,23.59120503675127,1.7247949632487298,1.7247949632487298,Valid,1,0,0,0,0,-0.0014596955378571
TRN-0171,22.1384,23.8591845852348,-1.7207845852347994,1.7207845852347994,Invalid,1,0,0,0,0,-0.2465540423981185
TRN-0419,39.859,41.571557772973144,-1.7125577729731418,1.7125577729731418,Valid,0,0,0,0,0,0.0110797034934329
TRN-0499,17.1232,18.82906474328213,-1.705864743282131,1.705864743282131,Invalid,2,0,0,0,0,10.88702213917152
TRN-0605,32.9308,31.226620402830005,1.7041795971699933,1.7041795971699933,Valid,0,0,0,0,0,-0.1617693702242668
TRN-0016,27.0879,25.38883585136619,1.6990641486338127,1.6990641486338127,Valid,2,0,0,0,0,-0.4499649577694704
TRN-0621,50.4377,52.13512938531472,-1.6974293853147202,1.6974293853147202,Valid,0,0,0,0,0,0.088405528761509
TRN-0552,40.9406,39.247202434372426,1.6933975656275777,1.6933975656275777,Valid,1,0,0,0,0,0.7008293114460358
TRN-0317,24.0015,25.683795957742873,-1.6822959577428733,1.6822959577428733,Valid,1,0,0,0,0,0.235875732218922
TRN-0631,18.9129,20.59071266952982,-1.6778126695298212,1.6778126695298212,Invalid,0,0,0,1,0,2.581680610657699
TRN-0218,23.7821,25.444031098657447,-1.6619310986574476,1.6619310986574476,Valid,0,0,0,0,0,-0.7415661574009995
TRN-0140,22.9154,21.269447141875492,1.6459528581245095,1.6459528581245095,Valid,1,0,0,0,1,0.0920807191838992
TRN-0604,21.4041,19.762817896937612,1.6412821030623874,1.6412821030623874,Invalid,2,0,0,0,0,0.5026803288891948
TRN-0250,29.2459,27.606909337803476,1.6389906621965231,1.6389906621965231,Valid,2,0,0,0,0,0.4899191610583813
TRN-0324,28.5561,26.927799519331806,1.6283004806681944,1.6283004806681944,Valid,2,0,0,0,1,-0.1065494864943339
TRN-0127,22.4999,20.882722837599434,1.6171771624005657,1.6171771624005657,Valid,1,0,0,0,0,-0.0284655696456717
TRN-0166,29.6963,28.085574549203958,1.6107254507960427,1.6107254507960427,Valid,0,0,0,0,0,-0.0071750011214071
TRN-0956,52.2691,53.87941573702557,-1.6103157370255659,1.6103157370255659,Valid,1,0,0,0,0,0.245013259436174
TRN-0805,30.0341,28.426422850831177,1.607677149168822,1.607677149168822,Invalid,0,0,0,0,0,0.084009380480559
TRN-0663,54.3652,52.77444943847651,1.5907505615234925,1.5907505615234925,Valid,1,0,0,0,0,0.2119780086486677
TRN-0298,26.9194,25.330116765712024,1.5892832342879757,1.5892832342879757,Valid,1,0,0,0,0,0.3398907189842219
TRN-0108,30.0347,31.62320846638972,-1.5885084663897189,1.5885084663897189,Invalid,0,0,0,0,0,0.0337342281695001
TRN-0553,29.8408,31.421456687500815,-1.580656687500813,1.580656687500813,Valid,2,0,0,0,0,0.2904253357005348
TRN-0333,28.5206,30.098143102164304,-1.5775431021643023,1.5775431021643023,Valid,1,0,0,0,0,0.0765903943573995
TRN-0077,36.4665,34.89448123831795,1.5720187616820525,1.5720187616820525,Invalid,1,0,0,0,0,0.4067592656283203
TRN-0252,44.555,46.12524165436054,-1.5702416543605437,1.5702416543605437,Valid,1,0,0,0,0,-0.0031467144373529
TRN-0400,17.266,18.827508715663004,-1.561508715663006,1.561508715663006,Valid,1,0,0,0,0,0.5417617571310949
TRN-0579,41.4578,43.01406460928981,-1.556264609289812,1.556264609289812,Valid,1,0,0,0,0,0.1541238389522803
TRN-0245,26.8149,25.27010305264137,1.5447969473586305,1.5447969473586305,Valid,1,0,0,0,0,0.0544667759699315
TRN-0554,36.6035,38.13105029177441,-1.5275502917744106,1.5275502917744106,Valid,2,0,0,0,0,-0.2039535496124713
TRN-0944,27.0719,28.5959096229054,-1.5240096229053997,1.5240096229053997,Invalid,1,0,0,1,0,5.472005743601102
TRN-0668,54.4579,52.93513045990327,1.522769540096732,1.522769540096732,Valid,0,0,0,0,0,-0.0347104910953177
TRN-0230,24.5185,22.997315706595305,1.5211842934046942,1.5211842934046942,Valid,2,0,0,0,0,0.1090579056271963
TRN-0414,27.6443,26.13765870033353,1.5066412996664695,1.5066412996664695,Valid,0,0,0,0,0,0.2379151452021517
TRN-0649,21.0209,19.517686429540458,1.5032135704595433,1.5032135704595433,Invalid,1,0,0,0,0,0.2386646726204198
TRN-0789,22.5855,21.082664635850616,1.5028353641493837,1.5028353641493837,Valid,2,0,0,0,0,-0.0432599007675023
TRN-0048,27.2094,25.707409545267783,1.5019904547322156,1.5019904547322156,Valid,0,0,0,0,0,0.0296680590034146
TRN-0530,42.1886,40.68768633164184,1.5009136683581588,1.5009136683581588,Valid,0,0,0,0,0,-0.202726443188471
TRN-0692,33.5906,35.08516203872736,-1.4945620387273593,1.4945620387273593,Invalid,0,0,0,0,0,-0.0572785810987213
TRN-0260,43.5279,42.043705489886165,1.4841945101138379,1.4841945101138379,Valid,2,0,0,0,0,-0.2573287628112108
TRN-0223,40.5369,42.020016487141284,-1.483116487141281,1.483116487141281,Valid,2,0,0,0,0,0.4545337300102652
TRN-0353,49.4057,50.881103541232676,-1.475403541232673,1.475403541232673,Valid,0,0,0,0,0,0.1009725110876686
TRN-0454,25.9462,24.476554588208483,1.469645411791518,1.469645411791518,Valid,0,0,0,0,0,0.2475758220029575
TRN-0714,32.4503,30.984729604561828,1.4655703954381707,1.4655703954381707,Valid,0,0,0,0,0,-0.2624764284709169
TRN-0354,18.4616,19.922481057108843,-1.4608810571088426,1.4608810571088426,Valid,1,0,0,0,0,0.563196659734011
TRN-0038,45.698,47.15039581498608,-1.452395814986076,1.452395814986076,Valid,1,0,0,0,0,0.2104388984437442
TRN-0217,17.1996,18.649126761621364,-1.4495267616213638,1.4495267616213638,Invalid,1,0,0,0,0,0.6136705531045461
TRN-0824,23.1994,21.758544299951723,1.440855700048278,1.440855700048278,Valid,2,0,0,0,0,-0.1555231822577241
TRN-0810,41.3538,39.91397168722043,1.439828312779568,1.439828312779568,Valid,1,0,0,0,0,0.3872176811222267
TRN-0958,19.7819,21.2163873967833,-1.4344873967833003,1.4344873967833003,Valid,2,0,0,0,0,-0.2684191736358219
TRN-0383,27.4728,26.042447315284715,1.4303526847152845,1.4303526847152845,Valid,0,0,0,0,1,0.1647410057137257
TRN-0372,41.0583,42.481987841833394,-1.4236878418333916,1.4236878418333916,Valid,0,0,0,0,0,-0.1857558349896422
TRN-0224,29.6462,28.23412078552174,1.4120792144782612,1.4120792144782612,Valid,1,0,0,0,0,0.3232024773669977
TRN-0538,31.1325,29.72062162416212,1.4118783758378797,1.4118783758378797,Valid,2,0,0,0,0,-0.1952594756158454
TRN-0846,28.84,30.233366949604818,-1.3933669496048182,1.3933669496048182,Valid,0,0,0,0,0,0.117644839751243
TRN-0575,31.127,29.733967428774022,1.3930325712259766,1.3930325712259766,Valid,2,0,0,0,0,0.1430937887506651
TRN-0148,33.6087,35.001078371734266,-1.3923783717342673,1.3923783717342673,Invalid,0,0,0,0,0,-0.0017724723501277
TRN-0874,20.8285,19.44090891900686,1.3875910809931398,1.3875910809931398,Invalid,1,0,0,0,0,-16.87624992142744
TRN-0211,41.8311,40.45311947979501,1.3779805202049857,1.3779805202049857,Valid,1,0,0,0,0,-0.2439617430426253
TRN-0401,30.3139,28.94030224996793,1.3735977500320686,1.3735977500320686,Invalid,2,0,0,0,0,-8.205978683552658
TRN-0440,18.5615,19.926331374958746,-1.3648313749587473,1.3648313749587473,Valid,0,0,0,0,0,0.0773952869070182
TRN-0738,34.8402,33.49446614318699,1.3457338568130126,1.3457338568130126,Valid,2,0,0,0,0,0.2523094952056439
TRN-0073,44.0862,42.74046877274997,1.3457312272500275,1.3457312272500275,Valid,2,0,0,0,0,-0.0546750631109453
TRN-0567,49.668,48.33260218569072,1.3353978143092817,1.3353978143092817,Valid,2,0,0,0,0,0.3833815007628907
TRN-0550,38.0388,36.711011643519974,1.3277883564800277,1.3277883564800277,Valid,0,0,0,0,0,0.1782935300263162
TRN-0322,18.7618,20.085986250743133,-1.3241862507431321,1.3241862507431321,Valid,2,0,0,0,0,-0.1379105907094011
TRN-0911,53.2861,54.60599313470171,-1.319893134701715,1.319893134701715,Valid,0,0,0,0,0,0.2565834504751159
TRN-0378,17.8967,16.577563964131265,1.319136035868734,1.319136035868734,Valid,2,0,0,0,0,0.6807324127359209
TRN-0989,28.7248,30.042889180644362,-1.318089180644364,1.318089180644364,Valid,0,0,0,0,0,-0.1861468484131947
TRN-0045,23.4447,22.128230719378656,1.3164692806213445,1.3164692806213445,Valid,0,0,0,0,0,-0.6510236852816007
TRN-0720,15.6642,16.977947728780027,-1.3137477287800277,1.3137477287800277,Valid,1,0,0,0,0,0.259990887615583
TRN-0235,49.1812,47.87286556216986,1.3083344378301334,1.3083344378301334,Valid,0,0,0,0,0,0.5130763076833222
TRN-0522,25.8008,27.105647436349045,-1.3048474363490463,1.3048474363490463,Valid,1,0,0,0,0,-0.02613051029968
TRN-0457,41.1164,39.818820421656206,1.2975795783437931,1.2975795783437931,Valid,0,0,0,0,0,-0.1928005027323749
TRN-0363,36.6662,37.96308314746824,-1.296883147468236,1.296883147468236,Valid,0,0,0,0,0,-0.5695551229180946
TRN-0513,13.1153,14.412002984329376,-1.296702984329377,1.296702984329377,Valid,1,0,0,0,0,0.1905078798776598
TRN-0142,31.2509,32.54117929090935,-1.2902792909093463,1.2902792909093463,Valid,0,0,0,0,0,-0.061914318781433
TRN-0687,57.2566,55.96844919266635,1.2881508073336505,1.2881508073336505,Valid,0,0,0,0,0,0.1823350060588673
TRN-0403,32.9934,34.28123809623427,-1.2878380962342675,1.2878380962342675,Valid,0,0,0,0,0,-0.3096645133187383
TRN-0281,25.6006,24.31797120330415,1.2826287966958496,1.2826287966958496,Valid,2,0,0,0,0,0.6826887001982627
TRN-0420,42.4476,41.17834192283875,1.269258077161254,1.269258077161254,Valid,0,0,0,0,0,0.2835647751191814
TRN-0071,46.5089,45.24125275988579,1.2676472401142078,1.2676472401142078,Valid,1,0,0,0,0,0.0323604918081699
TRN-0822,35.5169,34.25290195309059,1.263998046909407,1.263998046909407,Valid,2,0,0,0,0,-0.2990303744164073
TRN-0683,20.5016,19.239520768658792,1.2620792313412075,1.2620792313412075,Invalid,2,0,0,0,0,0.1050540769869741
TRN-0912,24.2523,23.000728457497214,1.2515715425027878,1.2515715425027878,Valid,0,0,0,0,0,-0.5231970237232986
TRN-0177,36.0541,37.29879239592599,-1.2446923959259948,1.2446923959259948,Valid,1,0,0,0,0,0.2760638585103461
TRN-0203,13.8386,15.07886221754865,-1.2402622175486506,1.2402622175486506,Invalid,1,0,0,0,0,0.8416958004280808
TRN-0105,43.6185,42.38116291795064,1.2373370820493577,1.2373370820493577,Valid,2,0,0,0,0,0.2653038780491279
TRN-0480,31.3074,32.54319440093804,-1.2357944009380404,1.2357944009380404,Valid,1,0,0,0,0,-0.1508406656991603
TRN-0181,48.7663,47.53073151788879,1.235568482111212,1.235568482111212,Invalid,1,0,0,0,0,-11.659629736643147
TRN-0190,24.475,23.245742114644273,1.2292578853557288,1.2292578853557288,Valid,2,0,0,0,0,-0.4128072657280377
TRN-0570,22.9629,21.74054181000541,1.2223581899945906,1.2223581899945906,Invalid,1,0,0,0,0,0.4707010372490998
TRN-0803,19.2982,20.51879690254885,-1.2205969025488486,1.2205969025488486,Valid,2,0,0,0,0,-0.5652744743165297
TRN-0059,55.6198,54.39984393677933,1.2199560632206712,1.2199560632206712,Invalid,2,0,0,0,0,9.378157250194723
TRN-0637,50.626,51.83901279149929,-1.2130127914992954,1.2130127914992954,Valid,2,0,0,0,0,0.1853568229330306
TRN-0107,16.8455,18.057432741834447,-1.2119327418344454,1.2119327418344454,Valid,1,0,0,0,0,-0.0544017665804368
TRN-0506,16.2324,17.44066552994783,-1.2082655299478304,1.2082655299478304,Valid,1,0,0,0,0,0.1604881216297151
TRN-0278,43.6644,42.47698148970505,1.187418510294954,1.187418510294954,Valid,0,0,0,0,0,-0.0886730459348061
TRN-0688,16.7953,17.9806768307973,-1.1853768307972992,1.1853768307972992,Valid,2,0,0,0,0,0.194895639828692
TRN-0519,18.5291,19.704595373677442,-1.1754953736774425,1.1754953736774425,Valid,2,0,0,0,0,0.4197325774400813
TRN-0925,27.0547,28.22833085112528,-1.173630851125278,1.173630851125278,Valid,0,0,0,0,1,0.3709727395358957
TRN-0907,20.0939,21.26744073992303,-1.1735407399230269,1.1735407399230269,Invalid,0,0,0,0,0,-0.2443992019920671
TRN-0655,34.4756,33.302299830603175,1.1733001693968248,1.1733001693968248,Valid,2,0,0,0,0,0.199533488261931
TRN-0104,21.7428,22.912945595145118,-1.1701455951451187,1.1701455951451187,Valid,0,0,0,0,0,0.2218755977726338
TRN-0887,38.4158,37.24745730120784,1.1683426987921592,1.1683426987921592,Valid,0,0,0,0,0,-0.2522995767435461
TRN-0832,37.7818,36.61391509695339,1.1678849030466054,1.1678849030466054,Valid,0,0,0,0,0,0.0439633337184695
TRN-0754,23.7153,24.88097833957459,-1.1656783395745904,1.1656783395745904,Valid,0,0,0,0,0,-0.1504113704175331
TRN-0084,49.5151,48.34951381535966,1.1655861846403397,1.1655861846403397,Valid,0,0,0,0,0,0.1810490950256422
TRN-0759,24.5945,23.439532856818666,1.1549671431813344,1.1549671431813344,Valid,2,0,0,0,0,0.0940025317811752
TRN-0159,22.5737,21.429111931159824,1.144588068840175,1.144588068840175,Valid,1,0,0,0,0,-0.3805234664434742
TRN-0392,18.7934,19.935489954885103,-1.1420899548851047,1.1420899548851047,Valid,2,0,0,0,0,-0.0761361628334622
TRN-0859,15.4105,14.276293459649619,1.134206540350382,1.134206540350382,Valid,1,0,0,0,0,0.0842152907452824
TRN-0099,38.4013,39.532652105917656,-1.1313521059176566,1.1313521059176566,Valid,2,0,0,0,0,0.0302857648322856
TRN-0076,19.0336,20.162785836449515,-1.1291858364495155,1.1291858364495155,Invalid,0,0,0,0,0,9.006646175716515
TRN-0175,40.8855,39.75860378250274,1.1268962174972614,1.1268962174972614,Valid,0,0,0,0,1,0.0547211815616091
TRN-0734,30.8448,29.724233012613173,1.1205669873868267,1.1205669873868267,Invalid,2,0,0,0,0,-7.206810148974728
TRN-0685,37.7807,36.66227524844127,1.1184247515587344,1.1184247515587344,Valid,0,0,0,0,0,-0.2743748583602006
TRN-0287,54.3793,55.49283217500654,-1.1135321750065401,1.1135321750065401,Valid,2,0,0,0,0,0.2733715045207496
TRN-0307,47.2164,48.32692180333822,-1.110521803338223,1.110521803338223,Valid,0,0,0,0,0,-0.1980638216403996
TRN-0752,43.4268,44.53238129798018,-1.10558129798018,1.10558129798018,Valid,1,0,0,0,0,-0.7276912818717172
TRN-0505,31.4153,30.3119854753977,1.1033145246022968,1.1033145246022968,Valid,2,0,0,0,0,-0.1687118216737673
TRN-0313,37.4216,36.32331027844923,1.0982897215507705,1.0982897215507705,Valid,2,0,0,0,0,0.2436107581419975
TRN-0056,51.0559,49.95826420508958,1.097635794910424,1.097635794910424,Valid,0,0,0,0,0,0.3901730688161713
TRN-0128,49.6719,50.76859575190422,-1.096695751904221,1.096695751904221,Valid,0,0,0,0,0,0.0801874245880469
TRN-0292,16.7479,17.844270373162146,-1.096370373162145,1.096370373162145,Invalid,0,0,0,0,0,-0.189352823236149
TRN-0274,31.928,30.83324074065706,1.0947592593429398,1.0947592593429398,Valid,1,0,0,0,0,-0.0307689548685132
TRN-0528,14.2798,15.370470176780545,-1.0906701767805451,1.0906701767805451,Valid,0,0,0,0,0,0.2782935418643175
TRN-0095,51.1599,50.07134937081547,1.0885506291845317,1.0885506291845317,Valid,1,0,0,0,0,-0.4867705393642012
TRN-0309,35.7241,36.80957386735605,-1.0854738673560504,1.0854738673560504,Valid,1,0,0,0,0,-0.2654216935048517
TRN-0716,14.421,15.503933346801354,-1.0829333468013544,1.0829333468013544,Valid,2,0,0,0,0,-0.0788665910945898
TRN-0444,21.4587,20.382321316657983,1.0763786833420177,1.0763786833420177,Valid,1,0,0,0,0,0.3255035045411087
TRN-0182,28.8087,29.87757818005354,-1.068878180053538,1.068878180053538,Valid,1,0,0,0,0,0.0833168043454435
TRN-0441,20.3549,21.42277025480498,-1.0678702548049799,1.0678702548049799,Valid,0,0,0,0,0,-0.2797724248140838
TRN-0421,30.0385,28.973990945124566,1.0645090548754332,1.0645090548754332,Valid,1,0,0,0,0,0.1746507423561532
TRN-0161,26.1738,25.11134411306063,1.0624558869393717,1.0624558869393717,Valid,2,0,0,0,0,-0.226768849886028
TRN-0412,46.3496,47.41013947942598,-1.0605394794259766,1.0605394794259766,Valid,1,0,0,0,0,0.006406084479007
TRN-0762,57.0971,56.0379566659758,1.0591433340241991,1.0591433340241991,Valid,0,0,0,0,0,0.2879645434115545
TRN-0733,34.3407,35.397155257905915,-1.0564552579059168,1.0564552579059168,Valid,0,0,0,0,0,-0.4522792589316093
TRN-0008,40.05,38.99418862477391,1.0558113752260851,1.0558113752260851,Valid,2,0,0,0,0,-0.275094334260924
TRN-0074,21.1645,20.115415948234798,1.0490840517652025,1.0490840517652025,Invalid,0,0,0,0,0,-0.0725617500302249
TRN-0053,48.1264,49.175377685543296,-1.0489776855432993,1.0489776855432993,Valid,0,0,0,0,0,-0.115369347718385
TRN-0019,15.9881,17.030654382304004,-1.0425543823040044,1.0425543823040044,Valid,2,0,0,0,0,1.2424973913053563
TRN-0747,11.9183,12.960789224645541,-1.042489224645541,1.042489224645541,Valid,2,0,0,0,0,-0.2036697491874886
TRN-0566,27.8973,26.85823175896273,1.0390682410372705,1.0390682410372705,Valid,1,0,0,0,0,0.1116418937235064
TRN-0424,27.2886,28.32415980355969,-1.0355598035596927,1.0355598035596927,Valid,1,0,0,0,0,0.1113982351094371
TRN-0158,33.0264,31.992896768049725,1.0335032319502773,1.0335032319502773,Valid,1,0,0,0,0,0.0076930308072444
TRN-0121,18.3173,17.284158662982883,1.033141337017117,1.033141337017117,Invalid,2,0,0,0,0,0.7129760708848814
TRN-0397,16.9303,17.961247131823587,-1.0309471318235879,1.0309471318235879,Valid,2,0,0,0,0,0.4479551934232013
TRN-0576,12.9188,13.945769320203663,-1.0269693202036638,1.0269693202036638,Valid,0,0,0,0,0,-0.0583738006821796
TRN-0652,28.0562,27.033946252571823,1.0222537474281772,1.0222537474281772,Invalid,1,0,0,0,0,0.6099687238225826
TRN-0728,33.532,34.54622530008975,-1.0142253000897554,1.0142253000897554,Valid,2,0,0,0,0,-0.5636914213618578
TRN-0334,45.5134,44.50015540259538,1.013244597404615,1.013244597404615,Valid,2,0,0,0,0,-0.4573563264454634
TRN-0586,21.5495,20.54455899193115,1.0049410080688475,1.0049410080688475,Valid,2,0,0,0,0,0.3084945292641041
TRN-0860,45.3171,44.315978876096274,1.0011211239037294,1.0011211239037294,Valid,1,0,0,0,0,0.0692412173435919
TRN-0068,16.2433,17.240598390438105,-0.9972983904381039,0.9972983904381039,Valid,2,0,0,0,0,0.3282371789479743
TRN-0471,26.8539,25.861536424879592,0.9923635751204074,0.9923635751204074,Valid,2,0,0,0,0,0.3994166256111953
TRN-0346,17.4079,18.384069412092604,-0.9761694120926023,0.9761694120926023,Invalid,0,0,0,0,0,0.0408347286414763
TRN-0233,17.8643,16.890711904611884,0.9735880953881164,0.9735880953881164,Invalid,1,0,0,0,0,-0.2503976170418287
TRN-0975,44.8108,45.78316057873918,-0.9723605787391776,0.9723605787391776,Valid,0,0,0,0,0,0.3480644838175344
TRN-0744,48.0361,49.00743653896405,-0.9713365389640529,0.9713365389640529,Valid,2,0,0,0,0,0.2022283381901388
TRN-0551,26.582,27.55252938187334,-0.9705293818733409,0.9705293818733409,Invalid,2,0,0,0,0,-0.4236450380667591
TRN-0888,35.2834,34.315259383378745,0.9681406166212554,0.9681406166212554,Invalid,0,0,0,0,0,0.1927839094103056
TRN-0494,32.4537,33.42174756316685,-0.9680475631668557,0.9680475631668557,Valid,0,0,0,0,0,0.355017708002098
TRN-0844,37.785,36.817579701426745,0.9674202985732521,0.9674202985732521,Valid,1,0,0,0,0,0.2027604601651518
TRN-0488,16.7146,17.68017147026499,-0.9655714702649902,0.9655714702649902,Valid,2,0,0,0,0,0.2529787122234559
TRN-0837,18.3588,19.32427502046957,-0.9654750204695723,0.9654750204695723,Invalid,1,0,0,0,0,-0.2118695594305926
TRN-0877,35.4263,36.38717151330131,-0.9608715133013135,0.9608715133013135,Valid,2,0,0,0,0,0.3215049052253178
TRN-0886,14.0527,15.012759877221491,-0.9600598772214912,0.9600598772214912,Valid,1,0,0,0,0,-0.2393351006570334
TRN-0741,39.7644,38.80654712240183,0.957852877598171,0.957852877598171,Valid,1,0,0,0,0,0.2019300786924684
TRN-0686,17.7028,18.656934891051115,-0.9541348910511154,0.9541348910511154,Valid,1,0,0,0,0,-0.506992399727725
TRN-0500,25.4269,24.473646616261984,0.9532533837380157,0.9532533837380157,Valid,2,0,0,0,0,-0.4851406785958527
TRN-0294,21.8126,20.8597089523411,0.9528910476588983,0.9528910476588983,Valid,2,0,0,0,0,-0.5356788063435829
TRN-0405,20.1763,21.127323313344426,-0.9510233133444252,0.9510233133444252,Valid,1,0,0,0,1,0.4652411742556239
TRN-0880,27.8627,26.911855939216224,0.9508440607837763,0.9508440607837763,Valid,1,0,0,0,0,-0.2182879598825629
TRN-0596,16.1452,15.194495240787214,0.9507047592127851,0.9507047592127851,Valid,1,0,0,0,1,-0.2514764720793678
TRN-0102,29.6686,28.719552404461748,0.9490475955382536,0.9490475955382536,Valid,0,0,0,0,0,-0.10219562951543
TRN-0529,31.6224,30.67446285347904,0.9479371465209603,0.9479371465209603,Invalid,1,0,0,0,0,0.2536414533816291
TRN-0009,23.3409,22.39595641560142,0.9449435843985796,0.9449435843985796,Invalid,0,0,0,1,0,-6.913131156281441
TRN-0726,16.4284,15.491050007137684,0.9373499928623161,0.9373499928623161,Valid,2,0,0,0,0,-0.053246428056731
TRN-0901,20.0391,20.974242882263606,-0.9351428822636052,0.9351428822636052,Valid,1,0,0,0,0,-0.0538737400901609
TRN-0883,19.4832,20.41689429365393,-0.9336942936539288,0.9336942936539288,Invalid,2,0,0,0,0,-0.004191183951697
TRN-0021,45.8638,46.79037091642673,-0.9265709164267335,0.9265709164267335,Valid,1,0,0,0,0,-0.670858606265103
TRN-0873,21.7451,22.670918877636108,-0.9258188776361074,0.9258188776361074,Valid,0,0,0,0,0,0.4464382241514784
TRN-0917,26.1378,27.060624359339787,-0.9228243593397885,0.9228243593397885,Valid,0,0,0,0,0,-0.2422941053752438
TRN-0820,30.4762,31.393775092892493,-0.9175750928924948,0.9175750928924948,Valid,2,0,0,0,0,0.3744635191799013
TRN-0024,28.5819,27.665456013059966,0.9164439869400347,0.9164439869400347,Valid,2,0,0,0,1,-0.3000435527251976
TRN-0718,45.356,44.44174668573824,0.9142533142617637,0.9142533142617637,Invalid,1,0,1,0,0,0.0779030795082551
TRN-0377,24.5441,25.456553602434003,-0.9124536024340024,0.9124536024340024,Valid,0,0,0,0,0,-0.2074078400530723
TRN-0540,39.5278,40.43749399329929,-0.9096939932992925,0.9096939932992925,Valid,1,0,0,0,0,0.4211604104187003
TRN-0645,27.7197,26.815591768558203,0.9041082314417963,0.9041082314417963,Valid,0,0,0,0,0,-0.375566823028798
TRN-0976,19.2066,20.110168056367044,-0.9035680563670425,0.9035680563670425,Valid,2,0,0,0,0,0.0577244551970252
TRN-0234,39.1209,38.21796538934353,0.902934610656466,0.902934610656466,Valid,1,0,0,0,0,-0.4524059873857204
TRN-0468,31.1116,32.01323025129217,-0.9016302512921719,0.9016302512921719,Invalid,0,0,0,0,0,-6.515350480095701
TRN-0719,13.4854,14.383394484674628,-0.8979944846746282,0.8979944846746282,Valid,1,0,0,0,0,-0.6164763825018449
TRN-0483,22.8391,23.73495172249644,-0.8958517224964417,0.8958517224964417,Valid,1,0,0,0,0,0.3658845835468085
TRN-0561,17.9232,18.818855293468665,-0.8956552934686641,0.8956552934686641,Invalid,2,0,0,0,0,-0.0045508345657729
TRN-0821,28.3474,29.2401300968053,-0.8927300968052982,0.8927300968052982,Valid,1,0,0,0,0,0.3559500667091697
TRN-0195,15.6746,16.566009201621153,-0.891409201621153,0.891409201621153,Valid,1,0,0,0,0,0.1081187395776765
TRN-0634,19.5508,20.441854400084264,-0.8910544000842648,0.8910544000842648,Valid,2,0,0,0,0,-0.2356909331160235
TRN-0532,20.069,20.958738590533173,-0.8897385905331738,0.8897385905331738,Valid,0,0,0,0,0,-0.6029499596034817
TRN-0318,27.6115,28.499140248309764,-0.887640248309765,0.887640248309765,Valid,1,0,0,0,0,0.4230772556190665
TRN-0427,25.4469,26.331065241084485,-0.8841652410844851,0.8841652410844851,Valid,0,0,0,0,0,0.117862235557375
TRN-0721,28.9001,28.02009581739346,0.8800041826065375,0.8800041826065375,Valid,2,0,0,0,0,0.0705320427461764
TRN-0225,21.316,20.441951270175075,0.8740487298249242,0.8740487298249242,Invalid,0,0,0,0,0,0.0471627578031004
TRN-0299,34.8475,35.71823065144525,-0.8707306514452569,0.8707306514452569,Valid,1,0,0,0,0,0.0367627129726813
TRN-0608,45.0975,45.96737087498138,-0.8698708749813804,0.8698708749813804,Valid,1,0,0,0,0,-0.1728782945134241
TRN-0616,16.6078,15.73920081869699,0.8685991813030114,0.8685991813030114,Valid,0,0,0,0,0,-0.3543350545132657
TRN-0545,17.7183,16.849916470240522,0.8683835297594769,0.8683835297594769,Valid,1,0,0,0,0,-0.1497150251301331
TRN-0362,20.6107,19.74244789616947,0.8682521038305318,0.8682521038305318,Valid,1,0,0,0,0,-0.3062743423121148
TRN-0648,27.754,28.61538406526974,-0.8613840652697391,0.8613840652697391,Valid,0,0,0,0,0,-0.0278077557605147
TRN-0557,16.9847,16.130367410971726,0.8543325890282745,0.8543325890282745,Invalid,2,0,0,0,0,0.4919672319010146
TRN-0694,26.5544,25.700321517967815,0.8540784820321861,0.8540784820321861,Valid,0,0,0,0,0,0.1719937940268412
TRN-0079,38.6996,39.552570801627745,-0.8529708016277482,0.8529708016277482,Valid,0,0,0,0,0,-0.3290308110285451
TRN-0328,23.2713,22.421803788430864,0.8494962115691358,0.8494962115691358,Valid,1,0,0,0,0,-0.0744464939945466
TRN-0270,17.1733,18.02087887249334,-0.8475788724933402,0.8475788724933402,Valid,0,0,0,0,0,-0.230983567538173
TRN-0366,30.8484,30.002203172431734,0.8461968275682672,0.8461968275682672,Valid,0,0,0,0,0,0.3107111918607756
TRN-0170,21.3338,22.177749150981736,-0.8439491509817358,0.8439491509817358,Valid,1,0,0,0,0,-0.0766996487869384
TRN-0242,26.6204,27.463401419205038,-0.8430014192050379,0.8430014192050379,Valid,0,0,0,0,0,0.2585579389122578
TRN-0447,16.3916,15.552130414835924,0.8394695851640765,0.8394695851640765,Valid,0,0,0,0,0,0.2240842808746919
TRN-0332,37.3545,38.1916550151042,-0.8371550151042015,0.8371550151042015,Valid,2,0,0,0,0,0.0672623773668839
TRN-0524,18.9352,19.771282303989558,-0.83608230398956,0.83608230398956,Valid,1,0,0,0,0,-0.0642369838319538
TRN-0209,30.7826,29.94769653164704,0.8349034683529588,0.8349034683529588,Invalid,0,0,0,0,0,-0.0685181765969424
TRN-0572,16.5207,15.692873734343252,0.8278262656567499,0.8278262656567499,Valid,2,0,0,0,0,0.3814411362580934
TRN-0050,25.2323,24.404636519421857,0.827663480578142,0.827663480578142,Valid,2,0,0,0,0,-0.0445558025928516
TRN-0348,17.3091,16.489141720529037,0.8199582794709634,0.8199582794709634,Valid,1,0,0,0,0,-0.7256799843263977
TRN-0244,23.4988,22.67915148588632,0.8196485141136804,0.8196485141136804,Valid,2,0,0,0,0,0.0635824817369599
TRN-0947,40.6902,39.87190595633303,0.8182940436669668,0.8182940436669668,Valid,1,0,0,0,0,-0.4969386714630452
TRN-0984,34.1487,33.33514083434314,0.813559165656855,0.813559165656855,Valid,1,0,0,0,0,0.2309241035917502
TRN-0046,20.5183,21.325521309817866,-0.8072213098178658,0.8072213098178658,Valid,1,0,0,0,0,-0.4776851231143855
TRN-0133,15.0277,15.834574076155645,-0.8068740761556459,0.8068740761556459,Valid,0,0,0,0,0,0.3813016746804685
TRN-0062,25.5005,26.30570655364552,-0.8052065536455224,0.8052065536455224,Valid,2,0,0,0,0,-0.1762001775439117
TRN-0831,43.4195,44.21833203402105,-0.7988320340210535,0.7988320340210535,Valid,0,0,0,0,0,-0.9516554609860606
TRN-0443,32.9683,33.76452206567415,-0.7962220656741508,0.7962220656741508,Valid,2,0,0,0,0,0.1626398367494932
TRN-0382,41.6252,42.418256565477904,-0.7930565654779045,0.7930565654779045,Valid,0,0,0,0,0,-0.109891042290064
TRN-0331,17.8132,18.604289828747657,-0.7910898287476584,0.7910898287476584,Valid,2,0,0,0,0,0.4832255221247852
TRN-0870,44.2781,43.48714266194362,0.7909573380563799,0.7909573380563799,Valid,0,0,0,0,0,-0.1565798387575796
TRN-0192,21.2644,22.055009031634544,-0.7906090316345455,0.7906090316345455,Valid,2,0,0,0,0,0.2653943500424951
TRN-0279,20.5945,21.38438597133938,-0.7898859713393804,0.7898859713393804,Valid,0,0,0,0,0,-0.2263298668698041
TRN-0146,15.9725,16.76216409267053,-0.789664092670531,0.789664092670531,Valid,2,0,0,0,0,0.4056360599326005
TRN-0174,18.0087,18.798324833933542,-0.7896248339335408,0.7896248339335408,Valid,1,0,0,0,0,0.2917032643488966
TRN-0438,13.9035,14.6921763845249,-0.7886763845249014,0.7886763845249014,Valid,0,0,0,0,0,-0.2138713144670134
TRN-0408,22.1385,21.350523559649414,0.7879764403505867,0.7879764403505867,Valid,0,0,0,0,0,0.2468277945852897
TRN-0998,26.9214,27.70929269511395,-0.7878926951139533,0.7878926951139533,Valid,0,0,0,0,0,0.3254551346910013
TRN-0340,17.1411,17.927819480963773,-0.7867194809637716,0.7867194809637716,Valid,0,0,0,0,0,0.1058251427989311
TRN-0794,16.3831,17.167246717429457,-0.7841467174294579,0.7841467174294579,Valid,2,0,0,0,0,0.6457325568466583
TRN-0213,27.5048,26.7209063733924,0.7838936266076004,0.7838936266076004,Valid,0,0,0,0,0,-0.5670674322365024
TRN-0136,39.9339,39.15049960273559,0.7834003972644084,0.7834003972644084,Valid,1,0,0,0,0,-0.2955792720541872
TRN-0603,17.5078,16.72444558579714,0.7833544142028579,0.7833544142028579,Valid,1,0,0,0,0,0.129226827439556
TRN-0446,36.2413,35.45924254304956,0.7820574569504402,0.7820574569504402,Valid,1,0,0,0,0,0.6945558180389639
TRN-0123,18.1844,18.96512261421931,-0.7807226142193109,0.7807226142193109,Valid,2,0,0,0,0,-0.0624535690014447
TRN-0380,25.6345,24.854347284999278,0.780152715000721,0.780152715000721,Valid,0,0,0,0,0,0.3581618441406409
TRN-0808,23.8244,23.045363920770747,0.7790360792292539,0.7790360792292539,Invalid,0,1,0,0,0,-0.0937451968294347
TRN-0306,25.4666,24.68844221709162,0.7781577829083801,0.7781577829083801,Valid,2,0,0,0,0,0.3421710814163159
TRN-0657,20.3016,21.074386664377823,-0.7727866643778221,0.7727866643778221,Valid,0,0,0,0,0,-0.149994217994223
TRN-0627,24.863,24.09084223824751,0.7721577617524886,0.7721577617524886,Valid,1,0,0,0,0,0.1108258577136727
TRN-0475,12.4217,13.192864878522741,-0.7711648785227414,0.7711648785227414,Valid,0,0,0,0,0,-0.2313910648861181
TRN-0709,54.4227,53.65846917118232,0.7642308288176807,0.7642308288176807,Valid,2,0,0,0,0,0.0536668772350488
TRN-0124,20.567,19.806134259120554,0.7608657408794457,0.7608657408794457,Invalid,0,0,0,0,0,0.1847430186864969
TRN-0214,19.1633,18.40445577456913,0.7588442254308703,0.7588442254308703,Valid,1,0,0,0,0,0.1331530719222087
TRN-0691,35.129,35.88658622309638,-0.7575862230963821,0.7575862230963821,Valid,0,0,0,0,0,0.1477312314366905
TRN-0635,33.4142,34.17141462712995,-0.7572146271299474,0.7572146271299474,Valid,1,0,0,0,0,-0.1105393001127588
TRN-0466,19.8007,20.55587754706786,-0.7551775470678592,0.7551775470678592,Valid,1,0,0,0,0,0.3317177762305974
TRN-0055,18.0216,17.269968524405755,0.7516314755942446,0.7516314755942446,Valid,1,0,0,0,0,0.2699664093342644
TRN-0289,17.4577,16.707552750249388,0.7501472497506114,0.7501472497506114,Valid,0,0,0,0,0,-0.1808952670203751
TRN-0884,17.7695,18.51947728004645,-0.7499772800464477,0.7499772800464477,Valid,1,0,0,0,0,-0.2292227777057629
TRN-0402,17.3125,18.0592708191124,-0.746770819112399,0.746770819112399,Invalid,1,0,0,0,0,-0.2991738775932262
TRN-0474,21.7249,22.471217944076187,-0.7463179440761856,0.7463179440761856,Valid,0,0,0,0,0,0.0932784106614939
TRN-0577,19.5382,20.28320081787014,-0.7450008178701388,0.7450008178701388,Valid,1,0,0,0,0,0.1927156953544653
TRN-0293,33.6492,32.90645761030052,0.7427423896994796,0.7427423896994796,Valid,1,0,0,0,0,-0.1233417116069475
TRN-0771,20.7145,21.45606022026635,-0.7415602202663507,0.7415602202663507,Valid,0,0,0,0,0,0.0694742044396825
TRN-0364,36.1226,36.86234702922945,-0.7397470292294486,0.7397470292294486,Valid,2,0,0,0,0,0.1509694370296959
TRN-0314,17.309,18.042872540387528,-0.7338725403875266,0.7338725403875266,Valid,0,0,0,0,0,-0.3302098909298774
TRN-0168,43.7129,42.980509780608976,0.7323902193910214,0.7323902193910214,Invalid,2,0,0,0,0,0.2721205195470872
TRN-0531,41.019,40.28716459823776,0.7318354017622397,0.7318354017622397,Valid,1,0,0,0,0,0.3255629262592805
TRN-0493,18.2107,17.481683312672693,0.7290166873273058,0.7290166873273058,Valid,2,0,0,0,0,0.1056086523533093
TRN-0729,22.7879,22.061454805844452,0.7264451941555485,0.7264451941555485,Valid,1,0,0,0,0,0.7817817352697887
TRN-0467,22.49,21.764404538129725,0.7255954618702738,0.7255954618702738,Valid,2,0,0,0,0,0.2591194265517949
TRN-0310,34.339,35.06269733852015,-0.7236973385201537,0.7236973385201537,Valid,0,0,0,0,0,-0.035901621030554
TRN-0666,21.455,20.732399875055105,0.7226001249448935,0.7226001249448935,Valid,0,0,0,0,0,0.198288293799429
TRN-0964,19.9834,20.70352901687563,-0.7201290168756316,0.7201290168756316,Valid,2,0,0,0,1,0.3275892450926942
TRN-0973,22.3777,21.657576441014264,0.7201235589857369,0.7201235589857369,Valid,1,0,0,0,0,0.0427942580063991
TRN-0101,25.5682,26.28783535575291,-0.71963535575291,0.71963535575291,Valid,1,0,0,0,0,-0.6130807525921362
TRN-0485,14.2112,14.929697856591098,-0.7184978565910978,0.7184978565910978,Valid,1,0,0,0,0,-0.4266595286606982
TRN-0830,53.7412,53.02304706293679,0.7181529370632092,0.7181529370632092,Valid,1,0,0,0,0,-0.105028809543068
TRN-0120,49.6937,48.976693759560604,0.717006240439396,0.717006240439396,Invalid,0,0,0,1,0,-7.268780090719709
TRN-0863,12.5632,13.275209328991757,-0.7120093289917566,0.7120093289917566,Valid,2,0,0,0,0,-0.3007855915841713
TRN-0360,28.4009,29.11221499054591,-0.7113149905459117,0.7113149905459117,Valid,0,0,0,0,0,0.1610537906938454
TRN-0559,34.3654,35.07531392873769,-0.7099139287376914,0.7099139287376914,Valid,1,0,0,0,0,-0.2794562612500755
TRN-0949,15.0201,15.729706885092536,-0.709606885092537,0.709606885092537,Valid,2,0,0,0,0,-0.2940540467324837
TRN-0764,23.6919,24.39987814779206,-0.7079781477920584,0.7079781477920584,Valid,2,0,0,0,0,-0.0483024110495939
TRN-0671,26.3962,27.103868326320086,-0.7076683263200856,0.7076683263200856,Valid,2,0,0,0,1,-0.2117740143498103
TRN-0286,14.8376,14.130507174521592,0.7070928254784086,0.7070928254784086,Valid,0,0,0,0,0,-0.4419355120544637
TRN-0347,23.7916,23.086963434321937,0.7046365656780615,0.7046365656780615,Valid,2,0,0,0,0,0.313524866444979
TRN-0539,16.8214,16.117210393215984,0.7041896067840163,0.7041896067840163,Valid,1,0,0,0,0,-0.351367131181636
TRN-0319,25.6472,26.350704397808354,-0.7035043978083522,0.7035043978083522,Valid,0,0,0,0,0,-0.3937694963753699
TRN-0153,28.3823,27.68388948703151,0.6984105129684899,0.6984105129684899,Valid,0,0,0,0,0,-1.0738458858384732
TRN-0828,17.4859,18.183343746848355,-0.6974437468483536,0.6974437468483536,Valid,0,0,0,0,1,0.1870247437268464
TRN-0795,32.7368,33.43340720438649,-0.6966072043864884,0.6966072043864884,Valid,0,0,0,0,0,0.1963423421796868
TRN-0040,19.5066,18.81125493846744,0.69534506153256,0.69534506153256,Invalid,1,0,0,0,0,0.5366580159695928
TRN-0769,23.1383,22.443575131183408,0.6947248688165928,0.6947248688165928,Valid,0,0,0,0,0,0.2407030494142823
TRN-0712,19.2082,19.89282646367635,-0.6846264636763486,0.6846264636763486,Valid,0,0,0,0,0,-0.0742219809094137
TRN-0459,41.8715,41.18898604089269,0.682513959107304,0.682513959107304,Valid,2,0,0,0,0,0.0550170134841092
TRN-0641,37.4487,38.12823259196456,-0.6795325919645592,0.6795325919645592,Valid,2,0,0,0,0,0.0666151317331298
TRN-0898,21.6868,21.008883732896148,0.6779162671038534,0.6779162671038534,Valid,1,0,0,0,0,0.6852739294195551
TRN-0855,37.0514,36.37646187504655,0.6749381249534494,0.6749381249534494,Valid,2,0,0,0,0,0.0102198851777224
TRN-0755,16.6688,15.995854948678247,0.6729450513217543,0.6729450513217543,Invalid,2,0,0,0,0,-9.283601815342257
TRN-0325,19.3421,18.669524325504142,0.6725756744958566,0.6725756744958566,Valid,1,0,0,0,0,-0.0143638545423563
TRN-0030,29.1257,28.45380116462583,0.6718988353741686,0.6718988353741686,Valid,1,0,0,0,0,-0.1187365206008799
TRN-0988,16.6707,17.339001706482193,-0.6683017064821932,0.6683017064821932,Valid,1,0,0,0,0,0.76514352659078
TRN-0682,18.6498,17.98159077013081,0.6682092298691877,0.6682092298691877,Invalid,0,0,0,0,0,-16.56744086904024
TRN-0094,19.4108,20.073398295547435,-0.6625982955474363,0.6625982955474363,Valid,1,0,0,0,0,0.3221691879031461
TRN-0629,14.9091,15.570265562893562,-0.6611655628935615,0.6611655628935615,Valid,0,0,0,0,0,-0.1669176664357241
TRN-0112,15.6204,14.968458431876961,0.6519415681230392,0.6519415681230392,Valid,0,0,0,0,0,0.172275011021215
TRN-0208,31.0727,31.724591435049756,-0.6518914350497553,0.6518914350497553,Valid,1,0,0,0,0,-0.2136490692107315
TRN-0592,16.7186,17.370422740078094,-0.6518227400780958,0.6518227400780958,Valid,0,0,0,0,0,0.0269871818646905
TRN-0644,15.8306,15.181497407783755,0.649102592216245,0.649102592216245,Valid,0,0,0,0,0,0.213503698638334
TRN-0549,17.3213,17.97006596111321,-0.6487659611132095,0.6487659611132095,Valid,2,0,0,0,0,-0.0724597784882945
TRN-0458,23.0209,23.66932701706079,-0.64842701706079,0.64842701706079,Invalid,2,0,0,0,0,0.0263450973772911
TRN-0135,18.4965,17.8499402495523,0.6465597504477003,0.6465597504477003,Invalid,0,0,0,0,0,-0.162919259315398
TRN-0251,53.6774,53.03387878609456,0.6435212139054372,0.6435212139054372,Valid,1,0,0,0,0,0.3215733423133144
TRN-0786,42.5382,41.89490461506668,0.6432953849333245,0.6432953849333245,Valid,2,0,0,0,0,0.0563251701493427
TRN-0541,36.989,37.631106069636424,-0.6421060696364265,0.6421060696364265,Valid,0,0,0,0,0,-0.1451593937905677
TRN-0882,19.8233,20.464716361896276,-0.641416361896276,0.641416361896276,Valid,1,0,0,0,0,0.6805879066386851
TRN-0736,20.9866,20.346404373581866,0.6401956264181337,0.6401956264181337,Valid,0,0,0,0,0,-0.0062512442696309
TRN-0672,36.7346,37.37334846893558,-0.6387484689355816,0.6387484689355816,Valid,1,0,0,0,0,-0.1608332989297558
TRN-0537,26.1312,25.494417377003735,0.6367826229962645,0.6367826229962645,Valid,0,0,0,0,0,-0.1095290187404423
TRN-0395,26.0598,26.691185718186254,-0.6313857181862552,0.6313857181862552,Valid,2,0,0,0,0,-0.2805575923304566
TRN-0265,19.6328,20.26071690216934,-0.6279169021693392,0.6279169021693392,Valid,1,0,0,0,0,0.5293518946252505
TRN-0564,15.0896,14.462130480608888,0.6274695193911128,0.6274695193911128,Valid,2,0,0,0,0,0.3466097159182357
TRN-0563,23.4619,22.836032209700768,0.6258677902992318,0.6258677902992318,Valid,2,0,0,0,0,0.1408370652735993
TRN-0365,48.6475,49.273209195804945,-0.6257091958049443,0.6257091958049443,Valid,2,0,0,0,0,0.0458518819300692
TRN-0555,20.6918,21.316769063201235,-0.6249690632012346,0.6249690632012346,Valid,2,0,0,0,0,0.3858709619405296
TRN-0114,26.4238,25.801638392046183,0.6221616079538173,0.6221616079538173,Valid,2,0,0,0,0,0.2979723105417129
TRN-0455,46.962,47.582400973411296,-0.620400973411293,0.620400973411293,Valid,1,0,0,0,0,0.2882049631600196
TRN-0935,29.1563,29.77642659677811,-0.6201265967781069,0.6201265967781069,Invalid,1,0,0,0,0,7.063869693953039
TRN-0125,20.6012,19.98179156356231,0.6194084364376877,0.6194084364376877,Valid,2,0,0,0,0,0.1883980765870934
TRN-0697,22.287,22.90631161529098,-0.6193116152909823,0.6193116152909823,Valid,2,0,0,0,0,0.1027006302889574
TRN-0449,47.5433,46.924191068310705,0.619108931689297,0.619108931689297,Valid,0,0,0,0,0,0.1802741112530093
TRN-0497,19.733,20.35068689310548,-0.6176868931054784,0.6176868931054784,Valid,1,0,0,0,0,0.1621063894059453
TRN-0806,46.4182,45.80116334506223,0.6170366549377704,0.6170366549377704,Valid,1,0,0,0,0,0.2921071106138235
TRN-0952,17.1858,17.801617267874047,-0.6158172678740463,0.6158172678740463,Valid,1,0,0,0,0,-0.2205819374569912
TRN-0367,45.131,44.516473010565846,0.6145269894341538,0.6145269894341538,Valid,2,0,0,0,0,0.3036744031026153
TRN-0253,22.5182,21.904073920935954,0.6141260790640466,0.6141260790640466,Valid,1,0,0,0,0,0.186844075245947
TRN-0282,16.3934,15.780299595071154,0.6131004049288453,0.6131004049288453,Valid,1,0,0,0,0,0.0910620120082619
TRN-0301,51.0155,50.40527253862833,0.6102274613716716,0.6102274613716716,Invalid,1,0,0,0,0,0.311214500561114
TRN-0869,28.7862,29.395596299133555,-0.6093962991335538,0.6093962991335538,Valid,0,0,0,0,0,-0.5184490734581928
TRN-0725,12.1006,12.708907667287152,-0.6083076672871517,0.6083076672871517,Valid,2,0,0,0,0,0.1093269374710601
TRN-0867,17.0184,16.411429952681047,0.6069700473189528,0.6069700473189528,Valid,1,0,0,0,1,0.0223417639395737
TRN-0919,21.2594,21.8653364109942,-0.6059364109942003,0.6059364109942003,Valid,1,0,0,0,0,0.2033114125995396
TRN-0868,55.1412,54.536660994230026,0.604539005769972,0.604539005769972,Valid,2,0,0,0,0,-0.3947829955788933
TRN-0845,18.2318,17.628317308208516,0.6034826917914842,0.6034826917914842,Valid,1,0,0,0,0,-0.2561582484336959
TRN-0193,39.5565,40.15887290067007,-0.6023729006700691,0.6023729006700691,Valid,1,0,0,0,0,0.0087477081173883
TRN-0487,23.6253,23.023131657874544,0.6021683421254558,0.6021683421254558,Valid,1,0,0,0,0,0.3369269008301785
TRN-0523,14.6204,15.221550385067765,-0.6011503850677649,0.6011503850677649,Invalid,1,0,0,0,0,-0.2775569978964594
TRN-0854,13.2914,13.891891772335322,-0.6004917723353227,0.6004917723353227,Valid,1,0,0,0,0,0.1773395345733828
TRN-0986,17.9657,17.365395527084402,0.600304472915596,0.600304472915596,Valid,1,0,0,0,0,0.3649604739314362
TRN-0399,13.2902,13.886272541540505,-0.5960725415405044,0.5960725415405044,Valid,1,0,0,0,0,-0.2579245489794548
TRN-0345,15.9588,15.363779792867719,0.595020207132281,0.595020207132281,Valid,1,0,0,0,0,-0.0615525851198857
TRN-0614,48.5665,49.161127118963954,-0.594627118963956,0.594627118963956,Valid,2,0,0,0,0,-0.21319453937177
TRN-0833,12.4673,13.061793940354667,-0.594493940354667,0.594493940354667,Valid,2,0,0,0,0,0.1638137895417184
TRN-0776,19.2865,19.878671532024175,-0.5921715320241745,0.5921715320241745,Valid,2,0,0,0,0,0.7322722984500025
TRN-0679,39.1206,38.5296026837253,0.5909973162747022,0.5909973162747022,Valid,1,0,0,0,0,-0.4642454261752213
TRN-0606,31.1359,30.545514559286364,0.5903854407136357,0.5903854407136357,Valid,0,0,0,0,0,-0.0013001699342893
TRN-0889,34.8501,35.43622573827584,-0.5861257382758396,0.5861257382758396,Valid,0,0,0,0,0,0.434047781457533
TRN-0966,13.3057,13.891819573786758,-0.5861195737867586,0.5861195737867586,Valid,2,0,0,0,0,-0.2064404614510682
TRN-0044,52.5159,51.92993160570277,0.5859683942972325,0.5859683942972325,Valid,0,0,0,0,0,-0.2665012825538717
TRN-0210,23.9181,24.502231486519072,-0.5841314865190732,0.5841314865190732,Valid,0,0,0,0,0,0.0766114770040147
TRN-0906,34.7399,34.15726519856228,0.5826348014377203,0.5826348014377203,Valid,0,0,0,0,0,0.2483169954192625
TRN-0262,22.15,21.56738328614979,0.5826167138502072,0.5826167138502072,Valid,1,0,0,0,0,0.4885746625356475
TRN-0717,19.068,19.649234217295916,-0.5812342172959148,0.5812342172959148,Valid,1,0,0,0,0,0.0628011768062783
TRN-0430,19.0719,19.647361870237237,-0.5754618702372376,0.5754618702372376,Valid,0,0,0,0,0,-0.0058619225643425
TRN-0826,20.0595,19.48526134304419,0.57423865695581,0.57423865695581,Valid,0,0,0,0,0,-0.6124475981540272
TRN-0025,22.9904,22.417270867952602,0.5731291320473986,0.5731291320473986,Invalid,0,0,0,0,0,-0.1201311827868796
TRN-0910,16.575,16.00477520475596,0.5702247952440409,0.5702247952440409,Valid,2,0,0,0,0,-0.2514514361525215
TRN-0222,43.3669,43.935286326503956,-0.5683863265039548,0.5683863265039548,Valid,0,0,0,0,0,0.0973444910860035
TRN-0909,16.3132,15.747173873828444,0.566026126171554,0.566026126171554,Valid,1,0,0,0,0,-0.2131677576019051
TRN-0807,25.0497,24.483813037686968,0.5658869623130336,0.5658869623130336,Valid,0,0,0,0,0,-0.4670266469928705
TRN-0288,15.9873,15.42235123319465,0.5649487668053492,0.5649487668053492,Valid,0,0,0,0,1,0.1581469018897969
TRN-0418,17.4674,18.03026855358936,-0.5628685535893574,0.5628685535893574,Valid,1,0,0,0,0,-0.0106183989658124
TRN-0275,17.1723,17.734045248148878,-0.5617452481488776,0.5617452481488776,Valid,1,0,0,0,0,-0.6991386592618287
TRN-0705,12.5064,13.068064713934888,-0.5616647139348885,0.5616647139348885,Valid,2,0,0,0,0,-0.353569433947646
TRN-0905,20.3892,20.950774863224968,-0.5615748632249691,0.5615748632249691,Valid,2,0,0,0,0,-0.2163734517572102
TRN-0534,38.8217,39.3787795202716,-0.5570795202715999,0.5570795202715999,Valid,1,0,0,0,0,0.043424414914126
TRN-0593,20.6349,21.191559761307982,-0.5566597613079836,0.5566597613079836,Valid,0,0,0,0,0,-0.5420099236996858
TRN-0338,17.556,18.112116310891658,-0.5561163108916567,0.5561163108916567,Valid,2,0,0,0,0,-0.016779112124194
TRN-0723,17.7216,18.277198015244284,-0.5555980152442856,0.5555980152442856,Valid,0,0,0,0,0,-0.0955201159479059
TRN-0308,21.1597,21.714956430002072,-0.5552564300020713,0.5552564300020713,Valid,1,0,0,0,0,0.3778486281008923
TRN-0416,25.4373,24.8826224889323,0.5546775110677018,0.5546775110677018,Valid,0,0,0,0,1,-0.0102396953895649
TRN-0804,41.155,40.60078763397464,0.5542123660253608,0.5542123660253608,Valid,0,0,0,0,0,-0.0196695620587128
TRN-0784,15.9125,16.466497113517903,-0.5539971135179034,0.5539971135179034,Valid,1,0,0,0,0,0.4591370872949358
TRN-0932,22.5047,23.057127805513435,-0.5524278055134353,0.5524278055134353,Valid,1,0,0,0,0,0.1906435738407452
TRN-0352,15.1699,15.72090111163572,-0.5510011116357205,0.5510011116357205,Valid,1,0,0,0,0,-0.2143506412441116
TRN-0791,19.3063,19.85657854814799,-0.5502785481479897,0.5502785481479897,Valid,1,0,0,0,0,-0.1968814343481604
TRN-0940,15.3632,14.816434097309472,0.5467659026905292,0.5467659026905292,Valid,1,0,0,0,0,-0.0069427803977806
TRN-0243,16.775,17.320409951206067,-0.5454099512060679,0.5454099512060679,Valid,2,0,0,0,0,0.0787026259063097
TRN-0061,31.9481,31.403022103389645,0.5450778966103549,0.5450778966103549,Valid,1,0,0,0,0,0.0443133078836623
TRN-0701,38.0511,38.59580601558315,-0.5447060155831522,0.5447060155831522,Valid,1,0,0,0,0,-0.000326431917017
TRN-0582,24.3289,23.784358798362067,0.5445412016379336,0.5445412016379336,Valid,1,0,0,0,0,0.1577314010322972
TRN-0407,17.5448,17.001588097420733,0.5432119025792659,0.5432119025792659,Valid,1,0,0,0,0,0.1345357007011003
TRN-0613,19.9859,19.443023910527458,0.5428760894725428,0.5428760894725428,Valid,1,0,0,0,0,0.4892754911479819
TRN-0722,16.6493,16.110124381630357,0.5391756183696437,0.5391756183696437,Valid,1,0,0,0,0,0.1199708541617763
TRN-0827,27.8574,27.318385946886103,0.5390140531138954,0.5390140531138954,Valid,2,0,0,0,0,0.3792213573482197
TRN-0647,23.9903,24.526009068785584,-0.5357090687855823,0.5357090687855823,Valid,2,0,0,0,0,-0.2018730977085674
TRN-0580,33.0419,33.57697525571111,-0.5350752557111136,0.5350752557111136,Valid,2,0,0,0,0,0.2862075736231908
TRN-0387,54.9288,54.397156788037265,0.5316432119627379,0.5316432119627379,Valid,0,0,0,0,0,0.0190392001919335
TRN-0342,20.871,20.34233341608232,0.5286665839176798,0.5286665839176798,Valid,1,0,0,0,0,-0.2369829846467936
TRN-0856,38.1997,37.67224864061309,0.5274513593869088,0.5274513593869088,Invalid,0,0,0,0,0,0.0082404287200219
TRN-0520,17.8961,18.423450245113944,-0.5273502451139436,0.5273502451139436,Valid,0,0,0,0,0,-0.5837962501984748
TRN-0558,15.0884,15.613209550103834,-0.5248095501038339,0.5248095501038339,Valid,1,0,0,0,0,0.4382783426434482
TRN-0134,18.4064,18.929443357748713,-0.5230433577487119,0.5230433577487119,Valid,1,0,0,0,0,0.1513481771700604
TRN-0358,24.2571,24.77720042773323,-0.5201004277332295,0.5201004277332295,Invalid,1,0,0,0,0,-0.0733726608943818
TRN-0254,29.6875,30.207444926447277,-0.5199449264472769,0.5199449264472769,Invalid,2,0,0,0,0,0.3027437862593025
TRN-0892,17.6804,18.198865279473,-0.518465279473002,0.518465279473002,Valid,1,0,0,0,0,-0.3474841149841143
TRN-0840,15.7433,15.227552002283574,0.5157479977164261,0.5157479977164261,Valid,0,0,0,0,0,-0.044444967606811
TRN-0527,18.5575,19.071055533696438,-0.5135555336964366,0.5135555336964366,Valid,2,0,0,0,0,0.4619823663244595
TRN-0386,33.0113,32.49823419393481,0.5130658060651854,0.5130658060651854,Valid,0,0,0,0,0,0.3624585500734127
TRN-0165,25.6903,25.18086772531558,0.5094322746844213,0.5094322746844213,Valid,1,0,0,0,0,0.0984919313757224
TRN-0866,14.4958,15.005133956604089,-0.50933395660409,0.50933395660409,Invalid,1,0,0,0,0,-0.0213344281090837
TRN-0852,40.6205,41.129599300591515,-0.5090993005915152,0.5090993005915152,Valid,2,0,0,0,1,0.0305629976986878
TRN-0143,25.9811,25.472682216194034,0.5084177838059674,0.5084177838059674,Invalid,1,0,0,0,0,0.2562820676928936
TRN-0642,17.9536,18.457081518867074,-0.5034815188670727,0.5034815188670727,Invalid,1,0,0,0,0,0.1941291397654971
TRN-0219,27.1426,27.645720360484514,-0.5031203604845125,0.5031203604845125,Valid,0,0,0,0,0,0.2257904852158745
TRN-0110,27.8569,28.359568617515343,-0.5026686175153436,0.5026686175153436,Valid,1,0,0,0,0,0.4868553541705438
TRN-0052,19.7674,19.266672066209132,0.5007279337908663,0.5007279337908663,Valid,1,0,0,0,0,0.4409670049086251
TRN-0183,21.0361,21.535874633675544,-0.49977463367554265,0.49977463367554265,Valid,0,0,0,0,0,0.0981181231834718
TRN-0450,23.8166,23.317193240666366,0.49940675933363465,0.49940675933363465,Valid,2,0,0,0,0,0.0660265404451294
TRN-0516,29.074,29.572040404365467,-0.49804040436546515,0.49804040436546515,Valid,1,0,0,0,0,0.26911023918462
TRN-0015,45.2592,45.756773649848085,-0.4975736498480856,0.4975736498480856,Valid,2,0,0,0,0,-0.2102976503663818
TRN-0060,28.3885,28.885637460380327,-0.49713746038032625,0.49713746038032625,Valid,2,0,0,0,0,-0.0641744922865754
TRN-0980,33.6704,34.167480136505546,-0.49708013650554506,0.49708013650554506,Valid,2,0,0,0,0,-0.3351016044910828
TRN-0568,14.8344,15.331093291565944,-0.49669329156594344,0.49669329156594344,Valid,0,0,0,0,0,0.2136082361995086
TRN-0337,37.6123,38.108992226505045,-0.4966922265050471,0.4966922265050471,Valid,0,0,0,0,0,-0.1859026328183439
TRN-0896,16.8823,16.38965797169074,0.4926420283092625,0.4926420283092625,Valid,2,0,0,0,0,0.8686315638474102
TRN-0954,28.6045,29.09694115431049,-0.4924411543104874,0.4924411543104874,Valid,1,0,0,0,0,0.2704784743675414
TRN-0229,20.6136,21.104752792068627,-0.4911527920686254,0.4911527920686254,Valid,0,0,0,0,0,0.15390962300987
TRN-0739,34.6014,34.11108333834411,0.49031666165588916,0.49031666165588916,Valid,2,0,0,0,1,0.0540511021227345
TRN-0258,24.268,24.757833246617707,-0.48983324661770666,0.48983324661770666,Valid,2,0,0,0,0,-0.0209314150236803
TRN-0316,19.7399,19.251662435944784,0.4882375640552148,0.4882375640552148,Valid,0,0,0,0,0,-0.6735518210514968
TRN-0482,15.6428,15.157149542139658,0.48565045786034133,0.48565045786034133,Valid,1,0,0,0,0,-0.0531523055910838
TRN-0772,23.1953,23.67893536862477,-0.4836353686247712,0.4836353686247712,Valid,1,0,0,0,0,0.3062878686365984
TRN-0770,40.2031,40.686032247435385,-0.4829322474353859,0.4829322474353859,Valid,2,0,0,0,0,-0.6394540630998442
TRN-0609,21.5634,22.046089212566883,-0.482689212566882,0.482689212566882,Valid,1,0,0,0,0,-0.4073995948955655
TRN-0931,16.1916,15.711142869261662,0.48045713073833873,0.48045713073833873,Valid,2,0,0,0,0,0.0691335847276466
TRN-0167,14.3812,14.859768050641028,-0.47856805064102836,0.47856805064102836,Invalid,0,0,0,0,0,-0.081900886602563
TRN-0928,36.6371,37.11399936385853,-0.4768993638585357,0.4768993638585357,Valid,0,0,0,0,0,0.0633048576459742
TRN-0787,20.2559,20.73159095024532,-0.47569095024531904,0.47569095024531904,Valid,0,0,0,0,0,-0.6958152524065575
TRN-0097,17.5511,17.07649862969029,0.4746013703097134,0.4746013703097134,Invalid,2,0,0,0,0,-11.726946620308087
TRN-0656,17.7576,18.23122230402367,-0.4736223040236709,0.4736223040236709,Valid,2,0,0,0,0,0.2774041315730038
TRN-0390,33.9185,34.39047244077511,-0.4719724407751116,0.4719724407751116,Valid,0,0,0,0,0,0.2159026502841712
TRN-0974,16.6652,16.194624385988465,0.47057561401153336,0.47057561401153336,Valid,2,0,0,0,0,0.090842284382111
TRN-0971,16.9186,16.44814704085354,0.4704529591464599,0.4704529591464599,Valid,2,0,0,0,0,0.6057951109318953
TRN-0479,18.1799,18.649126761621364,-0.4692267616213641,0.4692267616213641,Invalid,1,0,0,0,0,0.4404040854466871
TRN-0315,17.1108,17.57819511119916,-0.4673951111991599,0.4673951111991599,Valid,2,0,0,0,0,-0.1969345817685823
TRN-0327,25.7542,26.220496696704203,-0.4662966967042017,0.4662966967042017,Valid,2,0,0,0,0,0.0376841323237684
TRN-0232,20.0864,19.62017988466136,0.46622011533863983,0.46622011533863983,Valid,1,0,0,0,0,0.0879999156367894
TRN-0994,29.066,29.53196013625164,-0.4659601362516419,0.4659601362516419,Valid,0,0,0,0,0,0.494593927887017
TRN-0080,43.3474,42.88160417555911,0.46579582444088885,0.46579582444088885,Valid,1,0,0,0,0,0.0507887331088241
TRN-0864,41.152,41.61673109901627,-0.4647310990162694,0.4647310990162694,Valid,0,0,0,0,0,0.0492082623246439
TRN-0858,35.2273,35.68986392802745,-0.46256392802744983,0.46256392802744983,Valid,1,0,0,0,0,0.1653095854009691
TRN-0491,15.6403,15.177949754660093,0.4623502453399073,0.4623502453399073,Valid,1,0,0,0,0,-0.094782097207986
TRN-0967,19.7664,19.304272932212765,0.462127067787236,0.462127067787236,Valid,0,0,0,0,0,-0.0949779723423205
TRN-0435,16.4881,16.026677080419688,0.46142291958031123,0.46142291958031123,Valid,1,0,0,0,0,0.5851484942837057
TRN-0778,17.9512,18.410517574723215,-0.4593175747232152,0.4593175747232152,Valid,2,0,0,0,0,-0.1712706015489935
TRN-0246,42.2102,41.751008457026316,0.45919154297368436,0.45919154297368436,Valid,0,0,0,0,0,0.0815110127618439
TRN-0002,17.3604,17.818534144778052,-0.4581341447780538,0.4581341447780538,Valid,0,0,0,0,0,-0.5569554194577755
TRN-0406,21.013,21.467059902872958,-0.45405990287295594,0.45405990287295594,Invalid,0,0,0,0,0,0.3346893659717551
TRN-0010,25.8781,26.331458671189477,-0.45335867118947704,0.45335867118947704,Valid,1,0,0,0,0,0.0502187568766139
TRN-0872,21.4579,21.911025981192882,-0.4531259811928834,0.4531259811928834,Invalid,1,1,0,0,0,0.7181171108556832
TRN-0206,17.0176,17.468458813727164,-0.4508588137271623,0.4508588137271623,Valid,2,0,0,0,0,0.2426113366367666
TRN-0556,21.8063,21.355765053008714,0.4505349469912865,0.4505349469912865,Valid,1,0,0,0,0,0.2861512230066338
TRN-0507,23.1349,22.68489746806605,0.4500025319339471,0.4500025319339471,Valid,0,0,0,0,0,0.273996082164242
TRN-0492,53.2122,53.661188859805364,-0.4489888598053611,0.4489888598053611,Valid,0,0,0,0,0,0.1628601258646966
TRN-0756,17.5281,17.9748706439479,-0.4467706439479002,0.4467706439479002,Valid,1,0,0,0,0,-0.0153145509403103
TRN-0090,18.5905,19.035368954892146,-0.4448689548921472,0.4448689548921472,Valid,2,0,0,0,0,-0.1144993805826715
TRN-0839,26.1826,25.73801758060142,0.4445824193985821,0.4445824193985821,Invalid,1,0,0,0,0,-0.1506539515311722
TRN-0321,44.1173,43.67508092811439,0.44221907188561005,0.44221907188561005,Invalid,0,0,0,0,0,-15.726476144549338
TRN-0302,19.6812,20.122727236212096,-0.4415272362120959,0.4415272362120959,Valid,2,0,0,0,0,-0.2554616208933069
TRN-0147,23.809,24.249478756457552,-0.4404787564575514,0.4404787564575514,Valid,2,0,0,0,0,0.2339906410866099
TRN-0453,33.1281,32.68870090323803,0.4393990967619743,0.4393990967619743,Valid,0,0,0,0,0,0.2802616324693296
TRN-0255,17.2442,16.805108966527012,0.4390910334729874,0.4390910334729874,Valid,1,0,0,0,0,0.1841915524186461
TRN-0228,13.6425,14.080442439658594,-0.4379424396585936,0.4379424396585936,Valid,2,0,0,0,0,-0.3864029159593691
TRN-0122,23.0595,23.49728411117701,-0.43778411117700955,0.43778411117700955,Valid,0,0,0,0,0,-0.1755460417412102
TRN-0022,21.5988,22.036420208961502,-0.43762020896150133,0.43762020896150133,Valid,2,0,0,0,0,-0.0276808547882616
TRN-0115,23.0506,23.48784052247846,-0.43724052247846146,0.43724052247846146,Valid,1,0,0,0,0,-0.0647487699566333
TRN-0569,38.7324,39.169628909883954,-0.4372289098839559,0.4372289098839559,Valid,2,0,0,0,0,-0.5680187918218031
TRN-0583,27.6727,28.108863224167777,-0.4361632241677782,0.4361632241677782,Valid,2,0,0,0,0,0.159031467984132
TRN-0753,26.0354,26.471043026160295,-0.43564302616029593,0.43564302616029593,Valid,0,0,0,0,0,0.2621924576044403
TRN-0788,18.6948,18.261750920695924,0.43304907930407666,0.43304907930407666,Valid,2,0,0,0,0,-0.0952887744796022
TRN-0689,22.6997,22.26774241854785,0.43195758145214924,0.43195758145214924,Valid,1,0,0,0,0,0.283863750588381
TRN-0268,20.7222,20.291341959734158,0.43085804026584285,0.43085804026584285,Valid,1,0,0,0,0,0.2196667864452486
TRN-0737,17.8267,18.257545099500188,-0.4308450995001891,0.4308450995001891,Invalid,0,0,0,0,0,0.215975862065946
TRN-0389,22.432,22.00313492462852,0.4288650753714798,0.4288650753714798,Valid,1,0,0,0,0,-0.4667626678062806
TRN-0508,17.6239,17.19518066135085,0.4287193386491488,0.4287193386491488,Invalid,1,0,0,0,0,-13.140437114865918
TRN-0091,23.2446,23.670639867017087,-0.4260398670170886,0.4260398670170886,Valid,0,0,0,0,0,-0.3729932987910569
TRN-0039,27.3712,27.796838619579514,-0.4256386195795123,0.4256386195795123,Invalid,2,0,0,0,0,0.482765105081965
TRN-0982,14.96,15.382657951523512,-0.4226579515235116,0.4226579515235116,Valid,1,0,0,0,0,-0.2187810658083417
TRN-0001,20.1476,19.725621367050255,0.42197863294974525,0.42197863294974525,Valid,2,0,0,0,0,0.157983131503844
TRN-0942,42.6685,43.08952331586665,-0.4210233158666483,0.4210233158666483,Invalid,0,0,0,0,0,6.9292697818716285
TRN-0452,39.034,39.45409989909898,-0.4200998990989788,0.4200998990989788,Valid,0,0,0,0,0,-0.1433372469051406
TRN-0903,16.0267,16.44634819337647,-0.4196481933764673,0.4196481933764673,Valid,2,0,0,0,0,-0.0213216676022405
TRN-0152,26.2554,25.838539387036505,0.41686061296349664,0.41686061296349664,Valid,1,0,0,0,0,0.1209634706434279
TRN-0266,38.6543,38.23844436964958,0.4158556303504213,0.4158556303504213,Valid,0,0,0,0,0,-0.1726286249231012
TRN-0767,35.2858,34.87296774281589,0.41283225718411387,0.41283225718411387,Valid,0,0,0,0,0,0.3593642498453135
TRN-0742,21.1804,20.768325219975317,0.4120747800246818,0.4120747800246818,Valid,2,0,0,0,0,0.3557000822384921
TRN-0777,41.548,41.9596557524503,-0.41165575245030084,0.41165575245030084,Valid,1,0,0,0,0,-0.4327345636118505
TRN-0343,18.4245,18.835250849704796,-0.41075084970479736,0.41075084970479736,Valid,0,0,0,0,0,-0.2875349696616851
TRN-0065,37.4703,37.05991004732289,0.4103899526771144,0.4103899526771144,Valid,1,0,0,0,0,-0.1249409330738906
TRN-0241,25.6781,26.08421848496415,-0.40611848496414993,0.40611848496414993,Valid,0,0,0,0,0,-0.086432007025035
TRN-0993,54.5231,54.92875583192327,-0.40565583192326926,0.40565583192326926,Valid,1,0,0,0,0,0.1262909550851993
TRN-0304,17.0368,17.442373423029657,-0.40557342302965793,0.40557342302965793,Invalid,2,0,0,0,0,-0.0056832167366032
TRN-0138,17.5449,17.950305454607125,-0.40540545460712707,0.40540545460712707,Valid,1,0,0,0,0,0.2876622301061058
TRN-0417,25.9572,26.361683366151603,-0.4044833661516023,0.4044833661516023,Valid,2,0,0,0,0,0.087360828969718
TRN-0461,15.0741,15.47609055366687,-0.4019905536668702,0.4019905536668702,Valid,2,0,0,0,0,-0.1047394770364569
TRN-0472,26.4916,26.893242210761723,-0.40164221076172524,0.40164221076172524,Valid,0,0,0,0,0,0.1090916127919428
TRN-0675,21.585,21.186572905472108,0.39842709452789293,0.39842709452789293,Valid,2,0,0,0,0,0.1520367086958778
TRN-0057,22.705,22.3085820214437,0.3964179785562969,0.3964179785562969,Valid,1,0,0,0,0,0.3900970056861546
TRN-0590,17.0471,16.650704105053002,0.39639589494699834,0.39639589494699834,Valid,1,0,0,0,0,0.5013905801606846
TRN-0162,13.4887,13.884984039946934,-0.3962840399469343,0.3962840399469343,Valid,2,0,0,0,0,0.043412776554101
TRN-0546,40.7055,40.30935343326579,0.39614656673420967,0.39614656673420967,Valid,2,0,0,0,0,-0.1692216788379923
TRN-0100,40.8155,41.20484689772219,-0.38934689772219144,0.38934689772219144,Valid,2,0,0,0,1,-0.0291803936829957
TRN-0086,14.3793,14.767744036878293,-0.3884440368782922,0.3884440368782922,Valid,1,0,0,0,0,-0.1887073285534395
TRN-0981,41.5242,41.91138759970649,-0.3871875997064862,0.3871875997064862,Valid,1,0,0,0,0,0.0676629972755549
TRN-0630,20.1279,20.513888100925563,-0.38598810092556235,0.38598810092556235,Valid,1,0,0,0,0,0.1405801553721986
TRN-0404,19.5522,19.167539374028998,0.3846606259710015,0.3846606259710015,Valid,1,0,0,0,0,-0.2373761324872667
TRN-0985,26.3345,26.718528919522857,-0.38402891952285856,0.38402891952285856,Valid,1,0,0,0,0,0.2845452639133228
TRN-0715,36.8872,36.50644393283546,0.38075606716454047,0.38075606716454047,Valid,1,0,0,0,0,-0.5490247952212215
TRN-0799,21.9518,21.57276660054016,0.37903339945983916,0.37903339945983916,Valid,1,0,0,0,0,-0.283716503543495
TRN-0710,38.455,38.83142954233844,-0.3764295423384425,0.3764295423384425,Valid,0,0,0,0,0,0.8410221673220217
TRN-0703,21.8275,22.20390621685696,-0.3764062168569602,0.3764062168569602,Valid,2,0,0,0,0,0.4660956516617887
TRN-0361,18.6118,18.988146677500353,-0.37634667750035433,0.37634667750035433,Valid,0,0,0,0,0,-0.1682483513742987
TRN-0028,20.5491,20.92503921483152,-0.37593921483152215,0.37593921483152215,Valid,1,0,0,0,0,-0.1642812552962382
TRN-0117,18.1669,18.542822968157754,-0.37592296815775583,0.37592296815775583,Valid,2,0,0,0,0,0.0135893743652957
TRN-0662,19.9671,20.341987897520127,-0.37488789752012863,0.37488789752012863,Valid,2,0,0,0,0,-0.2723386544596238
TRN-0813,23.0728,23.44690732755786,-0.3741073275578586,0.3741073275578586,Valid,1,0,0,0,0,-0.3147112661805984
TRN-0743,15.879,16.248551007321712,-0.36955100732171253,0.36955100732171253,Invalid,2,0,0,0,0,-0.3400148288530573
TRN-0393,18.0061,18.375378892255384,-0.3692788922553838,0.3692788922553838,Valid,1,0,0,0,0,0.192026941130976
TRN-0773,17.8539,17.485601799394985,0.3682982006050146,0.3682982006050146,Invalid,1,0,0,0,0,-0.0303748706966953
TRN-0509,25.2925,25.660745881391193,-0.36824588139119285,0.36824588139119285,Valid,2,0,0,0,0,-0.0195765667571023
TRN-0200,20.8623,21.229723912982386,-0.3674239129823853,0.3674239129823853,Valid,2,0,0,0,0,0.0348330516464514
TRN-0442,22.3594,22.724170889108322,-0.36477088910832123,0.36477088910832123,Valid,1,0,0,0,0,-0.0720697657081821
TRN-0851,17.5099,17.87373235768215,-0.3638323576821527,0.3638323576821527,Valid,1,0,0,0,0,0.5686017005660773
TRN-0669,22.7601,23.12363483434507,-0.3635348343450673,0.3635348343450673,Valid,0,0,0,0,0,0.7654537597815967
TRN-0379,28.7559,28.393447304580985,0.3624526954190159,0.3624526954190159,Valid,1,0,0,0,0,-0.2052950506768169
TRN-0536,18.926,19.28452286871924,-0.3585228687192412,0.3585228687192412,Valid,1,0,0,0,0,0.0908842653653216
TRN-0496,15.0114,14.653711242920737,0.35768875707926284,0.35768875707926284,Valid,1,0,0,0,0,-0.792183272199388
TRN-0014,27.0328,26.676924628524368,0.35587537147563353,0.35587537147563353,Valid,0,0,0,0,0,-0.2299927633533833
TRN-0758,18.4735,18.119573821049585,0.35392617895041667,0.35392617895041667,Valid,1,0,0,0,0,0.2108129389802009
TRN-0581,23.1496,22.795981688458518,0.3536183115414815,0.3536183115414815,Valid,1,0,0,0,0,0.5564591149604823
TRN-0660,28.9021,28.549311970159305,0.35278802984069557,0.35278802984069557,Valid,0,0,0,0,0,0.5654988212885499
TRN-0072,17.8875,17.535281865692475,0.3522181343075239,0.3522181343075239,Valid,1,0,0,0,0,0.0063299071186015
TRN-0514,20.7535,20.401339998902245,0.35216000109775436,0.35216000109775436,Valid,1,0,0,0,0,0.1910904231684043
TRN-0271,39.3592,39.71107880022735,-0.35187880022734674,0.35187880022734674,Valid,0,0,0,0,0,-0.2517979102925736
TRN-0409,18.268,18.618862664129665,-0.3508626641296644,0.3508626641296644,Valid,2,0,0,0,0,0.1231682998879275
TRN-0012,21.3846,21.033912644571778,0.3506873554282208,0.3506873554282208,Valid,1,0,0,0,0,-0.1564196494523066
TRN-0433,17.3311,16.980867153631877,0.35023284636812235,0.35023284636812235,Valid,2,0,0,0,0,0.5057236263499778
TRN-0511,22.7241,22.37407040883508,0.35002959116491894,0.35002959116491894,Valid,0,0,0,0,0,-0.3607321603497979
TRN-0915,21.2765,21.625985901482764,-0.34948590148276537,0.34948590148276537,Valid,2,0,0,0,0,0.4776105174604321
TRN-0132,23.3231,23.67120509138001,-0.34810509138000967,0.34810509138000967,Valid,2,0,0,0,0,0.1145425778008011
TRN-0904,46.9314,46.58409519464842,0.3473048053515768,0.3473048053515768,Valid,0,0,0,0,0,0.2174103398404661
TRN-0236,18.4935,18.83894189195904,-0.3454418919590374,0.3454418919590374,Valid,2,0,0,0,0,0.1502053295663685
TRN-0921,29.9729,29.629717472813926,0.3431825271860731,0.3431825271860731,Valid,1,0,0,0,0,0.2659206747761438
TRN-0075,14.8973,15.238962255258285,-0.3416622552582851,0.3416622552582851,Valid,2,0,0,0,0,0.3244996027187348
TRN-0704,25.2527,24.912838167879467,0.33986183212053334,0.33986183212053334,Invalid,0,0,0,0,0,10.631164005155966
TRN-0690,45.6354,45.97500227921495,-0.3396022792149509,0.3396022792149509,Invalid,0,0,0,1,0,-1.7085986922812246
TRN-0963,17.5945,17.933519970332593,-0.33901997033259335,0.33901997033259335,Valid,1,0,0,0,0,0.099452968745016
TRN-0118,15.7524,16.090280009084555,-0.3378800090845555,0.3378800090845555,Invalid,2,0,0,0,0,0.3118171750196374
TRN-0238,39.469,39.13158913833658,0.3374108616634217,0.3374108616634217,Valid,1,0,0,0,0,-0.0911818056317166
TRN-0285,16.6974,16.36228114938047,0.33511885061952995,0.33511885061952995,Valid,1,0,0,0,0,0.1481199835960058
TRN-0796,29.0277,28.695253374456325,0.33244662554367466,0.33244662554367466,Valid,2,0,0,0,0,0.4209855254034309
TRN-0607,35.5228,35.190811522714945,0.33198847728505143,0.33198847728505143,Valid,2,0,0,0,0,0.3707009219064474
TRN-0196,19.7101,19.379440709484946,0.3306592905150545,0.3306592905150545,Valid,0,0,0,0,0,-0.0319361804218161
TRN-0960,20.9081,20.57794975848666,0.3301502415133406,0.3301502415133406,Valid,2,0,0,0,0,1.123731263502421
TRN-0740,48.3109,47.98115140882142,0.32974859117857847,0.32974859117857847,Valid,2,0,0,0,0,-0.1070831430551138
TRN-0300,21.2878,21.616601079710026,-0.3288010797100256,0.3288010797100256,Valid,2,0,0,0,0,-0.4260068879429042
TRN-0470,15.044,15.37138844033299,-0.32738844033298875,0.32738844033298875,Valid,0,0,0,0,0,-0.2422498274576909
TRN-0923,31.9883,32.314299475214774,-0.32599947521477546,0.32599947521477546,Valid,2,0,0,0,0,-0.3406034122121362
TRN-0036,18.2157,18.54132172476525,-0.3256217247652522,0.3256217247652522,Valid,2,0,0,0,0,0.09641189331378
TRN-0249,40.5863,40.26207368231422,0.3242263176857847,0.3242263176857847,Valid,2,0,0,0,0,-0.2714989055679329
TRN-0893,16.0594,15.735175964889715,0.3242240351102854,0.3242240351102854,Valid,2,0,0,0,0,-0.1495722968276283
TRN-0936,14.5568,14.88093915045013,-0.3241391504501294,0.3241391504501294,Valid,1,0,0,0,0,-0.2138159951982565
TRN-0677,23.3267,23.650566854054414,-0.3238668540544154,0.3238668540544154,Valid,0,0,0,0,0,0.191452775654092
TRN-0535,35.5601,35.88395102808233,-0.32385102808233057,0.32385102808233057,Invalid,0,0,0,0,0,-0.2691448334601638
TRN-0093,18.1969,17.873334392357272,0.32356560764272757,0.32356560764272757,Valid,1,0,0,0,0,0.4875589656606767
TRN-0355,24.5341,24.21282982316147,0.321270176838528,0.321270176838528,Valid,0,0,0,0,0,-0.0693115886513435
TRN-0504,12.6076,12.928646128412991,-0.3210461284129913,0.3210461284129913,Valid,2,0,0,0,0,0.3588456870803131
TRN-0257,21.5145,21.19486512298582,0.31963487701418103,0.31963487701418103,Valid,0,0,0,0,1,0.0062374738949344
TRN-0812,26.1854,26.503985316429965,-0.3185853164299637,0.3185853164299637,Valid,0,0,0,0,0,-0.3572797348454095
TRN-0853,36.753,37.070983529438344,-0.31798352943834374,0.31798352943834374,Valid,0,0,0,0,0,0.0778376190699425
TRN-0349,29.6685,29.35122413505808,0.31727586494192295,0.31727586494192295,Invalid,2,0,0,0,0,-0.0580413044275225
TRN-0628,17.744,18.060248936977025,-0.3162489369770256,0.3162489369770256,Valid,2,0,0,0,0,0.4117842701569465
TRN-0191,16.8215,16.50642698102845,0.3150730189715496,0.3150730189715496,Valid,2,0,0,0,0,0.4640268996504044
TRN-0834,21.1305,20.816058395989547,0.3144416040104545,0.3144416040104545,Valid,0,0,0,0,1,-0.3321562481989559
TRN-0926,44.069,44.38298399917672,-0.3139839991767204,0.3139839991767204,Valid,1,0,0,0,0,0.1596225950069723
TRN-0661,16.2105,15.896903707434383,0.3135962925656166,0.3135962925656166,Valid,0,0,0,0,0,-0.370140015315437
TRN-0326,37.3695,37.05618466539263,0.31331533460737404,0.31331533460737404,Valid,1,0,0,0,0,0.337834982923102
TRN-0640,44.2449,44.555930742494965,-0.3110307424949639,0.3110307424949639,Invalid,0,0,0,0,0,-0.2324939127180147
TRN-0707,48.5994,48.289218399914894,0.31018160008510876,0.31018160008510876,Valid,0,0,0,0,0,-0.4016704073051294
TRN-0220,17.0452,16.736433654528952,0.3087663454710494,0.3087663454710494,Valid,1,0,0,0,0,0.2395077609498805
TRN-0930,35.4494,35.14084890589532,0.3085510941046792,0.3085510941046792,Valid,2,0,0,0,0,0.0541175063318153
TRN-0881,24.2957,24.60179867000107,-0.30609867000107016,0.30609867000107016,Valid,0,0,0,0,0,0.5408226741352031
TRN-0305,17.5207,17.2162373318108,0.30446266818920265,0.30446266818920265,Invalid,1,0,0,0,0,0.4897692784025409
TRN-0782,36.8118,36.50798780992939,0.3038121900706088,0.3038121900706088,Valid,0,0,0,0,0,-0.0565580498928195
TRN-0977,26.2595,25.957391475062664,0.302108524937335,0.302108524937335,Valid,2,0,0,0,0,0.1473580141755945
TRN-0991,24.1357,24.437283588485563,-0.3015835884855633,0.3015835884855633,Valid,2,0,0,0,0,-0.3395580307273569
TRN-0469,15.7717,16.070768290949793,-0.29906829094979415,0.29906829094979415,Valid,2,0,0,0,0,0.2269502690296558
TRN-0336,44.1841,43.88568928588238,0.29841071411762243,0.29841071411762243,Valid,0,0,0,0,0,-0.2279363403924144
TRN-0017,15.0326,14.735903975524717,0.296696024475283,0.296696024475283,Valid,2,0,0,0,0,0.1009293320726705
TRN-0693,25.539,25.242439266827795,0.2965607331722069,0.2965607331722069,Valid,0,0,0,0,0,0.3261467690741746
TRN-0862,17.5038,17.207981494181006,0.2958185058189926,0.2958185058189926,Valid,1,0,0,0,0,-0.1232123140787262
TRN-0344,13.3281,13.623628143962756,-0.2955281439627573,0.2955281439627573,Valid,2,0,0,0,0,-0.1010379535245649
TRN-0659,27.4947,27.789075665057805,-0.2943756650578031,0.2943756650578031,Valid,0,0,0,0,0,-0.7038065215509661
TRN-0643,24.5014,24.207142903013487,0.29425709698651303,0.29425709698651303,Valid,0,0,0,0,0,0.1374882649880575
TRN-0695,21.5556,21.84810482330428,-0.29250482330428085,0.29250482330428085,Valid,0,0,0,0,1,0.5529312378401663
TRN-0141,15.9219,16.212618427500818,-0.290718427500817,0.290718427500817,Valid,1,0,0,0,0,0.158363492085261
TRN-0565,20.1548,19.864352008332418,0.29044799166758395,0.29044799166758395,Valid,1,0,0,0,0,0.4075799851519264
TRN-0941,29.618,29.908357444752188,-0.29035744475218905,0.29035744475218905,Valid,2,0,0,0,0,-0.111358037479146
TRN-0766,34.1003,34.389120074169,-0.2888200741690028,0.2888200741690028,Valid,1,0,0,0,0,-0.25772676622746
TRN-0899,14.8891,15.177220095289664,-0.2881200952896652,0.2881200952896652,Valid,2,0,0,0,0,-0.335237638561221
TRN-0900,15.1575,15.445326806545147,-0.28782680654514614,0.28782680654514614,Valid,2,0,0,0,0,0.4140083474724036
TRN-0517,14.8727,15.159632120776434,-0.2869321207764344,0.2869321207764344,Valid,0,0,0,0,0,0.1672033776546087
TRN-0962,36.8685,36.58414902607438,0.28435097392561914,0.28435097392561914,Valid,2,0,0,0,0,0.2023706011091626
TRN-0961,20.6785,20.96058970613953,-0.28208970613953,0.28208970613953,Valid,1,0,0,0,0,0.2402182626011573
TRN-0489,25.8404,26.122321990915367,-0.28192199091536807,0.28192199091536807,Valid,2,0,0,0,0,-0.0014618650200262
TRN-0035,34.834,34.55211689095116,0.2818831090488416,0.2818831090488416,Valid,1,0,0,0,0,-0.0694035923564015
TRN-0111,16.8476,16.56584257968282,0.2817574203171809,0.2817574203171809,Valid,2,0,0,0,0,0.052670963476773
TRN-0654,21.3468,21.06789494509056,0.2789050549094405,0.2789050549094405,Valid,1,0,0,0,0,0.1328190960140993
TRN-0622,17.9097,17.631643417111864,0.27805658288813717,0.27805658288813717,Invalid,1,0,0,0,0,0.5181407603257018
TRN-0620,20.9953,20.717532185009244,0.27776781499075653,0.27776781499075653,Valid,0,0,0,0,0,0.156688381909543
TRN-0394,16.065,15.788526124225221,0.27647387577478,0.27647387577478,Valid,1,0,0,0,0,0.4170085894671658
TRN-0815,18.7609,19.03665836736462,-0.2757583673646202,0.2757583673646202,Valid,1,0,0,0,0,0.0673619246273897
TRN-0189,35.0691,34.793525185209816,0.27557481479018264,0.27557481479018264,Valid,1,0,0,0,0,-0.4991113457799692
TRN-0335,53.154,52.87912081672809,0.2748791832719135,0.2748791832719135,Valid,2,0,0,0,0,-0.0006438042040066
TRN-0798,19.6213,19.895169232284438,-0.2738692322844365,0.2738692322844365,Valid,1,0,0,0,0,0.1117818421293499
TRN-0929,20.992,21.265441472795032,-0.2734414727950316,0.2734414727950316,Invalid,2,0,0,0,0,-0.2696739436471649
TRN-0943,25.1708,25.444176307283712,-0.2733763072837121,0.2733763072837121,Valid,0,0,0,0,0,-0.2477309129970457
TRN-0763,19.1371,18.86584307236028,0.271256927639719,0.271256927639719,Valid,2,0,0,0,0,0.015799019211709
TRN-0841,35.6834,35.953654571161216,-0.2702545711612174,0.2702545711612174,Valid,0,0,0,0,0,-0.1916212067154141
TRN-0145,52.9031,52.63399125888059,0.2691087411194104,0.2691087411194104,Valid,1,0,0,0,0,-0.159550295844209
TRN-0780,22.3588,22.627375280925897,-0.2685752809258979,0.2685752809258979,Valid,0,0,0,0,0,0.0500915600829294
TRN-0802,29.7294,29.99719338038488,-0.2677933803848802,0.2677933803848802,Invalid,0,1,0,0,0,-0.4795802088504324
TRN-0157,16.6935,16.9601386117415,-0.2666386117414987,0.2666386117414987,Valid,0,0,0,0,0,-0.3457718164379315
TRN-0005,29.9111,29.64561523029434,0.2654847697056617,0.2654847697056617,Invalid,1,0,0,0,0,0.1758335363384446
TRN-0011,20.9826,20.717598630556342,0.2650013694436595,0.2650013694436595,Valid,0,0,0,0,0,0.0737910532902041
TRN-0350,17.1638,17.427310882921287,-0.2635108829212882,0.2635108829212882,Valid,1,0,0,0,0,0.1392714965000419
TRN-0239,14.4998,14.763125373781563,-0.2633253737815622,0.2633253737815622,Valid,1,0,0,0,0,-0.41121133008388
TRN-0437,19.2354,18.972588519526035,0.26281148047396385,0.26281148047396385,Valid,2,0,0,0,0,0.2138170558385539
TRN-0176,22.1887,21.927095585856563,0.26160441414343794,0.26160441414343794,Valid,2,0,0,0,0,-0.0401392398849065
TRN-0761,14.9056,14.644671679306445,0.2609283206935551,0.2609283206935551,Valid,1,0,0,0,0,0.0515755266955348
TRN-0817,32.0033,32.26416383146121,-0.26086383146120795,0.26086383146120795,Valid,2,0,0,0,0,-0.2002235048592684
TRN-0847,14.8242,14.563799353321969,0.26040064667803087,0.26040064667803087,Valid,1,0,0,0,0,-0.1864305404250252
TRN-0968,17.1679,16.907700007479505,0.2601999925204943,0.2601999925204943,Invalid,2,0,0,0,0,0.3211469724506379
TRN-0948,21.0112,21.271025945717877,-0.2598259457178784,0.2598259457178784,Valid,1,0,0,0,0,0.4513848563508027
TRN-0445,19.8208,19.561370471165898,0.25942952883410086,0.25942952883410086,Valid,2,0,0,0,0,0.0563198248384146
TRN-0201,23.7241,23.983482401091255,-0.2593824010912549,0.2593824010912549,Valid,0,0,0,0,0,-0.0692358942158399
TRN-0204,20.4819,20.22266268885409,0.25923731114590964,0.25923731114590964,Valid,2,0,0,0,0,0.0802011069740693
TRN-0757,14.0025,14.259234476053127,-0.2567344760531274,0.2567344760531274,Valid,2,0,0,0,0,0.3192305474945485
TRN-0329,21.3423,21.598879313010368,-0.2565793130103664,0.2565793130103664,Valid,0,0,0,0,0,-0.4583254479869296
TRN-0126,20.623,20.36731088259174,0.2556891174082594,0.2556891174082594,Valid,2,0,0,0,0,0.597107233819866
TRN-0501,30.3824,30.6360091873108,-0.2536091873108006,0.2536091873108006,Valid,1,0,0,0,0,0.1342000680761739
TRN-0970,20.1454,20.39878214808543,-0.25338214808543214,0.25338214808543214,Valid,1,0,0,0,0,0.1601676836469856
TRN-0525,15.1242,15.376946107949657,-0.25274610794965646,0.25274610794965646,Valid,1,0,0,0,0,0.0858028225389002
TRN-0155,20.6212,20.368955367368837,0.2522446326311645,0.2522446326311645,Valid,1,0,0,0,0,0.4179925747947095
TRN-0396,20.9096,20.657688744470878,0.25191125552912297,0.25191125552912297,Valid,0,0,0,0,0,-0.2568767787525274
TRN-0979,25.671,25.419546288344176,0.25145371165582375,0.25145371165582375,Valid,2,0,0,0,0,-0.0669176383192908
TRN-0914,19.2031,19.453913072530913,-0.25081307253091367,0.25081307253091367,Valid,1,0,0,0,0,0.7524108834136047
TRN-0184,34.5505,34.8012034644943,-0.2507034644943005,0.2507034644943005,Valid,2,0,0,0,0,0.3432154156238276
TRN-0425,48.8125,49.06202493377622,-0.24952493377622176,0.24952493377622176,Valid,0,0,0,0,0,-0.2441880705926102
TRN-0428,25.319,25.07066681472186,0.2483331852781383,0.2483331852781383,Valid,0,0,0,0,0,-0.1168136206907028
TRN-0064,26.9808,27.22695703801484,-0.246157038014843,0.246157038014843,Valid,0,0,0,0,0,-0.3884151774026811
TRN-0823,32.5492,32.79452788928689,-0.24532788928689087,0.24532788928689087,Valid,2,0,0,0,0,0.0586747459374041
TRN-0096,19.1808,19.42549081808311,-0.24469081808310733,0.24469081808310733,Valid,0,0,0,0,0,-0.0763982810811754
TRN-0033,37.2946,37.53922592808088,-0.2446259280808789,0.2446259280808789,Valid,1,0,0,0,0,-0.1104609872376407
TRN-0032,16.8355,17.07890816270678,-0.2434081627067819,0.2434081627067819,Valid,1,0,0,0,0,0.2608427194211433
TRN-0369,24.6977,24.940347491924037,-0.24264749192403556,0.24264749192403556,Valid,2,0,0,0,0,-0.5045269946356079
TRN-0221,12.8904,13.132614781359877,-0.24221478135987695,0.24221478135987695,Valid,2,0,0,0,0,0.0992408673742257
TRN-0207,26.7392,26.98040990480195,-0.24120990480194848,0.24120990480194848,Valid,0,0,0,0,0,0.325507434521791
TRN-0934,21.7565,21.99695910569672,-0.24045910569672202,0.24045910569672202,Valid,0,0,0,0,0,0.0363800328244643
TRN-0997,18.0475,18.287060852463984,-0.23956085246398473,0.23956085246398473,Valid,0,0,0,0,0,0.5157994439194322
TRN-0636,18.3368,18.57523854907986,-0.23843854907985929,0.23843854907985929,Valid,1,0,0,0,0,0.2697360557128885
TRN-0978,20.8658,21.103495550022355,-0.2376955500223552,0.2376955500223552,Valid,0,0,0,0,0,0.7268908881996445
TRN-0426,36.7578,36.99340889165603,-0.23560889165602816,0.23560889165602816,Valid,2,0,0,0,0,-0.4968926771643911
TRN-0023,19.4098,19.644259431607722,-0.2344594316077213,0.2344594316077213,Valid,0,0,0,0,0,-0.0336702543084612
TRN-0411,46.8046,46.57062765705268,0.23397234294731817,0.23397234294731817,Valid,0,0,0,0,0,0.2191670751019963
TRN-0624,20.5506,20.78190979606429,-0.23130979606429136,0.23130979606429136,Valid,0,0,0,0,0,-0.0030502374953229
TRN-0751,22.9613,22.73154566674209,0.22975433325791172,0.22975433325791172,Valid,1,0,0,0,0,0.0380784571506325
TRN-0160,21.2713,21.041675525276652,0.22962447472334802,0.22962447472334802,Valid,0,0,0,0,0,-0.1366362626910309
TRN-0477,15.9991,15.769842248532223,0.22925775146777738,0.22925775146777738,Valid,2,0,0,0,0,-0.056668309586989
TRN-0067,19.7801,19.55259118689247,0.22750881310753002,0.22750881310753002,Valid,1,0,0,0,0,-0.2060920480596664
TRN-0186,39.037,39.26448983759121,-0.22748983759121444,0.22748983759121444,Valid,0,0,0,0,0,0.5404276862226354
TRN-0103,16.6986,16.92482624838746,-0.2262262483874622,0.2262262483874622,Valid,2,0,0,0,0,0.4499105743277329
TRN-0518,26.6751,26.900289184958602,-0.22518918495860163,0.22518918495860163,Invalid,0,0,0,0,0,-0.4235652341554115
TRN-0370,21.3731,21.1483982708855,0.22470172911449993,0.22470172911449993,Valid,2,0,0,0,0,-0.0565840599490954
TRN-0850,16.029,15.805640216958562,0.22335978304143822,0.22335978304143822,Valid,1,0,0,0,0,0.2315678133843288
TRN-0510,19.6898,19.46679803622045,0.22300196377955217,0.22300196377955217,Valid,1,0,0,0,0,-0.1147167029178106
TRN-0835,29.4849,29.263055501603045,0.22184449839695475,0.22184449839695475,Valid,1,0,0,0,0,0.1522813064187396
TRN-0066,20.1216,20.340801759108814,-0.21920175910881312,0.21920175910881312,Valid,2,0,0,0,0,0.1454696055946982
TRN-0619,20.4688,20.249864617378737,0.21893538262126455,0.21893538262126455,Valid,1,0,0,0,0,0.00815490766022
TRN-1000,19.2422,19.02379721424052,0.2184027857594799,0.2184027857594799,Valid,2,0,0,0,0,-0.6380344929046942
TRN-0995,35.587,35.80509019720408,-0.21809019720407719,0.21809019720407719,Valid,0,0,0,0,1,0.4548536672691572
TRN-0432,15.8323,15.617222563214794,0.2150774367852062,0.2150774367852062,Invalid,1,0,0,0,0,-0.038454892559498
TRN-0890,29.1343,29.349301796713153,-0.21500179671315323,0.21500179671315323,Valid,0,0,0,0,0,-0.3177019258087235
TRN-0639,14.831,15.045133135860352,-0.21413313586035265,0.21413313586035265,Valid,2,0,0,0,0,-0.1407332687440785
TRN-0783,48.7174,48.503969488242674,0.21343051175732342,0.21343051175732342,Valid,0,0,0,0,1,0.0413057110815948
TRN-0197,43.6497,43.858119074558054,-0.20841907455805142,0.20841907455805142,Valid,2,0,0,0,0,-0.0438404462951425
TRN-0029,18.5534,18.761128217121986,-0.20772821712198564,0.20772821712198564,Valid,1,0,0,0,0,-0.3968198520944916
TRN-0323,40.1544,40.36011643693533,-0.20571643693532593,0.20571643693532593,Invalid,0,0,0,0,0,-0.3942264101972696
TRN-0924,14.9855,14.780720292250788,0.2047797077492124,0.2047797077492124,Valid,2,0,0,0,0,-0.2675714481640234
TRN-0113,22.1831,22.38742198044883,-0.20432198044883165,0.20432198044883165,Valid,1,0,0,0,1,0.3251341531720548
TRN-0700,20.5104,20.71446757567994,-0.2040675756799395,0.2040675756799395,Valid,0,0,0,0,0,-0.3247753441697902
TRN-0918,18.8499,19.05382677793104,-0.20392677793103786,0.20392677793103786,Invalid,2,1,0,0,0,0.0336954713495778
TRN-0041,16.1036,15.899949612830303,0.20365038716969686,0.20365038716969686,Valid,1,0,0,0,0,-0.1375481432169838
TRN-0462,14.3644,14.562686412370322,-0.1982864123703223,0.1982864123703223,Valid,1,0,0,0,0,0.1402603529204249
TRN-0861,15.1523,14.954227984151537,0.19807201584846368,0.19807201584846368,Valid,0,0,0,0,0,-0.3066399559646893
TRN-0951,15.8285,16.026208635708873,-0.19770863570887265,0.19770863570887265,Valid,0,0,0,0,0,-0.295852324902663
TRN-0746,25.1387,25.334850338347323,-0.19615033834732287,0.19615033834732287,Valid,0,0,0,0,0,-0.0751176523787311
TRN-0436,13.2914,13.487397489636974,-0.19599748963697472,0.19599748963697472,Valid,2,0,0,0,0,0.2144347025301254
TRN-0187,32.1574,32.35317901386297,-0.1957790138629676,0.1957790138629676,Valid,1,0,0,0,0,0.0376656749997721
TRN-0476,27.4893,27.293856989736632,0.19544301026336797,0.19544301026336797,Valid,0,0,0,0,0,-0.0837386197038885
TRN-0256,17.3983,17.592007256637743,-0.1937072566377438,0.1937072566377438,Valid,1,0,0,0,0,0.406540904311889
TRN-0296,16.4399,16.247176157913035,0.19272384208696636,0.19272384208696636,Valid,0,0,0,0,0,0.0240353023680057
TRN-0680,22.4213,22.228983478936883,0.19231652106311614,0.19231652106311614,Valid,0,0,0,0,0,-0.3274186041096492
TRN-0916,15.4539,15.261602234786652,0.19229776521334863,0.19229776521334863,Valid,1,0,0,0,0,0.1720599659877315
TRN-0610,18.4186,18.609848162702146,-0.19124816270214495,0.19124816270214495,Valid,1,0,0,0,0,0.5360405161743724
TRN-0422,20.6111,20.42023226224802,0.1908677377519794,0.1908677377519794,Valid,1,0,0,0,0,0.4208934719387827
TRN-0969,19.9597,20.150256418977722,-0.1905564189777209,0.1905564189777209,Valid,1,0,0,0,1,-0.0315447623904887
TRN-0959,39.9414,39.75106132234819,0.190338677651809,0.190338677651809,Valid,0,0,0,0,0,0.1554321526917483
TRN-0089,34.707,34.89618415644758,-0.18918415644758113,0.18918415644758113,Invalid,2,0,0,0,0,-0.6944910249294658
TRN-0173,15.0183,15.205708149048442,-0.1874081490484425,0.1874081490484425,Valid,2,0,0,0,0,0.2024131237435558
TRN-0987,21.0958,20.909327425600324,0.18647257439967646,0.18647257439967646,Valid,0,0,0,0,0,-0.1199006908011828
TRN-0797,18.6989,18.883740284404027,-0.18484028440402867,0.18484028440402867,Invalid,2,0,0,1,0,0.3758863849763401
TRN-0227,42.3603,42.17602152066817,0.18427847933183017,0.18427847933183017,Valid,2,0,0,0,0,-0.3086993816196681
TRN-0922,20.4154,20.231315000535183,0.18408499946481882,0.18408499946481882,Valid,0,0,0,0,0,0.1284776073810469
TRN-0259,20.3868,20.203139619369033,0.18366038063096823,0.18366038063096823,Valid,2,0,0,0,0,0.0468684317500702
TRN-0339,35.8431,35.661696882811135,0.18140311718886437,0.18140311718886437,Valid,0,0,0,0,0,0.2465095301960929
TRN-0047,23.1457,23.32594842561395,-0.18024842561395005,0.18024842561395005,Valid,2,0,0,0,0,0.1298499743747854
TRN-0876,36.1658,35.987615508957894,0.17818449104210288,0.17818449104210288,Valid,1,0,0,0,0,0.1442772474415612
TRN-0248,19.7809,19.956811616834013,-0.17591161683401424,0.17591161683401424,Valid,0,0,0,0,0,0.1290347778983935
TRN-0594,24.0277,24.203327233093123,-0.1756272330931239,0.1756272330931239,Valid,1,0,0,0,0,0.4455257035877302
TRN-0272,23.6436,23.818836078574048,-0.17523607857404855,0.17523607857404855,Valid,0,0,0,0,0,-0.1508903642890793
TRN-0027,27.5462,27.720498274027147,-0.17429827402714793,0.17429827402714793,Valid,2,0,0,0,0,-0.0668656430410248
TRN-0007,20.2753,20.448857903807056,-0.17355790380705471,0.17355790380705471,Valid,1,0,0,0,0,0.225833407287844
TRN-0811,13.4197,13.5927095092652,-0.1730095092651993,0.1730095092651993,Valid,2,0,0,0,0,-0.2391807731477486
TRN-0681,16.121,15.9486587895219,0.17234121047809836,0.17234121047809836,Valid,1,0,0,0,0,0.3390280670958834
TRN-0633,18.9191,18.74697797576327,0.17212202423673162,0.17212202423673162,Valid,0,0,0,0,0,-0.178099209545067
TRN-0164,13.716,13.544298620128266,0.17170137987173284,0.17170137987173284,Valid,1,0,0,0,0,-0.1289560148151345
TRN-0320,28.4389,28.267905377906786,0.1709946220932146,0.1709946220932146,Valid,2,0,0,0,0,-0.2035754205385238
TRN-0069,18.0376,18.207167702616655,-0.16956770261665355,0.16956770261665355,Invalid,1,0,0,0,0,-0.1508931336925538
TRN-0673,16.9981,16.82934112217998,0.16875887782002152,0.16875887782002152,Valid,2,0,0,0,0,-0.1271380326751554
TRN-0711,20.0657,20.23387640343423,-0.1681764034342308,0.1681764034342308,Valid,1,0,0,0,0,0.4795753603693171
TRN-0013,20.3992,20.232320875722174,0.16687912427782692,0.16687912427782692,Valid,1,0,0,0,0,0.572189797191303
TRN-0748,42.7271,42.56025803385838,0.16684196614161806,0.16684196614161806,Valid,1,0,0,0,0,0.1841131286631743
TRN-0617,19.2716,19.10687803929438,0.16472196070562006,0.16472196070562006,Valid,2,0,0,0,0,0.8019749879599498
TRN-0226,25.3231,25.483787586543045,-0.1606875865430446,0.1606875865430446,Valid,0,0,0,0,0,0.0306968796271611
TRN-0664,19.4155,19.57601784244961,-0.16051784244960743,0.16051784244960743,Valid,1,0,0,0,0,-0.4235269543708959
TRN-0212,19.7482,19.589359197452016,0.15884080254798505,0.15884080254798505,Valid,1,0,0,0,0,-0.0859326838738887
TRN-0163,20.7763,20.934380241327,-0.15808024132699927,0.15808024132699927,Valid,0,0,0,0,0,-0.3188693611085611
TRN-0750,49.6786,49.83612898930475,-0.15752898930474402,0.15752898930474402,Invalid,0,0,0,0,0,0.6326563412867614
TRN-0599,16.4383,16.281981662148052,0.1563183378519497,0.1563183378519497,Valid,2,0,0,0,0,-0.1721332049186958
TRN-0612,36.1073,36.26257106819159,-0.1552710681915883,0.1552710681915883,Valid,1,0,0,0,0,0.3019077085946868
TRN-0983,20.0059,19.851293131464036,0.15460686853596428,0.15460686853596428,Valid,2,0,0,0,0,-0.4218485642810101
TRN-0992,15.1198,14.970205287219907,0.14959471278009318,0.14959471278009318,Valid,0,0,0,0,0,-0.1319813937589788
TRN-0116,18.4577,18.606101237657683,-0.14840123765768354,0.14840123765768354,Valid,0,0,0,0,0,0.1631522301780243
TRN-0237,15.0726,15.220984887939885,-0.14838488793988525,0.14838488793988525,Valid,1,0,0,0,0,0.1709303297262465
TRN-0063,19.9811,20.12914528516247,-0.14804528516246762,0.14804528516246762,Valid,0,0,0,0,0,-0.1323869540106201
TRN-0481,34.7951,34.64810114741029,0.1469988525897108,0.1469988525897108,Valid,0,0,0,0,0,0.1597864728523959
TRN-0003,45.8035,45.6569021893304,0.1465978106695971,0.1465978106695971,Valid,0,0,0,0,0,-0.1573070586128118
TRN-0498,14.0908,13.944374200477807,0.14642579952219315,0.14642579952219315,Valid,1,0,0,0,0,-0.3471755661867526
TRN-0638,16.9161,17.062461524345288,-0.14636152434528782,0.14636152434528782,Valid,2,0,0,0,0,0.2932422382803779
TRN-0625,21.489,21.344109534224405,0.14489046577559606,0.14489046577559606,Valid,1,0,0,0,0,0.1041716595444377
TRN-0996,44.5171,44.66197120129787,-0.14487120129786746,0.14487120129786746,Valid,2,0,0,0,0,0.3441272764921592
TRN-0819,16.4621,16.3187970465045,0.1433029534954997,0.1433029534954997,Valid,1,0,0,0,0,0.436284855457524
TRN-0825,24.4596,24.60195373266008,-0.1423537326600801,0.1423537326600801,Valid,2,0,0,0,0,0.3363567672118357
TRN-0149,22.5606,22.418851755491666,0.14174824450833512,0.14174824450833512,Valid,0,0,0,0,0,0.501816911770856
TRN-0699,21.9877,22.127587154679645,-0.13988715467964496,0.13988715467964496,Valid,2,0,0,0,0,0.0535545370702443
TRN-0574,56.3026,56.16333239193555,0.1392676080644506,0.1392676080644506,Valid,1,0,0,0,0,-0.0988923016907818
TRN-0775,22.324,22.18492138788863,0.13907861211137273,0.13907861211137273,Valid,0,0,0,0,0,0.3765403963435751
TRN-0004,15.4348,15.573812075827838,-0.13901207582783925,0.13901207582783925,Valid,2,0,0,0,0,-0.1686453383731052
TRN-0484,20.0187,19.880736327458532,0.13796367254146702,0.13796367254146702,Valid,2,0,0,0,0,-0.0289003025206646
TRN-0410,19.4256,19.563361784142398,-0.13776178414239837,0.13776178414239837,Invalid,2,1,0,0,0,0.16705192143095
TRN-0034,23.8279,23.964974262436304,-0.13707426243630394,0.13707426243630394,Valid,1,0,0,0,0,0.3139688403904532
TRN-0598,19.6008,19.469932006260297,0.13086799373970237,0.13086799373970237,Valid,1,0,0,0,0,0.5282172112996619
TRN-0341,42.9304,43.05605686660362,-0.1256568666036202,0.1256568666036202,Valid,1,0,0,0,0,-0.2058781803313785
TRN-0587,23.4365,23.561955065253144,-0.12545506525314565,0.12545506525314565,Valid,0,0,0,0,0,-0.3833857853164595
TRN-0790,20.4399,20.563420305639532,-0.12352030563953065,0.12352030563953065,Valid,2,0,0,0,0,0.337473636366667
TRN-0139,16.6329,16.50948181838185,0.12341818161814899,0.12341818161814899,Valid,2,0,0,0,0,-0.5578530365970771
TRN-0375,19.3717,19.24832520554912,0.12337479445088206,0.12337479445088206,Valid,0,0,0,0,0,-0.014633667560016
TRN-0448,28.5721,28.44929092347192,0.12280907652807826,0.12280907652807826,Valid,2,0,0,0,0,0.3178044352855558
TRN-0544,20.0523,19.92966549713604,0.12263450286395994,0.12263450286395994,Valid,1,0,0,0,0,-0.3967850402124639
TRN-0894,41.2056,41.08313582314462,0.12246417685537381,0.12246417685537381,Valid,0,0,0,0,0,0.033598542817506
TRN-0490,33.2397,33.36082596209924,-0.1211259620992422,0.1211259620992422,Invalid,0,0,0,0,0,0.0338257534866812
TRN-0451,16.184,16.06355363140375,0.12044636859625157,0.12044636859625157,Valid,1,0,0,0,0,0.0441239471993206
TRN-0678,19.8362,19.71777400719138,0.11842599280862132,0.11842599280862132,Valid,0,0,0,0,0,0.1846691344827178
TRN-0276,20.5299,20.648136622341998,-0.11823662234199617,0.11823662234199617,Valid,2,0,0,0,0,-0.0612120834817773
TRN-0957,13.8318,13.948614508149294,-0.11681450814929484,0.11681450814929484,Valid,1,0,0,0,0,-0.4182306051032327
TRN-0597,15.2692,15.385885697522726,-0.11668569752272617,0.11668569752272617,Valid,0,0,0,0,0,-0.5190913032147257
TRN-0588,14.962,15.076274024153886,-0.11427402415388599,0.11427402415388599,Valid,2,0,0,0,0,0.1647848228337078
TRN-0818,28.5424,28.65658535027357,-0.11418535027356924,0.11418535027356924,Valid,0,0,0,0,0,0.6885899869735219
TRN-0585,20.122,20.234201715467403,-0.11220171546740332,0.11220171546740332,Valid,1,0,0,0,0,0.1009473518076831
TRN-0667,25.1861,25.29813534725774,-0.11203534725774134,0.11203534725774134,Valid,0,0,0,0,1,-0.3712732865465682
TRN-0283,21.6272,21.73619603475346,-0.10899603475345998,0.10899603475345998,Valid,0,0,0,0,0,0.1228703403339679
TRN-0151,18.466,18.574936222601398,-0.10893622260139679,0.10893622260139679,Valid,1,0,0,0,0,0.5995931811255986
TRN-0615,21.8358,21.72807709192489,0.10772290807510743,0.10772290807510743,Valid,2,0,0,0,0,-0.0204482779589803
TRN-0156,25.1633,25.270346322509965,-0.10704632250996582,0.10704632250996582,Valid,1,0,0,0,0,0.6767705989480959
TRN-0092,17.4823,17.37607096860193,0.10622903139806894,0.10622903139806894,Valid,1,0,0,0,0,0.2005433484531806
TRN-0495,28.8206,28.926658174424343,-0.10605817442434429,0.10605817442434429,Valid,2,0,0,0,0,0.581621683235646
TRN-0684,22.6681,22.77380924571908,-0.1057092457190798,0.1057092457190798,Valid,0,0,0,0,0,0.1604430094058209
TRN-0584,16.9156,16.810462209089067,0.10513779091093411,0.10513779091093411,Valid,0,0,0,0,0,-0.4105429918501855
TRN-0280,43.5179,43.62205656347903,-0.10415656347903024,0.10415656347903024,Valid,0,0,0,0,0,-0.3769087626735334
TRN-0330,19.5005,19.39738906360954,0.10311093639045765,0.10311093639045765,Valid,1,0,0,0,0,-0.261157372965993
TRN-0144,40.0378,39.93539727273127,0.1024027272687249,0.1024027272687249,Valid,0,0,0,0,0,0.3521869923988134
TRN-0388,35.8424,35.741868259792156,0.10053174020784184,0.10053174020784184,Valid,0,0,0,0,0,-0.355739275379241
TRN-0098,24.619,24.51888546983107,0.10011453016893057,0.10011453016893057,Valid,1,0,0,0,0,0.3456557322950253
TRN-0950,42.9187,42.819528509973665,0.09917149002633607,0.09917149002633607,Invalid,0,0,0,0,0,10.000850314340555
TRN-0413,40.8523,40.95029570402233,-0.09799570402233115,0.09799570402233115,Valid,0,0,0,0,0,-0.3553539137676438
TRN-0083,14.7517,14.847824559684344,-0.09612455968434475,0.09612455968434475,Valid,1,0,0,0,0,0.2858665197208161
TRN-0371,13.5288,13.62447901155448,-0.09567901155447878,0.09567901155447878,Valid,2,0,0,0,0,0.2963590727633791
TRN-0735,29.7533,29.84814543068329,-0.09484543068328932,0.09484543068328932,Valid,0,0,0,0,0,-0.0568862201539417
TRN-0913,22.5101,22.60471253019149,-0.09461253019149041,0.09461253019149041,Valid,1,0,0,0,0,-0.1075743253291783
TRN-0359,15.3801,15.473379641254708,-0.093279641254707,0.093279641254707,Valid,0,0,0,0,0,0.3321297864002055
TRN-0502,19.7031,19.610285128157987,0.09281487184201254,0.09281487184201254,Valid,1,0,0,0,0,0.195668936781427
TRN-0231,23.0156,23.108326704274074,-0.09272670427407448,0.09272670427407448,Valid,1,0,0,0,0,0.6941038140484679
TRN-0595,15.0574,15.147252872829705,-0.08985287282970589,0.08985287282970589,Valid,0,0,0,0,0,0.0801444748245394
TRN-0106,32.9814,33.07094433428427,-0.08954433428426967,0.08954433428426967,Valid,0,0,0,0,0,-0.0118734122053751
TRN-0708,16.3153,16.404446372015713,-0.08914637201571196,0.08914637201571196,Valid,1,0,0,0,0,-0.0761467128892832
TRN-0303,37.2738,37.18596794052497,0.08783205947503347,0.08783205947503347,Valid,2,0,0,0,0,0.0502448917137758
TRN-0871,32.4221,32.334615592929154,0.08748440707084626,0.08748440707084626,Valid,0,0,0,0,0,0.0858795827704206
TRN-0842,14.9845,14.897040800649009,0.08745919935099167,0.08745919935099167,Valid,0,0,0,0,0,0.4497657006842992
TRN-0198,18.5978,18.51112469934517,0.08667530065482865,0.08667530065482865,Valid,2,0,0,0,0,0.2245795978331877
TRN-0216,13.2191,13.132614781359877,0.0864852186401226,0.0864852186401226,Valid,2,0,0,0,0,-0.1608248350021703
TRN-0521,21.1624,21.248408680690815,-0.08600868069081358,0.08600868069081358,Valid,1,0,0,0,0,-0.1343152575612727
TRN-0051,42.1474,42.061838514472186,0.08556148552781195,0.08556148552781195,Valid,0,0,0,0,0,-0.2445709798365491
TRN-0277,32.0756,31.990792956220815,0.08480704377918613,0.08480704377918613,Valid,1,0,0,0,0,-0.2157752905632932
TRN-0785,41.8587,41.94226407727578,-0.0835640772757813,0.0835640772757813,Valid,0,0,0,0,0,-0.2461022342815297
TRN-0843,27.2341,27.15221493784284,0.08188506215716274,0.08188506215716274,Valid,1,0,0,0,0,-0.1739577750245722
TRN-0865,14.7227,14.6420379409564,0.08066205904360046,0.08066205904360046,Valid,2,0,0,0,0,-0.2591219304312506
TRN-0653,23.001,22.92100515134191,0.07999484865809237,0.07999484865809237,Valid,0,0,0,0,0,-0.8950021017047973
TRN-0054,35.5919,35.512899673091646,0.07900032690835701,0.07900032690835701,Valid,0,0,0,0,0,-0.0864114367512982
TRN-0781,23.4299,23.352607561771585,0.07729243822841525,0.07729243822841525,Valid,0,0,0,0,0,0.083766735767627
TRN-0384,15.7683,15.842947524934269,-0.07464752493426907,0.07464752493426907,Valid,1,0,0,0,0,-0.1746787578216047
TRN-0706,16.8909,16.817662908145916,0.07323709185408234,0.07323709185408234,Valid,2,0,0,0,0,-0.4527764763216808
TRN-0990,28.0254,27.953583314431256,0.07181668556874499,0.07181668556874499,Valid,2,0,0,0,0,0.0334587452123678
TRN-0779,17.9676,18.0391030689522,-0.07150306895220027,0.07150306895220027,Valid,1,0,0,0,0,-0.0845191474040589
TRN-0774,17.6295,17.559057367354306,0.07044263264569395,0.07044263264569395,Valid,2,0,0,0,0,-0.0378491068303876
TRN-0526,22.4432,22.51087338242572,-0.06767338242572052,0.06767338242572052,Valid,0,0,0,0,0,-0.0956339143024145
TRN-0602,30.5097,30.442967658352003,0.06673234164799524,0.06673234164799524,Invalid,0,0,0,0,0,0.3321078410696536
TRN-0085,12.9026,12.968712845282722,-0.06611284528272243,0.06611284528272243,Valid,0,0,0,0,0,0.3902053249993749
TRN-0809,18.8413,18.777381238240714,0.06391876175928601,0.06391876175928601,Valid,1,0,0,0,0,0.3280998370749763
TRN-0727,16.6021,16.66587783996587,-0.06377783996586928,0.06377783996586928,Valid,1,0,0,0,0,-0.2550386691925439
TRN-0368,19.4551,19.51746186155597,-0.062361861555967124,0.062361861555967124,Valid,1,0,0,0,0,0.2525616162183688
TRN-0178,41.2567,41.196120855390525,0.060579144609477,0.060579144609477,Valid,0,0,0,0,0,-0.4286996903647981
TRN-0674,21.7744,21.714523069601487,0.05987693039851294,0.05987693039851294,Valid,0,0,0,0,0,-0.097719801864855
TRN-0895,15.8924,15.833107447366665,0.05929255263333566,0.05929255263333566,Valid,2,0,0,0,0,0.3712025732524164
TRN-0562,23.8068,23.747904148532168,0.05889585146783105,0.05889585146783105,Valid,1,0,0,0,0,0.1871233415600741
TRN-0611,21.0417,21.09413091202863,-0.052430912028629706,0.052430912028629706,Valid,1,0,0,0,0,0.6950599232225407
TRN-0356,32.4715,32.52377294353905,-0.05227294353905165,0.05227294353905165,Valid,2,0,0,0,0,0.121335509078122
TRN-0172,19.8299,19.777982336939147,0.05191766306085199,0.05191766306085199,Valid,0,0,0,0,0,-0.3848346346812477
TRN-0702,18.0492,18.1010349318908,-0.05183493189080224,0.05183493189080224,Valid,2,0,0,0,0,0.6117564952803285
TRN-0042,17.8278,17.879324174515258,-0.051524174515257926,0.051524174515257926,Valid,2,0,0,0,0,-0.101494532948319
TRN-0793,38.8282,38.879566234126926,-0.05136623412692387,0.05136623412692387,Invalid,0,1,0,0,0,-0.1375735544375693
TRN-0875,14.5475,14.597313379951093,-0.04981337995109314,0.04981337995109314,Valid,0,0,0,0,0,-0.3639727007647639
TRN-0800,31.5476,31.597050678290227,-0.049450678290227756,0.049450678290227756,Valid,1,0,0,0,0,0.1666520393368031
TRN-0431,14.773,14.725713582100202,0.04728641789979804,0.04728641789979804,Valid,1,0,0,0,0,-0.0096868599203698
TRN-0130,19.0968,19.143983059680405,-0.04718305968040326,0.04718305968040326,Valid,2,0,0,0,0,0.3734328086118097
TRN-0503,18.5584,18.511686966216228,0.046713033783770896,0.046713033783770896,Valid,1,0,0,0,0,-0.4798682595494181
TRN-0460,15.5132,15.467701885192971,0.045498114807028145,0.045498114807028145,Valid,0,0,0,0,0,0.4447761368809821
TRN-0478,29.3263,29.283074762867145,0.0432252371328552,0.0432252371328552,Valid,0,0,0,0,0,0.107191995422994
TRN-0439,15.9175,15.875618307521817,0.0418816924781833,0.0418816924781833,Valid,1,0,0,0,0,0.2349659642667383
TRN-0920,20.6462,20.687737139785437,-0.041537139785436494,0.041537139785436494,Valid,0,0,0,0,1,0.1749162526881384
TRN-0591,31.5651,31.524727978521348,0.04037202147865315,0.04037202147865315,Valid,2,0,0,0,0,0.1326194297397727
TRN-0119,22.7052,22.74484505685183,-0.039645056851828286,0.039645056851828286,Valid,0,0,0,0,0,-0.3652169479371689
TRN-0169,24.6253,24.58602879896163,0.039271201038367565,0.039271201038367565,Valid,0,0,0,0,0,-0.1562666746524446
TRN-0131,34.9359,34.89742217185579,0.038477828144209525,0.038477828144209525,Valid,0,0,0,0,0,0.0331164139831585
TRN-0070,27.8043,27.840309534345383,-0.03600953434538212,0.03600953434538212,Valid,0,0,0,0,0,0.1340224400010079
TRN-0129,47.0142,47.04629487923974,-0.032094879239735974,0.032094879239735974,Valid,0,0,0,0,1,-0.2687475220390283
TRN-0849,31.9025,31.87048908498154,0.03201091501846065,0.03201091501846065,Valid,0,0,0,0,0,-0.3432184155073798
TRN-0202,50.9883,50.9569735423092,0.031326457690802556,0.031326457690802556,Invalid,0,0,0,0,0,-0.0499564099766907
TRN-0879,15.8432,15.812745678545488,0.030454321454511657,0.030454321454511657,Valid,2,0,0,0,0,-0.668763325030028
TRN-0180,16.4986,16.52863368501205,-0.03003368501205017,0.03003368501205017,Valid,2,0,0,0,0,0.1428894346209528
TRN-0423,18.5143,18.484338171332737,0.02996182866726116,0.02996182866726116,Valid,2,0,0,0,0,0.2931932118610625
TRN-0263,18.5921,18.621615455333426,-0.02951545533342781,0.02951545533342781,Valid,1,0,0,0,0,0.0957870031021954
TRN-0891,20.3503,20.37962043678761,-0.02932043678761076,0.02932043678761076,Valid,2,0,0,0,0,-0.4213538129403886
TRN-0464,28.6182,28.589379785487004,0.02882021451299721,0.02882021451299721,Valid,2,0,0,0,0,0.0417389473912557
TRN-0429,31.3554,31.3816535368662,-0.026253536866200022,0.026253536866200022,Valid,1,0,0,0,0,0.4602251084926685
TRN-0150,19.5769,19.60295774672253,-0.02605774672253247,0.02605774672253247,Valid,0,0,0,0,0,-0.1333843891457498
TRN-0415,36.2324,36.25792491010431,-0.02552491010430913,0.02552491010430913,Valid,2,0,0,0,0,0.7427191914525721
TRN-0902,32.6957,32.67053466679148,0.02516533320851977,0.02516533320851977,Valid,1,0,0,0,0,0.327670942620756
TRN-0897,24.3359,24.36059027984858,-0.024690279848581298,0.024690279848581298,Valid,0,0,0,0,0,0.3900653197678689
TRN-0600,26.6367,26.660514114053363,-0.02381411405336209,0.02381411405336209,Valid,1,0,0,0,0,-0.0923047545549753
TRN-0765,18.6845,18.708071995372375,-0.0235719953723752,0.0235719953723752,Invalid,1,0,0,0,0,0.0190868029214499
TRN-0373,18.6685,18.691746136820367,-0.023246136820365138,0.023246136820365138,Valid,0,0,0,0,0,0.5949522006531538
TRN-0465,15.6287,15.607044632549403,0.02165536745059704,0.02165536745059704,Valid,1,0,0,0,0,-0.0243030892455262
TRN-0730,22.7637,22.74249009017281,0.02120990982718851,0.02120990982718851,Valid,2,0,0,0,0,0.350332965121801
TRN-0999,15.8237,15.803653890283092,0.020046109716908234,0.020046109716908234,Valid,2,0,0,0,0,0.1138076775823382
TRN-0082,20.2629,20.282504674629397,-0.019604674629398744,0.019604674629398744,Valid,1,0,0,0,0,0.0202447539103012
TRN-0199,25.6966,25.714707236540406,-0.01810723654040558,0.01810723654040558,Valid,1,0,0,0,0,-0.1055180526358654
TRN-0037,39.6381,39.621403821955,0.01669617804500234,0.01669617804500234,Valid,0,0,0,0,0,-0.5969454403670049
TRN-0087,20.3176,20.302440553360952,0.015159446639046337,0.015159446639046337,Invalid,1,0,0,0,0,-10.806610665215404
TRN-0650,21.5834,21.597728977090846,-0.014328977090844575,0.014328977090844575,Valid,0,0,0,0,0,0.3137300217640497
TRN-0814,23.0081,23.021667523408656,-0.013567523408656967,0.013567523408656967,Valid,1,0,0,0,0,0.1055723179896688
TRN-0749,18.7843,18.797355475487773,-0.013055475487771417,0.013055475487771417,Valid,1,0,0,0,0,0.3820794010357566
TRN-0632,29.468,29.48069221591381,-0.01269221591380898,0.01269221591380898,Valid,2,0,0,0,0,-0.4328547371678333
TRN-0670,16.1612,16.150560084285125,0.01063991571487577,0.01063991571487577,Valid,0,0,0,0,0,-0.0714061511889454
TRN-0548,21.1399,21.130292796793853,0.00960720320614783,0.00960720320614783,Valid,1,0,0,0,0,0.0695187474862137
TRN-0381,20.8262,20.81662194340313,0.009578056596868834,0.009578056596868834,Valid,2,0,0,0,0,0.2482546862507924
TRN-0698,16.0087,16.01824663607499,-0.009546636074990289,0.009546636074990289,Valid,0,0,0,0,0,-0.152101219739869
TRN-0031,21.3218,21.328722789269356,-0.006922789269356855,0.006922789269356855,Valid,0,0,0,0,0,0.2549171739037668
TRN-0965,21.424,21.41752442017824,0.006475579821760391,0.006475579821760391,Valid,2,0,0,0,0,-0.0222489941162358
TRN-0020,13.5381,13.53252449859243,0.005575501407570016,0.005575501407570016,Valid,0,0,0,0,0,0.4888257212872426
TRN-0885,17.5958,17.60084665486376,-0.005046654863757993,0.005046654863757993,Valid,1,0,0,0,0,0.5698048198441139
TRN-0939,19.3513,19.356322170927456,-0.005022170927457381,0.005022170927457381,Valid,0,0,0,0,0,-0.1127857924756412
TRN-0618,18.4418,18.445992281659436,-0.004192281659435082,0.004192281659435082,Invalid,1,0,0,0,0,-0.0939200672098916
TRN-0658,14.6794,14.675610580064616,0.00378941993538362,0.00378941993538362,Valid,1,0,0,0,0,-0.0807073247852834
TRN-0578,23.1545,23.156595129838585,-0.002095129838586729,0.002095129838586729,Valid,2,0,0,0,0,-0.1009930702660959
TRN-0515,48.7143,48.712317354248356,0.0019826457516458618,0.0019826457516458618,Valid,0,0,0,0,0,0.2910584091313914
TRN-0391,16.4488,16.44980980036272,-0.0010098003627199148,0.0010098003627199148,Valid,2,0,0,0,0,-0.0460404715378679
