Test_ID,Applied_Voltage_kV,Load_Current_A,Ambient_Temperature_C,Test_Duration_min,Sensor_S1,Sensor_S2,Sensor_S3,Sensor_S4,Reference_Parameter,Validity_Label,S3_consistency_residual,S3_abs_residual,S3_consistency_z,regime_id,Sensor_S1_missing,Sensor_S2_missing,Sensor_S3_missing,Sensor_S4_missing,Sensor_S1_imputed,Sensor_S2_imputed,Sensor_S3_imputed,S1_clean,S2_clean,S3_clean,S4_clean,power_proxy,S3_minus_S1,S3_minus_S2,S2_minus_S1,S3_to_S1_ratio,predicted_Reference_Parameter,regression_residual,regression_abs_residual
TRN-0889,16.7196,93.1228,33.3421,19.9546,13.6343,15.1361,16.5062,62.9115,34.8501,Valid,0.434047781457533,0.434047781457533,0.2590583471143497,0,0,0,0,0,0,0,0,13.6343,15.1361,16.5062,62.9115,1556.97596688,2.8719,1.370099999999999,1.5018000000000011,1.2106369885971495,35.43622573827584,-0.5861257382758396,0.5861257382758396
TRN-0820,21.4477,82.523,34.4915,47.0553,15.6466,15.9849,19.3289,39.8667,30.4762,Valid,0.3744635191799013,0.3744635191799013,0.2234565020912836,2,0,0,0,0,0,0,0,15.6466,15.9849,19.3289,39.8667,1769.9285471,3.6823000000000015,3.344000000000001,0.33830000000000027,1.2353410738811794,31.393775092892493,-0.9175750928924948,0.9175750928924948
TRN-0411,19.2432,107.3619,29.4673,5.2763,15.108,16.6481,18.3834,44.539,46.8046,Valid,0.2191670751019963,0.2191670751019963,0.1306662295704408,0,0,0,0,0,0,0,0,15.108,16.6481,18.3834,44.539,2065.9865140800002,3.275400000000001,1.7353000000000023,1.540099999999999,1.2167982414626415,46.57062765705268,0.23397234294731817,0.23397234294731817
TRN-0754,22.7191,69.969,26.9695,20.3051,14.9296,14.7026,18.6269,44.2673,23.7153,Valid,-0.1504113704175331,0.1504113704175331,-0.0901584318131979,0,0,0,0,0,0,0,0,14.9296,14.7026,18.6269,44.2673,1589.6327079,3.6972999999999985,3.924299999999999,-0.2270000000000003,1.2476481301253013,24.88097833957459,-1.1656783395745904,1.1656783395745904
TRN-0707,13.5008,108.8999,35.5415,29.1939,12.6845,15.2455,14.6132,44.072,48.5994,Valid,-0.4016704073051294,0.4016704073051294,-0.2402867534535105,0,0,0,0,0,0,0,0,12.6845,15.2455,14.6132,44.072,1470.23576992,1.928700000000001,-0.632299999999999,2.561,1.1520508084269714,48.289218399914894,0.31018160008510876,0.31018160008510876
TRN-0140,13.4841,75.9719,25.2769,59.8003,11.3356,12.4198,13.764,,22.9154,Valid,0.0920807191838992,0.0920807191838992,0.0547316022881487,1,0,0,0,1,0,0,0,11.3356,12.4198,13.764,49.4543,1024.4126967900002,2.4284,1.344199999999999,1.084200000000001,1.2142266715245145,21.269447141875492,1.6459528581245095,1.6459528581245095
TRN-0881,21.5217,69.0397,30.813,17.2425,14.6484,14.5557,18.4782,54.8324,24.2957,Valid,0.5408226741352031,0.5408226741352031,0.3228567904642472,0,0,0,0,0,0,0,0,14.6484,14.5557,18.4782,54.8324,1485.8517114899998,3.8298000000000005,3.922500000000001,-0.09270000000000067,1.2614474881574178,24.60179867000107,-0.30609867000107016,0.30609867000107016
TRN-0381,27.5517,31.9359,38.4775,36.8148,15.6381,13.8904,20.6009,46.5897,20.8262,Valid,0.2482546862507924,0.2482546862507924,0.1480461984519119,2,0,0,0,0,0,0,0,15.6381,13.8904,20.6009,46.5897,879.88833603,4.9628,6.7105,-1.7477,1.3173522887356592,20.81662194340313,0.009578056596868834,0.009578056596868834
TRN-0095,27.0232,98.1134,49.9673,29.2064,18.5386,19.0188,22.7145,43.2755,51.1599,Valid,-0.4867705393642012,0.4867705393642012,-0.2911344370061339,1,0,0,0,0,0,0,0,18.5386,19.0188,22.7145,43.2755,2651.3380308799997,4.175900000000002,3.695700000000002,0.48019999999999996,1.2252536732797121,50.07134937081547,1.0885506291845317,1.0885506291845317
TRN-0135,23.8796,37.0768,27.7869,13.8211,4.7556,12.2665,17.5003,34.8471,18.4965,Invalid,-0.162919259315398,0.162919259315398,-0.0976319475552009,0,0,0,0,0,0,0,0,4.7556,12.2665,17.5003,34.8471,885.37915328,12.744699999999998,5.233799999999999,7.5109,3.67992749615717,17.8499402495523,0.6465597504477003,0.6465597504477003
TRN-0633,27.3166,35.2106,18.0,41.4065,15.4562,13.3195,20.1433,61.2734,18.9191,Valid,-0.178099209545067,0.178099209545067,-0.1067020310785378,0,0,0,0,0,0,0,0,15.4562,13.3195,20.1433,61.2734,961.83387596,4.687099999999999,6.8238,-2.136700000000001,1.3032496323484217,18.74697797576327,0.17212202423673162,0.17212202423673162
TRN-0138,17.7127,48.0925,30.733,23.2218,11.7089,11.4861,14.8118,65.0676,17.5449,Valid,0.2876622301061058,0.2876622301061058,0.1715923701329404,1,0,0,0,0,0,0,0,11.7089,11.4861,14.8118,65.0676,851.8480247500001,3.1029,3.3256999999999994,-0.22279999999999944,1.2650024639355841,17.950305454607125,-0.40540545460712707,0.40540545460712707
TRN-0591,10.2728,88.373,37.5953,58.4948,10.6857,12.8873,12.4997,83.903,31.5651,Valid,0.1326194297397727,0.1326194297397727,0.0789536507867997,2,0,0,0,0,0,0,0,10.6857,12.8873,12.4997,83.903,907.8381544,1.814,-0.38759999999999906,2.201599999999999,1.1697584905448493,31.524727978521348,0.04037202147865315,0.04037202147865315
TRN-0262,30.7232,28.9017,38.9336,45.1598,17.0465,14.7144,22.609,53.4406,22.15,Valid,0.4885746625356475,0.4885746625356475,0.2916383857945122,1,0,0,0,0,0,0,0,17.0465,14.7144,22.609,53.4406,887.95270944,5.5625,7.894600000000002,-2.3321000000000023,1.3263125413941035,21.56738328614979,0.5826167138502072,0.5826167138502072
TRN-0729,27.8122,59.7061,25.295,56.0876,17.8995,16.2175,22.741,53.7565,22.7879,Valid,0.7817817352697887,0.7817817352697887,0.4668308336678914,1,0,0,0,0,0,0,0,17.8995,16.2175,22.741,53.7565,1660.55799442,4.8415,6.5234999999999985,-1.6819999999999986,1.2704817059237934,22.061454805844452,0.7264451941555485,0.7264451941555485
TRN-0307,30.2039,105.7357,25.4332,14.8461,20.5299,20.3649,25.1377,39.4088,47.2164,Valid,-0.1980638216403996,0.1980638216403996,-0.1186309700062669,0,0,0,0,0,0,0,0,20.5299,20.3649,25.1377,39.4088,3193.63050923,4.6077999999999975,4.7728,-0.1650000000000027,1.2244427764174317,48.32692180333822,-1.110521803338223,1.110521803338223
TRN-0091,13.8779,70.3753,33.7208,28.7584,10.7783,12.0405,12.8023,60.3125,23.2446,Valid,-0.3729932987910569,0.3729932987910569,-0.2231520616070206,0,0,0,0,0,0,0,0,10.7783,12.0405,12.8023,60.3125,976.6613758699999,2.024000000000001,0.7618000000000009,1.2622,1.1877836135720723,23.670639867017087,-0.4260398670170886,0.4260398670170886
TRN-0542,29.8252,29.6371,52.0927,40.8807,16.4051,14.7736,21.9869,50.5573,29.9678,Valid,0.3173614537361473,0.3173614537361473,0.1893377800207969,1,0,0,0,0,0,0,0,16.4051,14.7736,21.9869,50.5573,883.93243492,5.581799999999998,7.2132999999999985,-1.6315000000000008,1.340247032784297,27.421861044439574,2.545938955560427,2.545938955560427
TRN-0937,18.9717,104.0403,31.8576,48.305,15.2581,16.7679,18.2016,48.5457,45.3832,Valid,-0.3649717009754702,0.3649717009754702,-0.218359123482903,2,0,0,0,0,0,0,0,15.2581,16.7679,18.2016,48.5457,1973.8213595099999,2.9434999999999985,1.4336999999999982,1.5098000000000003,1.1929131458614468,43.43219196211161,1.9510080378883927,1.9510080378883927
TRN-0092,22.8334,18.3011,31.7408,26.9067,12.3229,10.8597,16.5175,28.9254,17.4823,Valid,0.2005433484531806,0.2005433484531806,0.119538475285028,1,0,0,0,0,0,0,0,12.3229,10.8597,16.5175,28.9254,417.87633674000006,4.194599999999998,5.657799999999998,-1.4632000000000005,1.34038956707466,17.37607096860193,0.10622903139806894,0.10622903139806894
TRN-0268,31.5596,18.2128,38.845,24.4453,16.4547,13.878,22.1,70.4553,20.7222,Valid,0.2196667864452486,0.2196667864452486,0.1309648091805373,1,0,0,0,0,0,0,0,16.4547,13.878,22.1,70.4553,574.78868288,5.645300000000002,8.222000000000001,-2.576699999999999,1.3430804918470154,20.291341959734158,0.43085804026584285,0.43085804026584285
TRN-0782,16.2048,93.1196,42.8621,12.8741,13.1151,14.8764,15.7166,32.2974,36.8118,Valid,-0.0565580498928195,0.0565580498928195,-0.0340806816742093,0,0,0,0,0,0,0,0,13.1151,14.8764,15.7166,32.2974,1508.9844940799999,2.6014999999999997,0.8401999999999994,1.7613000000000003,1.1983582295535455,36.50798780992939,0.3038121900706088,0.3038121900706088
TRN-0919,22.6926,50.8001,43.6073,31.9818,14.0837,13.6443,18.1982,49.2786,21.2594,Valid,0.2033114125995396,0.2033114125995396,0.1211924051481418,1,0,0,0,0,0,0,0,14.0837,13.6443,18.1982,49.2786,1152.78634926,4.1145,4.5539000000000005,-0.4394000000000009,1.2921453225038004,21.8653364109942,-0.6059364109942003,0.6059364109942003
TRN-0053,26.4931,101.8024,42.852,30.4912,18.56,19.2644,22.9828,68.2684,48.1264,Valid,-0.115369347718385,0.115369347718385,-0.0692206772159043,0,0,0,0,0,0,0,0,18.56,19.2644,22.9828,68.2684,2697.06116344,4.422800000000002,3.7184000000000026,0.7043999999999997,1.2382967466073564,49.175377685543296,-1.0489776855432993,1.0489776855432993
TRN-0408,31.1979,55.0224,21.7758,25.6304,18.3841,16.3698,23.7608,30.0802,22.1385,Valid,0.2468277945852897,0.2468277945852897,0.1471936247353283,0,0,0,0,0,0,0,0,18.3841,16.3698,23.7608,30.0802,1716.58333296,5.3767,7.390999999999998,-2.0142999999999986,1.2924639811228285,21.350523559649414,0.7879764403505867,0.7879764403505867
TRN-0501,14.229,84.784,39.199,37.0993,11.9475,13.5096,14.4506,42.1564,30.3824,Valid,0.1342000680761739,0.1342000680761739,0.0798980887799709,1,0,0,0,0,0,0,0,11.9475,13.5096,14.4506,42.1564,1206.391536,2.5031,0.940999999999999,1.562100000000001,1.2095072529757247,30.6360091873108,-0.2536091873108006,0.2536091873108006
TRN-0311,20.0873,84.2981,33.9545,11.1637,14.4518,15.2547,17.5092,45.2027,29.9962,Valid,-0.2057150916036079,0.2057150916036079,-0.1232026356952796,0,0,0,0,0,0,0,0,14.4518,15.2547,17.5092,45.2027,1693.32122413,3.0573999999999995,2.2545,0.8028999999999993,1.211557583444565,31.933576290512224,-1.9373762905122227,1.9373762905122227
TRN-0562,30.7015,55.1126,37.3272,53.9099,18.3063,16.9658,23.7367,31.425,23.8068,Valid,0.1871233415600741,0.1871233415600741,0.1115199652396965,1,0,0,0,0,0,0,0,18.3063,16.9658,23.7367,31.425,1692.0394889,5.430399999999999,6.7708999999999975,-1.3404999999999987,1.2966403387684355,23.747904148532168,0.05889585146783105,0.05889585146783105
TRN-0126,27.1839,35.792,32.8674,28.726,15.6886,13.7668,20.7464,46.0688,20.623,Valid,0.597107233819866,0.597107233819866,0.3564870494367935,2,0,0,0,0,0,0,0,15.6886,13.7668,20.7464,46.0688,972.9661488,5.057800000000002,6.979600000000001,-1.9217999999999993,1.3223861132375656,20.36731088259174,0.2556891174082594,0.2556891174082594
TRN-0676,28.9435,99.9672,33.2564,54.1579,20.242,19.9359,25.0693,38.6309,45.2288,Valid,0.1981807968367093,0.1981807968367093,0.1181268408484599,2,0,0,0,0,0,0,0,20.242,19.9359,25.0693,38.6309,2893.4006532000003,4.8272999999999975,5.133399999999998,-0.3061000000000007,1.2384787874326708,43.37138409450528,1.8574159054947188,1.8574159054947188
TRN-0360,31.1338,64.9587,39.5961,9.0647,18.6229,17.3282,24.1833,48.479,28.4009,Valid,0.1610537906938454,0.1610537906938454,0.0959432999545607,0,0,0,0,0,0,0,0,18.6229,17.3282,24.1833,48.479,2022.41117406,5.560399999999998,6.8551,-1.2947000000000024,1.2985779343829722,29.11221499054591,-0.7113149905459117,0.7113149905459117
TRN-0367,24.0314,97.8945,45.1767,31.2893,17.3437,18.1727,21.6014,52.8876,45.131,Valid,0.3036744031026153,0.3036744031026153,0.1811597102276798,2,0,0,0,0,0,0,0,17.3437,18.1727,21.6014,52.8876,2352.5418873,4.257700000000003,3.4287000000000027,0.8290000000000006,1.2454889986052582,44.516473010565846,0.6145269894341538,0.6145269894341538
TRN-0405,24.6143,33.6779,42.1612,26.794,14.0177,13.065,18.7117,,20.1763,Valid,0.4652411742556239,0.4652411742556239,0.2776965293069345,1,0,0,0,1,0,0,0,14.0177,13.065,18.7117,49.4543,828.95793397,4.694000000000001,5.646700000000001,-0.9527000000000001,1.3348614003285844,21.127323313344426,-0.9510233133444252,0.9510233133444252
TRN-0868,28.3339,101.6303,50.6215,7.7931,19.0319,19.8449,23.5519,54.1915,55.1412,Valid,-0.3947829955788933,0.3947829955788933,-0.2361714962444009,2,0,0,0,0,0,0,0,19.0319,19.8449,23.5519,54.1915,2879.58275717,4.52,3.7070000000000007,0.8129999999999988,1.237495343347042,54.536660994230026,0.604539005769972,0.604539005769972
TRN-0020,9.4876,21.4776,37.3279,15.6388,6.1571,6.5039,8.2616,52.9346,13.5381,Valid,0.4888257212872426,0.4888257212872426,0.2917883944448555,0,0,0,0,0,0,0,0,6.1571,6.5039,8.2616,52.9346,203.77087776,2.1045,1.7576999999999998,0.3468,1.3417983437034584,13.53252449859243,0.005575501407570016,0.005575501407570016
TRN-0316,22.2248,47.0868,39.5367,20.27,13.0209,12.675,16.6458,61.0745,19.7399,Valid,-0.6735518210514968,0.6735518210514968,-0.4027370312088837,0,0,0,0,0,0,0,0,13.0209,12.675,16.6458,61.0745,1046.4947126399998,3.624900000000002,3.9708000000000006,-0.34589999999999854,1.2783899128401934,19.251662435944784,0.4882375640552148,0.4882375640552148
TRN-0067,30.9408,29.3598,18.0356,35.4607,16.7021,13.7519,21.9045,43.0005,19.7801,Valid,-0.2060920480596664,0.2060920480596664,-0.1234278687487075,1,0,0,0,0,0,0,0,16.7021,13.7519,21.9045,43.0005,908.41569984,5.202399999999997,8.1526,-2.9502000000000024,1.311481004495839,19.55259118689247,0.22750881310753002,0.22750881310753002
TRN-0317,25.933,70.3816,24.6378,10.6208,16.6609,15.9391,20.9687,48.0101,24.0015,Valid,0.235875732218922,0.235875732218922,0.1406497218296653,1,0,0,0,0,0,0,0,16.6609,15.9391,20.9687,48.0101,1825.2060328000002,4.307799999999997,5.0295999999999985,-0.7218000000000018,1.2585567054860747,25.683795957742873,-1.6822959577428733,1.6822959577428733
TRN-0087,17.6142,31.0902,47.58,51.1189,10.8589,10.9508,3.2181,51.1091,20.3176,Invalid,-10.806610665215404,10.806610665215404,-6.457281919229795,1,0,0,0,0,0,0,0,10.8589,10.9508,3.2181,51.1091,547.62900084,-7.6408000000000005,-7.7326999999999995,0.09189999999999898,0.2963557115769447,20.302440553360952,0.015159446639046337,0.015159446639046337
TRN-0801,11.2999,91.5588,48.8199,21.2042,10.7983,13.3691,12.9707,43.4485,39.321,Valid,0.3648733023894142,0.3648733023894142,0.2177263075925812,2,0,0,0,0,0,0,0,10.7983,13.3691,12.9707,43.4485,1034.60528412,2.1724000000000014,-0.39839999999999876,2.5708,1.2011787029637047,41.85042220640778,-2.52942220640778,2.52942220640778
TRN-0012,30.2939,43.3171,28.5824,30.3499,17.0338,15.1496,22.2573,38.2619,21.3846,Valid,-0.1564196494523066,0.1564196494523066,-0.0937484035754504,1,0,0,0,0,0,0,0,17.0338,15.1496,22.2573,38.2619,1312.24389569,5.223500000000001,7.107700000000001,-1.8841999999999999,1.3066542364861415,21.033912644571778,0.3506873554282208,0.3506873554282208
TRN-0578,30.4866,60.5018,36.4074,15.0767,18.0583,16.8822,23.2278,38.5682,23.1545,Valid,-0.1009930702660959,0.1009930702660959,-0.0606307915262876,2,0,0,0,0,0,0,0,18.0583,16.8822,23.2278,38.5682,1844.49417588,5.169499999999999,6.3455999999999975,-1.1760999999999981,1.2862665443222538,23.156595129838585,-0.002095129838586729,0.002095129838586729
TRN-0859,16.4487,20.9785,23.3935,58.5618,9.8089,8.7051,12.9031,61.0478,15.4105,Valid,0.0842152907452824,0.0842152907452824,0.0500319760175928,1,0,0,0,0,0,0,0,9.8089,8.7051,12.9031,61.0478,345.06905294999996,3.0942000000000007,4.198,-1.1037999999999997,1.3154468743214078,14.276293459649619,1.134206540350382,1.134206540350382
TRN-0533,17.5311,72.927,28.746,36.0802,12.6016,13.0752,,56.541,23.5153,Invalid,0.9347314263432428,0.9347314263432428,0.5582189114886876,2,0,0,1,0,0,0,1,12.6016,13.0752,16.9269,56.541,1278.4905297,4.3253,3.8516999999999992,0.47360000000000113,1.3432331265608126,30.795263269635335,-7.279963269635335,7.279963269635335
TRN-0967,26.4104,30.8751,38.339,14.2777,14.5452,13.0594,19.2013,49.5647,19.7664,Valid,-0.0949779723423205,0.0949779723423205,-0.0570367454494394,0,0,0,0,0,0,0,0,14.5452,13.0594,19.2013,49.5647,815.42374104,4.6561,6.1419,-1.4857999999999993,1.3201115693757601,19.304272932212765,0.462127067787236,0.462127067787236
TRN-0788,20.1531,58.459,22.9316,43.5898,13.2875,12.8528,16.6355,61.1192,18.6948,Valid,-0.0952887744796022,0.0952887744796022,-0.0572224510217058,2,0,0,0,0,0,0,0,13.2875,12.8528,16.6355,61.1192,1178.1300729,3.3480000000000008,3.7827,-0.4346999999999994,1.251965191371446,18.261750920695924,0.43304907930407666,0.43304907930407666
TRN-0700,24.4753,49.2252,36.9219,22.1919,14.2996,13.6599,18.5642,60.5208,20.5104,Valid,-0.3247753441697902,0.3247753441697902,-0.1943416327767217,0,0,0,0,0,0,0,0,14.2996,13.6599,18.5642,60.5208,1204.80153756,4.2646,4.904299999999999,-0.6396999999999995,1.2982312105015452,20.71446757567994,-0.2040675756799395,0.2040675756799395
TRN-0151,25.549,19.7697,34.1753,21.4309,13.6684,11.704,18.6616,46.3824,18.466,Valid,0.5995931811255986,0.5995931811255986,0.3579724133119359,1,0,0,0,0,0,0,0,13.6684,11.704,18.6616,46.3824,505.0960653,4.9932,6.957599999999999,-1.9643999999999995,1.365308766710978,18.574936222601398,-0.10893622260139679,0.10893622260139679
TRN-0236,22.9858,28.4295,35.2647,27.6778,12.9089,11.5537,17.0815,35.1347,18.4935,Valid,0.1502053295663685,0.1502053295663685,0.0894612992208841,2,0,0,0,0,0,0,0,12.9089,11.5537,17.0815,35.1347,653.4748011,4.172599999999999,5.527799999999999,-1.3552,1.3232333326361405,18.83894189195904,-0.3454418919590374,0.3454418919590374
TRN-0130,27.9593,15.8726,33.4249,45.782,14.8659,12.4537,20.2947,51.5568,19.0968,Valid,0.3734328086118097,0.3734328086118097,0.2228406482314531,2,0,0,0,0,0,0,0,14.8659,12.4537,20.2947,51.5568,443.78678518,5.428799999999999,7.840999999999999,-2.4122000000000003,1.3651838333475717,19.143983059680405,-0.04718305968040326,0.04718305968040326
TRN-0558,10.8607,21.0036,44.5708,31.3091,6.8793,7.0831,9.3319,47.3849,15.0884,Valid,0.4382783426434482,0.4382783426434482,0.2615861250534263,1,0,0,0,0,0,0,0,6.8793,7.0831,9.3319,47.3849,228.11379852,2.4525999999999994,2.2487999999999992,0.2038000000000002,1.3565168599757824,15.613209550103834,-0.5248095501038339,0.5248095501038339
TRN-0335,19.3366,109.2824,43.2863,42.829,15.6796,17.4192,19.0115,46.0047,53.154,Valid,-0.0006438042040066,0.0006438042040066,-0.0006716868574344,2,0,0,0,0,0,0,0,15.6796,17.4192,19.0115,46.0047,2113.15005584,3.331900000000001,1.5923000000000016,1.7395999999999994,1.2124982700462577,52.87912081672809,0.2748791832719135,0.2748791832719135
TRN-0747,8.1623,16.276,27.7498,24.8249,4.8959,4.9854,6.5243,58.8781,11.9183,Valid,-0.2036697491874886,0.2036697491874886,-0.1219805350778634,2,0,0,0,0,0,0,0,4.8959,4.9854,6.5243,58.8781,132.8495948,1.6284,1.5389,0.08950000000000014,1.332602110741415,12.960789224645541,-1.042489224645541,1.042489224645541
TRN-0065,29.5509,88.0838,38.0994,34.3734,19.4764,19.0039,24.1937,67.1977,37.4703,Valid,-0.1249409330738906,0.1249409330738906,-0.0749397393545604,1,0,0,0,0,0,0,0,19.4764,19.0039,24.1937,67.1977,2602.95556542,4.717299999999998,5.189799999999998,-0.47250000000000014,1.242205314018343,37.05991004732289,0.4103899526771144,0.4103899526771144
TRN-0257,30.6035,29.4846,36.2652,41.0898,16.7405,14.3861,22.2693,,21.5145,Valid,0.0062374738949344,0.0062374738949344,0.0034399054838051,0,0,0,0,1,0,0,0,16.7405,14.3861,22.2693,49.4543,902.3319561000001,5.5288,7.8832,-2.3544,1.330264131737922,21.19486512298582,0.31963487701418103,0.31963487701418103
TRN-0443,9.6318,92.6893,34.5091,30.5353,10.1782,12.5837,11.7777,64.1771,32.9683,Valid,0.1626398367494932,0.1626398367494932,0.0968909690825179,2,0,0,0,0,0,0,0,10.1782,12.5837,11.7777,64.1771,892.7647997400001,1.599499999999999,-0.8060000000000009,2.4055,1.1571484573417132,33.76452206567415,-0.7962220656741508,0.7962220656741508
TRN-0507,10.6681,75.8719,33.3623,5.2737,9.6188,11.4513,11.3341,67.399,23.1349,Valid,0.273996082164242,0.273996082164242,0.1634267897852052,0,0,0,0,0,0,0,0,9.6188,11.4513,11.3341,67.399,809.40901639,1.7152999999999992,-0.11720000000000041,1.8324999999999996,1.1783266329202884,22.68489746806605,0.4500025319339471,0.4500025319339471
TRN-0943,24.4524,69.9741,29.5096,22.3974,15.7061,15.1518,19.6866,30.7207,25.1708,Valid,-0.2477309129970457,0.2477309129970457,-0.1483072640751051,0,0,0,0,0,0,0,0,15.7061,15.1518,19.6866,30.7207,1711.0346828400002,3.9804999999999993,4.534799999999999,-0.5542999999999996,1.253435764807454,25.444176307283712,-0.2733763072837121,0.2733763072837121
TRN-0438,9.2579,44.797,28.7596,5.9031,6.9661,7.9532,8.5018,71.9907,13.9035,Valid,-0.2138713144670134,0.2138713144670134,-0.128076012846507,0,0,0,0,0,0,0,0,6.9661,7.9532,8.5018,71.9907,414.7261462999999,1.5356999999999994,0.5485999999999995,0.9870999999999999,1.2204515863229262,14.6921763845249,-0.7886763845249014,0.7886763845249014
TRN-0323,23.8319,94.5641,40.9548,12.1292,23.0025,17.4622,20.4693,53.8698,40.1544,Invalid,-0.3942264101972696,0.3942264101972696,-0.2358389341593601,0,0,0,0,0,0,0,0,23.0025,17.4622,20.4693,53.8698,2253.64217479,-2.533200000000001,3.007100000000001,-5.540300000000002,0.8898724530496889,40.36011643693533,-0.20571643693532593,0.20571643693532593
TRN-0541,29.5137,89.7528,32.8875,44.0727,19.4791,18.9202,24.4323,46.1615,36.989,Valid,-0.1451593937905677,0.1451593937905677,-0.0870203538914347,0,0,0,0,0,0,0,0,19.4791,18.9202,24.4323,46.1615,2648.93721336,4.9532000000000025,5.5121,-0.5588999999999977,1.2542821514946012,37.631106069636424,-0.6421060696364265,0.6421060696364265
TRN-0513,8.5988,18.8074,39.8048,25.8064,5.467,6.0593,7.4333,30.0082,13.1153,Valid,0.1905078798776598,0.1905078798776598,0.1135422409892202,1,0,0,0,0,0,0,0,5.467,6.0593,7.4333,30.0082,161.72107112000003,1.9663000000000004,1.3739999999999997,0.5923000000000007,1.359664606430206,14.412002984329376,-1.296702984329377,1.296702984329377
TRN-0830,29.6897,109.4003,33.5982,31.3241,20.6293,20.8849,25.3653,48.7288,53.7412,Valid,-0.105028809543068,0.105028809543068,-0.0630421625628675,1,0,0,0,0,0,0,0,20.6293,20.8849,25.3653,48.7288,3248.06208691,4.736000000000001,4.480400000000003,0.2555999999999976,1.229575783193912,53.02304706293679,0.7181529370632092,0.7181529370632092
TRN-0124,28.7059,44.4546,28.3929,31.8519,16.5947,25.0,21.7478,58.4106,20.567,Invalid,0.1847430186864969,0.1847430186864969,0.1100977124029475,0,0,0,0,0,0,0,0,16.5947,25.0,21.7478,58.4106,1276.10930214,5.153100000000002,-3.2521999999999984,8.4053,1.3105260652340416,19.806134259120554,0.7608657408794457,0.7608657408794457
TRN-0434,18.3304,91.2825,54.8353,42.0785,14.206,15.9913,17.3458,,51.9073,Valid,-0.0155523325250115,0.0155523325250115,-0.0095795946592175,2,0,0,0,1,0,0,0,14.206,15.9913,17.3458,49.4543,1673.244738,3.139800000000001,1.3544999999999998,1.7853000000000012,1.2210184281159877,43.05811278987792,8.849187210122082,8.849187210122082
TRN-0742,31.1274,41.4679,25.8498,14.7618,17.5962,15.2001,23.0903,49.2011,21.1804,Valid,0.3557000822384921,0.3557000822384921,0.2122452703238158,2,0,0,0,0,0,0,0,17.5962,15.2001,23.0903,49.2011,1290.7879104600001,5.4940999999999995,7.890199999999998,-2.396099999999999,1.312231440747752,20.768325219975317,0.4120747800246818,0.4120747800246818
TRN-0351,8.8242,109.9343,21.3625,17.1093,10.3528,12.9679,11.602,47.0632,43.8924,Valid,-0.1263978483446202,0.1263978483446202,-0.0758102523003878,2,0,0,0,0,0,0,0,10.3528,12.9679,11.602,47.0632,970.0822500599999,1.2492,-1.3659,2.6151,1.1206619265687288,41.89733428018942,1.995065719810583,1.995065719810583
TRN-0736,29.5104,28.1679,36.3961,51.5832,16.1474,13.8079,21.6011,49.2212,20.9866,Valid,-0.0062512442696309,0.0062512442696309,-0.004022155665159,0,0,0,0,0,0,0,0,16.1474,13.8079,21.6011,49.2212,831.24599616,5.453699999999998,7.793199999999999,-2.339500000000001,1.3377439477910078,20.346404373581866,0.6401956264181337,0.6401956264181337
TRN-0518,30.191,68.5258,29.2458,38.1312,11.105,17.2072,23.2016,42.7267,26.6751,Invalid,-0.4235652341554115,0.4235652341554115,-0.2533690037413225,0,0,0,0,0,0,0,0,11.105,17.2072,23.2016,42.7267,2068.8624278,12.096599999999999,5.994399999999999,6.1022,2.089291229814291,26.900289184958602,-0.22518918495860163,0.22518918495860163
TRN-0097,24.0983,15.5749,32.5565,32.3226,12.5641,10.8077,5.4559,72.9077,17.5511,Invalid,-11.726946620308087,11.726946620308087,-7.007186487816954,2,0,0,0,0,0,0,0,12.5641,10.8077,5.4559,72.9077,375.32861267,-7.1082,-5.351800000000001,-1.7563999999999993,0.4342448450387652,17.07649862969029,0.4746013703097134,0.4746013703097134
TRN-0220,12.1699,57.0484,31.2917,52.7784,9.5998,10.3563,11.9747,50.9553,17.0452,Valid,0.2395077609498805,0.2395077609498805,0.1428198741325739,1,0,0,0,0,0,0,0,9.5998,10.3563,11.9747,50.9553,694.27332316,2.3749000000000002,1.6184000000000012,0.7564999999999991,1.2473892712459935,16.736433654528952,0.3087663454710494,0.3087663454710494
TRN-0713,11.9594,108.4812,34.5381,58.1279,12.1882,14.8651,14.0675,69.0032,47.8264,Valid,-0.2394070107235908,0.2394070107235908,-0.1433336977775839,2,0,0,0,0,0,0,0,12.1882,14.8651,14.0675,69.0032,1297.37006328,1.8793000000000006,-0.7975999999999992,2.6769,1.1541891713385313,43.118567496567515,4.707832503432485,4.707832503432485
TRN-0890,27.1695,81.7422,25.519,26.4742,17.8631,17.0967,22.0936,62.1795,29.1343,Valid,-0.3177019258087235,0.3177019258087235,-0.1901152358281344,0,0,0,0,0,0,0,0,17.8631,17.0967,22.0936,62.1795,2220.8947029,4.230499999999999,4.9969,-0.7664000000000009,1.2368283014547858,29.349301796713153,-0.21500179671315323,0.21500179671315323
TRN-0531,20.7203,99.2481,31.085,54.7814,16.2072,17.0458,19.816,39.6731,41.019,Valid,0.3255629262592805,0.3255629262592805,0.1942381940322855,1,0,0,0,0,0,0,0,16.2072,17.0458,19.816,39.6731,2056.45040643,3.6087999999999987,2.770199999999999,0.8385999999999996,1.2226657148269195,40.28716459823776,0.7318354017622397,0.7318354017622397
TRN-0369,24.5577,62.3376,30.1652,56.576,15.5392,14.881,19.6012,46.2767,24.6977,Valid,-0.5045269946356079,0.5045269946356079,-0.3017439930292676,2,0,0,0,0,0,0,0,15.5392,14.881,19.6012,46.2767,1530.86807952,4.061999999999999,4.720199999999998,-0.658199999999999,1.261402606696222,24.940347491924037,-0.24264749192403556,0.24264749192403556
TRN-0781,17.8894,74.0111,26.7258,14.7152,12.9996,13.5775,15.9195,62.4277,23.4299,Valid,0.083766735767627,0.083766735767627,0.0497639625491302,0,0,0,0,0,0,0,0,12.9996,13.5775,15.9195,62.4277,1324.01417234,2.9199,2.3419999999999987,0.5779000000000014,1.2246136614867678,23.352607561771585,0.07729243822841525,0.07729243822841525
TRN-0928,25.7367,90.4034,33.5964,54.4149,17.8868,17.9832,22.3347,46.1552,36.6371,Valid,0.0633048576459742,0.0633048576459742,0.0375379050983623,0,0,0,0,0,0,0,0,17.8868,17.9832,22.3347,46.1552,2326.68518478,4.447900000000001,4.3515000000000015,0.09639999999999915,1.2486687117490487,37.11399936385853,-0.4768993638585357,0.4768993638585357
TRN-0194,15.343,109.4771,33.6951,57.5039,14.2222,16.389,16.6468,72.3277,50.4105,Valid,0.0815004277768522,0.0815004277768522,0.0484098340800027,1,0,0,0,0,0,0,0,14.2222,16.389,16.6468,72.3277,1679.7071452999999,2.424599999999998,0.2577999999999996,2.1667999999999985,1.170479130880503,48.587143883649695,1.823356116350304,1.823356116350304
TRN-0743,16.6379,22.9675,37.3504,24.5539,9.2704,8.9039,12.3042,61.3833,15.879,Invalid,-0.3400148288530573,0.3400148288530573,-0.2034472883841881,2,0,0,0,0,0,0,0,9.2704,8.9039,12.3042,61.3833,382.13096824999997,3.0337999999999994,3.4002999999999997,-0.36650000000000027,1.3272552130919775,16.248551007321712,-0.36955100732171253,0.36955100732171253
TRN-0294,31.8012,33.9683,33.232,36.4063,17.3683,15.0914,22.6319,49.1939,21.8126,Valid,-0.5356788063435829,0.5356788063435829,-0.3203573303472226,2,0,0,0,0,0,0,0,17.3683,15.0914,22.6319,49.1939,1080.23270196,5.2636,7.5405000000000015,-2.2769000000000013,1.303057119547037,20.8597089523411,0.9528910476588983,0.9528910476588983
TRN-0304,23.6657,17.7618,19.2181,49.6166,12.9498,16.1247,17.0497,54.4657,17.0368,Invalid,-0.0056832167366032,0.0056832167366032,-0.00368275684697,2,0,0,0,0,0,0,0,12.9498,16.1247,17.0497,54.4657,420.34543026000006,4.099900000000002,0.9250000000000007,3.174900000000001,1.3165984674678626,17.442373423029657,-0.40557342302965793,0.40557342302965793
TRN-0382,14.1328,104.1859,27.4694,17.0621,12.7062,14.6844,14.7467,55.5636,41.6252,Valid,-0.109891042290064,0.109891042290064,-0.0659473668921257,0,0,0,0,0,0,0,0,12.7062,14.6844,14.7467,55.5636,1472.43848752,2.0404999999999998,0.062300000000000466,1.9781999999999993,1.1605899792306282,42.418256565477904,-0.7930565654779045,0.7930565654779045
TRN-0417,26.973,68.6493,28.7009,27.9014,17.2997,16.4962,21.6952,57.9395,25.9572,Valid,0.087360828969718,0.087360828969718,0.0519114482154474,2,0,0,0,0,0,0,0,17.2997,16.4962,21.6952,57.9395,1851.6775688999999,4.395499999999998,5.198999999999998,-0.8034999999999997,1.2540788255988105,26.361683366151603,-0.4044833661516023,0.4044833661516023
TRN-0297,26.5298,89.9603,18.0,53.9437,18.1662,17.589,22.426,33.5126,31.7561,Valid,-0.3017425944466865,0.3017425944466865,-0.1805794688302052,2,0,0,0,0,0,0,0,18.1662,17.589,22.426,33.5126,2386.6287669400003,4.2597999999999985,4.837,-0.5772000000000013,1.2344897477239336,34.06684152907188,-2.31074152907188,2.31074152907188
TRN-0622,21.0295,23.2536,34.0265,49.4829,5.4912,11.0359,16.266,51.2347,17.9097,Invalid,0.5181407603257018,0.5181407603257018,0.309304252438186,1,0,0,0,0,0,0,0,5.4912,11.0359,16.266,51.2347,489.01158119999997,10.774799999999999,5.230099999999998,5.5447,2.9621886615154036,17.631643417111864,0.27805658288813717,0.27805658288813717
TRN-0563,16.5004,76.4705,23.6697,55.7837,12.9151,13.4514,15.6811,38.7838,23.4619,Valid,0.1408370652735993,0.1408370652735993,0.0838637222645356,2,0,0,0,0,0,0,0,12.9151,13.4514,15.6811,38.7838,1261.7938382,2.766,2.229700000000001,0.5362999999999989,1.2141669718647383,22.836032209700768,0.6258677902992318,0.6258677902992318
TRN-0920,28.0007,43.5856,29.5635,31.3067,16.4039,14.665,21.3004,,20.6462,Valid,0.1749162526881384,0.1749162526881384,0.1042261787667439,0,0,0,0,1,0,0,0,16.4039,14.665,21.3004,49.4543,1220.42730992,4.8965,6.635400000000001,-1.738900000000001,1.2984952977674225,20.687737139785437,-0.041537139785436494,0.041537139785436494
TRN-0568,17.0624,18.7827,25.3896,23.4091,9.6033,8.647,12.7841,69.2815,14.8344,Valid,0.2136082361995086,0.2136082361995086,0.1273448001602314,0,0,0,0,0,0,0,0,9.6033,8.647,12.7841,69.2815,320.47794048,3.1807999999999996,4.1371,-0.9563000000000006,1.3312180904292374,15.331093291565944,-0.49669329156594344,0.49669329156594344
TRN-0227,10.4857,104.8969,33.4685,24.2937,10.7743,13.447,12.3912,44.9239,42.3603,Valid,-0.3086993816196681,0.3086993816196681,-0.1847361781578615,2,0,0,0,0,0,0,0,10.7743,13.447,12.3912,44.9239,1099.91742433,1.6168999999999993,-1.0557999999999996,2.672699999999999,1.1500690067391786,42.17602152066817,0.18427847933183017,0.18427847933183017
TRN-0581,31.4401,34.7442,44.4525,37.6516,17.718,15.566,23.4067,53.4032,23.1496,Valid,0.5564591149604823,0.5564591149604823,0.3321996290208456,1,0,0,0,0,0,0,0,17.718,15.566,23.4067,53.4032,1092.36112242,5.688700000000001,7.8407,-2.1519999999999992,1.3210682238016573,22.795981688458518,0.3536183115414815,0.3536183115414815
TRN-0320,26.2045,71.2287,39.427,5.5082,16.4818,16.3147,20.7495,74.076,28.4389,Valid,-0.2035754205385238,0.2035754205385238,-0.1219241733170006,2,0,0,0,0,0,0,0,16.4818,16.3147,20.7495,74.076,1866.51246915,4.267700000000001,4.434800000000003,-0.16710000000000136,1.2589333331715389,28.267905377906786,0.1709946220932146,0.1709946220932146
TRN-0167,9.1955,28.8878,39.9113,21.6789,6.0801,0.0631,7.9135,42.5394,14.3812,Invalid,-0.081900886602563,0.081900886602563,-0.0492231322223277,0,0,0,0,0,0,0,0,6.0801,0.0631,7.9135,42.5394,265.6377649,1.8334000000000001,7.8504,-6.0169999999999995,1.3015389524202687,14.859768050641028,-0.47856805064102836,0.47856805064102836
TRN-0450,12.2914,80.6737,25.0689,28.09,10.7961,12.1847,12.857,26.3365,23.8166,Valid,0.0660265404451294,0.0660265404451294,0.0391641219132316,2,0,0,0,0,0,0,0,10.7961,12.1847,12.857,26.3365,991.5927161799999,2.0609,0.6722999999999999,1.3886000000000003,1.1908919045841513,23.317193240666366,0.49940675933363465,0.49940675933363465
TRN-0287,24.9197,109.5992,39.1933,44.5793,18.6125,19.6007,22.8927,62.0009,54.3793,Valid,0.2733715045207496,0.2733715045207496,0.163053602040346,2,0,0,0,0,0,0,0,18.6125,19.6007,22.8927,62.0009,2731.17918424,4.280200000000001,3.2920000000000016,0.9881999999999991,1.2299630732233322,55.49283217500654,-1.1135321750065401,1.1135321750065401
TRN-0650,9.3389,69.1289,34.8242,7.8153,8.6751,10.3544,10.3503,43.2764,21.5834,Valid,0.3137300217640497,0.3137300217640497,0.1871679842837947,0,0,0,0,0,0,0,0,8.6751,10.3544,10.3503,43.2764,645.5878842100001,1.6752000000000002,-0.004099999999999326,1.6792999999999996,1.1931030269356815,21.597728977090846,-0.014328977090844575,0.014328977090844575
TRN-0901,24.5837,32.3434,44.0985,18.3583,13.6707,12.6833,18.0113,56.004,20.0391,Valid,-0.0538737400901609,0.0538737400901609,-0.0324767953804954,1,0,0,0,0,0,0,0,13.6707,12.6833,18.0113,56.004,795.12044258,4.3405999999999985,5.327999999999999,-0.9874000000000009,1.317510209784276,20.974242882263606,-0.9351428822636052,0.9351428822636052
TRN-0031,31.5827,42.3262,21.2104,46.5375,18.086,15.3435,23.7902,63.3815,21.3218,Valid,0.2549171739037668,0.2549171739037668,0.1520270625898963,0,0,0,0,0,0,0,0,18.086,15.3435,23.7902,63.3815,1336.7756767399999,5.7042,8.446699999999998,-2.742499999999998,1.3153923944529502,21.328722789269356,-0.006922789269356855,0.006922789269356855
TRN-0199,20.0134,74.4171,30.5929,34.5742,14.1476,14.6017,17.3784,29.7774,25.6966,Valid,-0.1055180526358654,0.1055180526358654,-0.0633344873496916,1,0,0,0,0,0,0,0,14.1476,14.6017,17.3784,29.7774,1489.3391891400001,3.2307999999999986,2.7767,0.4540999999999986,1.2283629531772504,25.714707236540406,-0.01810723654040558,0.01810723654040558
TRN-0630,24.2394,42.3827,37.0505,29.3917,14.3383,13.4411,18.6192,44.5871,20.1279,Valid,0.1405801553721986,0.1405801553721986,0.0837102175277992,1,0,0,0,0,0,0,0,14.3383,13.4411,18.6192,44.5871,1027.3312183799999,4.280899999999999,5.178099999999999,-0.8971999999999998,1.2985630803072328,20.513888100925563,-0.38598810092556235,0.38598810092556235
TRN-0605,13.0001,85.6198,45.944,9.1593,11.1971,13.4391,13.1292,44.0425,32.9308,Valid,-0.1617693702242668,0.1617693702242668,-0.0969448840311882,0,0,0,0,0,0,0,0,11.1971,13.4391,13.1292,44.0425,1113.0659619799999,1.9321000000000002,-0.30989999999999895,2.241999999999999,1.17255256043747,31.226620402830005,1.7041795971699933,1.7041795971699933
TRN-0704,24.0661,67.4291,32.3245,15.834,15.4074,15.0642,30.0999,60.9044,25.2527,Invalid,10.631164005155966,10.631164005155966,6.351877786360645,0,0,0,0,0,0,0,0,15.4074,15.0642,30.0999,60.9044,1622.75546351,14.6925,15.035700000000002,-0.3432000000000013,1.9535989501155613,24.912838167879467,0.33986183212053334,0.33986183212053334
TRN-0614,20.2532,103.5468,45.9658,19.1421,15.4626,17.1631,18.7869,44.9124,48.5665,Valid,-0.21319453937177,0.21319453937177,-0.1276716369066983,2,0,0,0,0,0,0,0,15.4626,17.1631,18.7869,44.9124,2097.15404976,3.324299999999999,1.6237999999999992,1.7005,1.21498893136411,49.161127118963954,-0.594627118963956,0.594627118963956
TRN-0315,17.4271,55.0366,20.4553,35.888,11.7702,11.6673,14.6101,43.8198,17.1108,Valid,-0.1969345817685823,0.1969345817685823,-0.1179562444768481,2,0,0,0,0,0,0,0,11.7702,11.6673,14.6101,43.8198,959.12833186,2.8398999999999983,2.9428,-0.10290000000000177,1.2412777681961493,17.57819511119916,-0.4673951111991599,0.4673951111991599
TRN-0018,9.606,80.1658,36.9003,58.9581,7.4058,5.6122,11.8582,50.8925,26.5112,Invalid,0.6660592492990638,0.6660592492990638,0.3976861660370843,0,0,0,0,0,0,0,0,7.4058,5.6122,11.8582,50.8925,770.0726748000001,4.4524,6.246,-1.7936000000000005,1.6012022992758388,24.33856369622542,2.1726363037745777,2.1726363037745777
TRN-0669,19.456,70.6109,26.7711,19.4439,13.949,13.9951,17.503,32.6376,22.7601,Valid,0.7654537597815967,0.7654537597815967,0.4570748002682925,0,0,0,0,0,0,0,0,13.949,13.9951,17.503,32.6376,1373.8056704,3.5540000000000003,3.5078999999999994,0.04610000000000092,1.2547843897165463,23.12363483434507,-0.3635348343450673,0.3635348343450673
TRN-0168,15.3642,103.1518,32.9891,37.3924,13.7518,15.742,16.2821,60.6418,43.7129,Invalid,0.2721205195470872,0.2721205195470872,0.1623061333052127,2,0,0,0,0,0,0,0,13.7518,15.742,16.2821,60.6418,1584.84488556,2.5303000000000004,0.5400999999999989,1.9902000000000015,1.1839968702301733,42.980509780608976,0.7323902193910214,0.7323902193910214
TRN-0397,12.6677,60.0778,26.2891,30.817,10.0417,10.7811,12.4172,51.166,16.9303,Valid,0.4479551934232013,0.4479551934232013,0.2673680837217547,2,0,0,0,0,0,0,0,10.0417,10.7811,12.4172,51.166,761.04754706,2.375499999999999,1.636099999999999,0.7393999999999998,1.236562298652321,17.961247131823587,-1.0309471318235879,1.0309471318235879
TRN-0324,18.6204,80.1765,35.0088,24.0491,13.5275,14.4397,16.6685,,28.5561,Valid,-0.1065494864943339,0.1065494864943339,-0.0639507733785366,2,0,0,0,1,0,0,0,13.5275,14.4397,16.6685,49.4543,1492.9185006,3.141000000000002,2.2288000000000014,0.9122000000000003,1.2321927686617864,26.927799519331806,1.6283004806681944,1.6283004806681944
TRN-0154,15.6191,87.307,31.2849,31.8206,12.6735,13.9206,15.2714,60.0861,24.836,Invalid,0.0407120538876917,0.0407120538876917,0.0240386106992626,0,0,0,0,0,0,0,0,12.6735,13.9206,15.2714,60.0861,1363.6567637,2.597899999999999,1.3507999999999996,1.2470999999999997,1.204985832654095,29.185621555773935,-4.349621555773936,4.349621555773936
TRN-0666,8.1382,65.7363,39.0356,11.4716,7.6017,9.7427,9.234,32.6448,21.455,Valid,0.198288293799429,0.198288293799429,0.1181910707316691,0,0,0,0,0,0,0,0,7.6017,9.7427,9.234,32.6448,534.9751566599999,1.6322999999999999,-0.5086999999999993,2.140999999999999,1.2147266864955386,20.732399875055105,0.7226001249448935,0.7226001249448935
TRN-0826,28.4712,27.8256,35.3796,21.3808,15.2771,13.2259,19.943,48.6539,20.0595,Valid,-0.6124475981540272,0.6124475981540272,-0.3662270033811621,0,0,0,0,0,0,0,0,15.2771,13.2259,19.943,48.6539,792.2282227200001,4.665900000000001,6.717100000000002,-2.0512000000000015,1.3054170585928884,19.48526134304419,0.57423865695581,0.57423865695581
TRN-0131,18.5812,92.627,32.678,29.3111,14.2849,15.4514,17.3894,51.1103,34.9359,Valid,0.0331164139831585,0.0331164139831585,0.0195001842021417,0,0,0,0,0,0,0,0,14.2849,15.4514,17.3894,51.1103,1721.1208123999997,3.104499999999998,1.9379999999999988,1.1664999999999992,1.2173265354839475,34.89742217185579,0.038477828144209525,0.038477828144209525
TRN-0206,15.64,43.7312,36.5787,24.7762,10.3069,10.4717,13.1759,67.9744,17.0176,Valid,0.2426113366367666,0.2426113366367666,0.1446742735393675,2,0,0,0,0,0,0,0,10.3069,10.4717,13.1759,67.9744,683.9559680000001,2.8689999999999998,2.7042,0.1647999999999996,1.2783559767185315,17.468458813727164,-0.4508588137271623,0.4508588137271623
TRN-0641,24.5801,94.9394,27.697,34.8704,17.3518,17.6709,21.5468,56.5225,37.4487,Valid,0.0666151317331298,0.0666151317331298,0.0395158076607143,2,0,0,0,0,0,0,0,17.3518,17.6709,21.5468,56.5225,2333.6199459400004,4.195,3.8759000000000015,0.31909999999999883,1.241760945976241,38.12823259196456,-0.6795325919645592,0.6795325919645592
TRN-0478,22.1023,75.3986,39.5437,15.7804,15.0451,15.3171,18.7467,40.8439,29.3263,Valid,0.107191995422994,0.107191995422994,0.0637606528159247,0,0,0,0,0,0,0,0,15.0451,15.3171,18.7467,40.8439,1666.48247678,3.701600000000001,3.4296000000000006,0.27200000000000024,1.2460327641339946,29.283074762867145,0.0432252371328552,0.0432252371328552
TRN-0026,23.3843,84.4197,26.1531,13.7255,16.0969,15.9865,19.9008,42.4546,28.9849,Valid,0.0630739039794896,0.0630739039794896,0.0373999093201586,1,0,0,0,0,0,0,0,16.0969,15.9865,19.9008,42.4546,1974.0955907100001,3.8038999999999987,3.914300000000001,-0.11040000000000205,1.2363118138822917,30.79826861837064,-1.8133686183706388,1.8133686183706388
TRN-0363,12.5154,100.0179,26.6011,17.9126,11.5718,13.6642,13.2085,54.963,36.6662,Valid,-0.5695551229180946,0.5695551229180946,-0.3405985706770681,0,0,0,0,0,0,0,0,11.5718,13.6642,13.2085,54.963,1251.76402566,1.6367000000000012,-0.45569999999999844,2.0923999999999996,1.1414376834738906,37.96308314746824,-1.296883147468236,1.296883147468236
TRN-0430,20.7575,53.4003,34.8645,24.8433,12.9698,12.7579,16.7595,48.1514,19.0719,Valid,-0.0058619225643425,0.0058619225643425,-0.0037895343237851,0,0,0,0,0,0,0,0,12.9698,12.7579,16.7595,48.1514,1108.45672725,3.7897,4.0016,-0.21189999999999998,1.2921931778491744,19.647361870237237,-0.5754618702372376,0.5754618702372376
TRN-0936,10.8932,25.4503,34.2131,51.1712,7.0372,7.1364,9.181,62.3112,14.5568,Valid,-0.2138159951982565,0.2138159951982565,-0.1280429593528866,1,0,0,0,0,0,0,0,7.0372,7.1364,9.181,62.3112,277.23520795999997,2.143799999999999,2.044599999999999,0.09919999999999973,1.3046363544643402,14.88093915045013,-0.3241391504501294,0.3241391504501294
TRN-0129,21.1678,103.3248,40.2966,38.4533,16.1599,17.4796,19.4539,,47.0142,Valid,-0.2687475220390283,0.2687475220390283,-0.1608647755625624,0,0,0,0,1,0,0,0,16.1599,17.4796,19.4539,49.4543,2187.1587014399997,3.2940000000000005,1.9742999999999995,1.319700000000001,1.203837150083138,47.04629487923974,-0.032094879239735974,0.032094879239735974
TRN-0688,20.0467,29.4538,26.8279,33.6621,11.6891,10.7337,15.4426,54.0091,16.7953,Valid,0.194895639828692,0.194895639828692,0.1161639458455663,2,0,0,0,0,0,0,0,11.6891,10.7337,15.4426,54.0091,590.45149246,3.7535000000000007,4.7089,-0.9553999999999991,1.3211099904098773,17.9806768307973,-1.1853768307972992,1.1853768307972992
TRN-0157,22.4119,20.8205,26.7832,21.6598,11.8651,10.3674,15.741,52.7544,16.6935,Valid,-0.3457718164379315,0.3457718164379315,-0.2068871124578907,0,0,0,0,0,0,0,0,11.8651,10.3674,15.741,52.7544,466.62696394999995,3.8758999999999997,5.3736,-1.4977,1.3266627953723142,16.9601386117415,-0.2666386117414987,0.2666386117414987
TRN-0422,29.5699,19.6229,39.3521,44.9731,15.9528,13.5415,21.3873,41.892,20.6111,Valid,0.4208934719387827,0.4208934719387827,0.2511985923574665,1,0,0,0,0,0,0,0,15.9528,13.5415,21.3873,41.892,580.24719071,5.4345,7.8458000000000006,-2.4113000000000007,1.3406603601497167,20.42023226224802,0.1908677377519794,0.1908677377519794
TRN-0561,21.2552,28.753,28.5431,55.9749,14.8131,15.3306,16.1621,58.7379,17.9232,Invalid,-0.0045508345657729,0.0045508345657729,-0.0030061537807957,2,0,0,0,0,0,0,0,14.8131,15.3306,16.1621,58.7379,611.1507656,1.3489999999999984,0.8314999999999984,0.5175000000000001,1.0910673045700734,18.818855293468665,-0.8956552934686641,0.8956552934686641
TRN-0281,20.3633,63.1516,37.9498,43.269,14.0488,13.9778,17.9825,33.7963,25.6006,Valid,0.6826887001982627,0.6826887001982627,0.407622332251132,2,0,0,0,0,0,0,0,14.0488,13.9778,17.9825,33.7963,1285.97497628,3.9337000000000018,4.0047000000000015,-0.07099999999999973,1.28000165138542,24.31797120330415,1.2826287966958496,1.2826287966958496
TRN-0108,18.4548,83.0207,37.7378,7.6421,13.5164,7.7951,16.5216,45.0359,30.0347,Invalid,0.0337342281695001,0.0337342281695001,0.0198693307531671,0,0,0,0,0,0,0,0,13.5164,7.7951,16.5216,45.0359,1532.13041436,3.0051999999999985,8.7265,-5.721300000000001,1.2223364044150775,31.62320846638972,-1.5885084663897189,1.5885084663897189
TRN-0332,19.9914,90.3498,42.0529,54.2919,15.1578,16.3139,18.691,51.4997,37.3545,Valid,0.0672623773668839,0.0672623773668839,0.0399025396242217,2,0,0,0,0,0,0,0,15.1578,16.3139,18.691,51.4997,1806.2189917199998,3.533199999999999,2.3770999999999987,1.1561000000000003,1.2330936988918584,38.1916550151042,-0.8371550151042015,0.8371550151042015
TRN-0185,13.0874,48.0294,42.0912,28.1127,9.6031,10.4584,12.469,52.8484,46.1158,Invalid,0.8935790634715755,0.8935790634715755,0.5336302031740077,2,0,0,0,0,0,0,0,9.6031,10.4584,12.469,52.8484,628.5799695600001,2.8659,2.0106,0.8552999999999997,1.298433528304893,18.096965575612337,28.018834424387663,28.018834424387663
TRN-0746,11.5123,78.7144,35.2434,11.023,9.9073,11.8385,11.9057,50.1068,25.1387,Valid,-0.0751176523787311,0.0751176523787311,-0.0451701215050551,0,0,0,0,0,0,0,0,9.9073,11.8385,11.9057,50.1068,906.1837871199999,1.9984000000000002,0.0671999999999997,1.9312000000000005,1.201708637359687,25.334850338347323,-0.19615033834732287,0.19615033834732287
TRN-0656,12.9859,56.5878,41.075,23.6554,9.7232,10.5824,12.1611,23.4386,17.7576,Valid,0.2774041315730038,0.2774041315730038,0.165463113509687,2,0,0,0,0,0,0,0,9.7232,10.5824,12.1611,23.4386,734.84351202,2.437899999999999,1.5786999999999995,0.8591999999999995,1.2507289259411243,18.23122230402367,-0.4736223040236709,0.4736223040236709
TRN-0270,18.3775,49.9777,28.7527,20.261,11.6306,11.4468,14.7626,43.6153,17.1733,Valid,-0.230983567538173,0.230983567538173,-0.138300655370337,0,0,0,0,0,0,0,0,11.6306,11.4468,14.7626,43.6153,918.46518175,3.1320000000000014,3.315800000000001,-0.18379999999999974,1.2692885411857162,18.02087887249334,-0.8475788724933402,0.8475788724933402
TRN-0462,9.376,27.3945,36.0394,38.8804,6.3963,7.0118,8.4734,42.8012,14.3644,Valid,0.1402603529204249,0.1402603529204249,0.0835191342301159,1,0,0,0,0,0,0,0,6.3963,7.0118,8.4734,42.8012,256.85083199999997,2.0770999999999997,1.4615999999999998,0.6154999999999999,1.3247325411057314,14.562686412370322,-0.1982864123703223,0.1982864123703223
TRN-0245,12.2692,79.2162,37.8168,33.9754,10.6367,12.3656,12.7798,33.0432,26.8149,Valid,0.0544667759699315,0.0544667759699315,0.0322571144649974,1,0,0,0,0,0,0,0,10.6367,12.3656,12.7798,33.0432,971.91940104,2.1431000000000004,0.41419999999999924,1.7289000000000012,1.2014805329843534,25.27010305264137,1.5447969473586305,1.5447969473586305
TRN-0986,16.4933,30.86,41.2013,54.7611,10.5093,10.1223,13.7721,54.7129,17.9657,Valid,0.3649604739314362,0.3649604739314362,0.2177783929522191,1,0,0,0,0,0,0,0,10.5093,10.1223,13.7721,54.7129,508.98323800000003,3.2628000000000004,3.649800000000001,-0.38700000000000045,1.3104666243549767,17.365395527084402,0.600304472915596,0.600304472915596
TRN-0905,20.6906,44.6437,44.5003,38.915,12.5439,12.4742,16.1979,53.5546,20.3892,Valid,-0.2163734517572102,0.2163734517572102,-0.129571050304837,2,0,0,0,0,0,0,0,12.5439,12.4742,16.1979,53.5546,923.70493922,3.654,3.723700000000001,-0.06970000000000098,1.2912959356372933,20.950774863224968,-0.5615748632249691,0.5615748632249691
TRN-0355,12.6951,77.0043,34.7021,7.1159,10.4104,11.9463,12.3935,66.5491,24.5341,Valid,-0.0693115886513435,0.0693115886513435,-0.0417009742316803,0,0,0,0,0,0,0,0,10.4104,11.9463,12.3935,66.5491,977.57728893,1.9831000000000003,0.4471999999999987,1.5359000000000016,1.1904910565482052,24.21282982316147,0.321270176838528,0.321270176838528
TRN-0684,28.7954,59.5556,32.8725,33.6192,17.5358,16.2295,22.6425,49.5823,22.6681,Valid,0.1604430094058209,0.1604430094058209,0.0955783555895887,0,0,0,0,0,0,0,0,17.5358,16.2295,22.6425,49.5823,1714.92732424,5.1067,6.412999999999997,-1.3062999999999967,1.2912149481546618,22.77380924571908,-0.1057092457190798,0.1057092457190798
TRN-0433,14.1649,48.5547,35.8988,14.1726,9.8755,10.08,12.6932,52.2889,17.3311,Valid,0.5057236263499778,0.5057236263499778,0.3018849631403754,2,0,0,0,0,0,0,0,9.8755,10.08,12.6932,52.2889,687.7724700299999,2.8176999999999985,2.613199999999999,0.20449999999999946,1.2853209606389948,16.980867153631877,0.35023284636812235,0.35023284636812235
TRN-0205,11.8979,97.544,25.2669,56.4937,11.918,13.5932,14.1341,49.7389,35.013,Valid,0.4508188984412928,0.4508188984412928,0.2690791594043036,2,0,0,0,0,0,0,0,11.918,13.5932,14.1341,49.7389,1160.5687576,2.216100000000001,0.5409000000000006,1.6752000000000002,1.185944633374196,36.8158791713778,-1.8028791713778034,1.8028791713778034
TRN-0806,25.4865,99.3398,44.008,55.3353,18.2879,18.9374,22.9072,48.9598,46.4182,Valid,0.2921071106138235,0.2921071106138235,0.174248204759951,1,0,0,0,0,0,0,0,18.2879,18.9374,22.9072,48.9598,2531.8238127,4.619299999999999,3.9697999999999993,0.6494999999999997,1.2525870916906305,45.80116334506223,0.6170366549377704,0.6170366549377704
TRN-0177,8.8071,96.5473,34.9594,44.9813,10.2865,12.7489,11.7695,36.0828,36.0541,Valid,0.2760638585103461,0.2760638585103461,0.1646622947692788,1,0,0,0,0,0,0,0,10.2865,12.7489,11.7695,36.0828,850.3017258300001,1.4830000000000005,-0.9794,2.4624000000000006,1.1441684303033781,37.29879239592599,-1.2446923959259948,1.2446923959259948
TRN-0744,28.2125,108.5078,19.6145,8.0209,19.8403,20.0427,24.2394,52.7439,48.0361,Valid,0.2022283381901388,0.2022283381901388,0.1205452636749073,2,0,0,0,0,0,0,0,19.8403,20.0427,24.2394,52.7439,3061.2763075,4.399100000000001,4.1967,0.2024000000000008,1.221724862161932,49.00743653896405,-0.9713365389640529,0.9713365389640529
TRN-0295,28.491,65.9864,38.1329,46.6129,18.1348,17.2158,23.268,39.7368,29.2011,Valid,0.5775695416442908,0.5775695416442908,0.3448131969402708,2,0,0,0,0,0,0,0,18.1348,17.2158,23.268,39.7368,1880.0185224000002,5.133200000000002,6.052199999999999,-0.9189999999999969,1.2830572804457285,33.10114569839535,-3.900045698395349,3.900045698395349
TRN-0948,27.7984,49.1388,26.1832,34.6076,16.6847,14.9078,21.5841,60.4037,21.0112,Valid,0.4513848563508027,0.4513848563508027,0.2694173216138156,1,0,0,0,0,0,0,0,16.6847,14.9078,21.5841,60.4037,1365.9800179200001,4.8994,6.6762999999999995,-1.7768999999999995,1.2936454993823687,21.271025945717877,-0.2598259457178784,0.2598259457178784
TRN-0844,21.372,93.2079,34.9139,44.387,15.903,16.6672,19.6773,49.3534,37.785,Valid,0.2027604601651518,0.2027604601651518,0.1208632087725491,1,0,0,0,0,0,0,0,15.903,16.6672,19.6773,49.3534,1992.0392387999998,3.7742999999999984,3.0100999999999978,0.7642000000000007,1.2373318007094254,36.817579701426745,0.9674202985732521,0.9674202985732521
TRN-0035,21.0816,84.4086,44.5723,45.0304,15.2472,16.1899,18.847,46.072,34.834,Valid,-0.0694035923564015,0.0694035923564015,-0.0417559468288698,1,0,0,0,0,0,0,0,15.2472,16.1899,18.847,46.072,1779.4683417600004,3.599800000000002,2.6571,0.9427000000000021,1.2360949970519197,34.55211689095116,0.2818831090488416,0.2818831090488416
TRN-0971,10.7856,47.0839,39.4542,52.5867,8.5482,9.3426,10.8938,58.0583,16.9186,Valid,0.6057951109318953,0.6057951109318953,0.3616780922171961,2,0,0,0,0,0,0,0,8.5482,9.3426,10.8938,58.0583,507.82811184,2.345600000000001,1.5512000000000015,0.7943999999999996,1.2743954582304367,16.44814704085354,0.4704529591464599,0.4704529591464599
TRN-0455,25.6612,102.5107,36.9688,45.8239,18.5978,19.1275,22.9467,48.6426,46.962,Valid,0.2882049631600196,0.2882049631600196,0.1719166553944462,1,0,0,0,0,0,0,0,18.5978,19.1275,22.9467,48.6426,2630.54757484,4.3489,3.8191999999999986,0.5297000000000018,1.2338388229581871,47.582400973411296,-0.620400973411293,0.620400973411293
TRN-0792,14.0843,67.8778,45.1334,50.613,11.2984,12.3105,14.1442,31.1149,26.6744,Valid,0.5025960125275901,0.5025960125275901,0.3000162008474428,1,0,0,0,0,0,0,0,11.2984,12.3105,14.1442,31.1149,956.01129854,2.8457999999999988,1.8337000000000003,1.0120999999999984,1.2518752638645614,24.49399756574567,2.1804024342543293,2.1804024342543293
TRN-0662,8.1213,69.3968,29.281,41.901,8.2046,10.0533,9.4808,46.976,19.9671,Valid,-0.2723386544596238,0.2723386544596238,-0.1630104921495972,2,0,0,0,0,0,0,0,8.2046,10.0533,9.4808,46.976,563.59223184,1.2762000000000011,-0.5724999999999998,1.848700000000001,1.1555454799192164,20.341987897520127,-0.37488789752012863,0.37488789752012863
TRN-0266,15.9753,99.6298,30.1634,13.0101,13.3042,14.9661,15.6586,44.586,38.6543,Valid,-0.1726286249231012,0.1726286249231012,-0.1034333339687322,0,0,0,0,0,0,0,0,13.3042,14.9661,15.6586,44.586,1591.61594394,2.3544,0.692499999999999,1.661900000000001,1.1769657875213937,38.23844436964958,0.4158556303504213,0.4158556303504213
TRN-0326,30.0836,84.8342,42.2461,45.3787,19.8302,19.4816,24.9872,63.2539,37.3695,Valid,0.337834982923102,0.337834982923102,0.2015707990316374,1,0,0,0,0,0,0,0,19.8302,19.4816,24.9872,63.2539,2552.11813912,5.157,5.505600000000001,-0.34860000000000113,1.2600572560754526,37.05618466539263,0.31331533460737404,0.31331533460737404
TRN-0173,8.8793,48.0957,34.4588,23.3188,7.1496,8.3093,8.9484,47.6605,15.0183,Valid,0.2024131237435558,0.2024131237435558,0.1206556738131515,2,0,0,0,0,0,0,0,7.1496,8.3093,8.9484,47.6605,427.05614901,1.798799999999999,0.6390999999999991,1.1597,1.2515927442196146,15.205708149048442,-0.1874081490484425,0.1874081490484425
TRN-0473,21.7807,79.7624,44.4431,34.0606,15.1516,16.0863,18.7589,49.0243,32.4963,Valid,-0.1731512624985249,0.1731512624985249,-0.1037456120980941,2,0,0,0,0,0,0,0,15.1516,16.0863,18.7589,49.0243,1737.28090568,3.6073000000000004,2.672599999999999,0.9347000000000012,1.2380796496213935,30.304418764996022,2.191881235003976,2.191881235003976
TRN-0759,14.1698,79.0463,27.4585,28.9708,11.6621,12.8104,14.0205,55.029,24.5945,Valid,0.0940025317811752,0.0940025317811752,0.0558798933240063,2,0,0,0,0,0,0,0,11.6621,12.8104,14.0205,55.029,1120.07026174,2.3583999999999996,1.2101000000000006,1.148299999999999,1.2022266982561474,23.439532856818666,1.1549671431813344,1.1549671431813344
TRN-0090,25.4547,40.4219,23.6058,25.1758,14.7793,13.0121,19.0257,45.9565,18.5905,Valid,-0.1144993805826715,0.1144993805826715,-0.0687008682268038,2,0,0,0,0,0,0,0,14.7793,13.0121,19.0257,45.9565,1028.92733793,4.246400000000001,6.0136,-1.767199999999999,1.2873199087102174,19.035368954892146,-0.4448689548921472,0.4448689548921472
TRN-0346,13.4272,55.4707,35.9373,17.5331,9.7561,10.4939,12.1206,55.9888,17.4079,Invalid,0.0408347286414763,0.0408347286414763,0.0241119093758851,0,0,0,0,0,0,0,0,9.7561,10.4939,12.1206,55.9888,744.8161830399999,2.3644999999999996,1.6266999999999996,0.7378,1.2423599159911072,18.384069412092604,-0.9761694120926023,0.9761694120926023
TRN-0250,19.19,70.3763,45.3644,54.5215,13.7609,14.6353,17.4645,53.9176,29.2459,Valid,0.4899191610583813,0.4899191610583813,0.2924417292649251,2,0,0,0,0,0,0,0,13.7609,14.6353,17.4645,53.9176,1350.521197,3.7036000000000016,2.8292,0.8744000000000014,1.2691384508727985,27.606909337803476,1.6389906621965231,1.6389906621965231
TRN-0585,19.7951,57.3239,36.9512,42.1921,13.0019,13.2516,16.721,24.2143,20.122,Valid,0.1009473518076831,0.1009473518076831,0.0600294522317724,1,0,0,0,0,0,0,0,13.0019,13.2516,16.721,24.2143,1134.7323328900002,3.719100000000001,3.4694000000000003,0.2497000000000007,1.2860418200095218,20.234201715467403,-0.11220171546740332,0.11220171546740332
TRN-0057,30.1846,57.0555,30.0486,29.5513,18.1997,16.6974,23.4507,84.119,22.705,Valid,0.3900970056861546,0.3900970056861546,0.2327975754299522,1,0,0,0,0,0,0,0,18.1997,16.6974,23.4507,84.119,1722.1974453,5.251000000000001,6.753300000000003,-1.5023000000000017,1.2885205313711043,22.3085820214437,0.3964179785562969,0.3964179785562969
TRN-0187,31.0442,84.7434,25.919,22.4294,19.9745,19.1135,25.0038,51.3905,32.1574,Valid,0.0376656749997721,0.0376656749997721,0.0222183866182141,1,0,0,0,0,0,0,0,19.9745,19.1135,25.0038,51.3905,2630.79105828,5.029299999999999,5.8903,-0.8610000000000007,1.2517854004929283,32.35317901386297,-0.1957790138629676,0.1957790138629676
TRN-0557,15.5447,29.2815,39.9119,30.1967,0.1218,9.5419,12.5008,57.9382,16.9847,Invalid,0.4919672319010146,0.4919672319010146,0.293665460128554,2,0,0,0,0,0,0,0,0.1218,9.5419,12.5008,57.9382,455.17213305,12.379,2.9589,9.4201,102.62540021344716,16.130367410971726,0.8543325890282745,0.8543325890282745
TRN-0098,21.2152,65.8614,33.6448,35.9575,14.2849,14.3922,18.1252,58.3774,24.619,Valid,0.3456557322950253,0.3456557322950253,0.2062437293736479,1,0,0,0,0,0,0,0,14.2849,14.3922,18.1252,58.3774,1397.26277328,3.840299999999999,3.7329999999999988,0.1073000000000004,1.2688354354350149,24.51888546983107,0.10011453016893057,0.10011453016893057
TRN-0734,30.9058,62.5443,43.9515,46.107,18.7959,17.6931,16.8485,56.4007,30.8448,Invalid,-7.206810148974728,7.206810148974728,-4.306386108923429,2,0,0,0,0,0,0,0,18.7959,17.6931,16.8485,56.4007,1932.9816269399998,-1.9473999999999982,-0.8445999999999998,-1.1027999999999984,0.8963918214122116,29.724233012613173,1.1205669873868267,1.1205669873868267
TRN-0718,11.7229,106.4226,33.7749,44.7718,11.9335,,13.9352,52.3137,45.356,Invalid,0.0779030795082551,0.0779030795082551,0.0462604034978829,1,0,1,0,0,0,1,0,11.9335,13.57855,13.9352,52.3137,1247.5814975399999,2.0016999999999996,0.35665000000000013,1.6450499999999995,1.1677369022190454,44.44174668573824,0.9142533142617637,0.9142533142617637
TRN-0389,14.6259,73.7701,26.7014,45.617,11.3153,12.2835,13.6233,67.4187,22.432,Valid,-0.4667626678062806,0.4667626678062806,-0.2791796503692285,1,0,0,0,0,0,0,0,11.3153,12.2835,13.6233,67.4187,1078.95410559,2.308,1.3398000000000003,0.9681999999999995,1.2039705496358473,22.00313492462852,0.4288650753714798,0.4288650753714798
TRN-0680,20.7467,66.0727,27.8669,12.5571,13.8576,13.7229,16.9478,56.1486,22.4213,Valid,-0.3274186041096492,0.3274186041096492,-0.1959209916063412,0,0,0,0,0,0,0,0,13.8576,13.7229,16.9478,56.1486,1370.79048509,3.090200000000001,3.2249000000000017,-0.13470000000000049,1.2229958845717264,22.228983478936883,0.19231652106311614,0.19231652106311614
TRN-0709,29.2852,102.7158,48.2417,54.5325,20.3658,20.6792,25.271,68.8564,54.4227,Valid,0.0536668772350488,0.0536668772350488,0.0317791716373972,2,0,0,0,0,0,0,0,20.3658,20.6792,25.271,68.8564,3008.05274616,4.905200000000001,4.591799999999999,0.31340000000000146,1.2408541570406482,53.65846917118232,0.7642308288176807,0.7642308288176807
TRN-0406,25.1233,40.9434,43.4653,22.5027,22.7285,13.9656,19.5208,49.8444,21.013,Invalid,0.3346893659717551,0.3346893659717551,0.1996912797941253,0,0,0,0,0,0,0,0,22.7285,13.9656,19.5208,49.8444,1028.63332122,-3.207699999999999,5.555200000000001,-8.7629,0.8588684432019521,21.467059902872958,-0.45405990287295594,0.45405990287295594
TRN-0496,13.5539,39.9312,20.6458,47.9961,8.8443,8.5335,10.9148,48.4001,15.0114,Valid,-0.792183272199388,0.792183272199388,-0.4736198176559046,1,0,0,0,0,0,0,0,8.8443,8.5335,10.9148,48.4001,541.2234916799999,2.070499999999999,2.3812999999999995,-0.3108000000000004,1.2341041867596227,14.653711242920737,0.35768875707926284,0.35768875707926284
TRN-0500,18.4778,63.4249,40.0174,37.7434,12.4168,13.2615,15.4617,34.8244,25.4269,Valid,-0.4851406785958527,0.4851406785958527,-0.2901605884047441,2,0,0,0,0,0,0,0,12.4168,13.2615,15.4617,34.8244,1171.9526172199999,3.0449,2.2002000000000006,0.8446999999999996,1.2452232095038904,24.473646616261984,0.9532533837380157,0.9532533837380157
TRN-0238,24.5424,90.2796,44.3099,53.5612,17.2203,17.7766,21.3428,43.8869,39.469,Valid,-0.0911818056317166,0.0911818056317166,-0.0547685200196621,1,0,0,0,0,0,0,0,17.2203,17.7766,21.3428,43.8869,2215.67805504,4.122499999999999,3.566200000000002,0.5562999999999967,1.239396967882692,39.13158913833658,0.3374108616634217,0.3374108616634217
TRN-0494,16.9402,91.4089,28.7547,32.746,13.7494,14.6965,16.65,55.3822,32.4537,Valid,0.355017708002098,0.355017708002098,0.2118375488738355,0,0,0,0,0,0,0,0,13.7494,14.6965,16.65,55.3822,1548.48504778,2.900599999999999,1.9534999999999982,0.9471000000000007,1.210961052146965,33.42174756316685,-0.9680475631668557,0.9680475631668557
TRN-0597,11.0549,38.0733,34.939,28.6861,7.5375,8.2343,9.2702,52.9228,15.2692,Valid,-0.5190913032147257,0.5190913032147257,-0.3104462281007677,0,0,0,0,0,0,0,0,7.5375,8.2343,9.2702,52.9228,420.89652417,1.7327000000000012,1.0359000000000016,0.6967999999999996,1.2298756485895213,15.385885697522726,-0.11668569752272617,0.11668569752272617
TRN-0749,16.9551,49.3238,37.9182,46.079,11.5897,11.7664,14.8056,46.527,18.7843,Valid,0.3820794010357566,0.3820794010357566,0.2280070232386761,1,0,0,0,0,0,0,0,11.5897,11.7664,14.8056,46.527,836.28996138,3.2158999999999995,3.0391999999999992,0.1767000000000003,1.277478038708475,18.797355475487773,-0.013055475487771417,0.013055475487771417
TRN-0973,28.9136,58.5679,27.1528,37.1643,17.6326,16.1946,22.4584,51.0747,22.3777,Valid,0.0427942580063991,0.0427942580063991,0.0252827363375931,1,0,0,0,0,0,0,0,17.6326,16.1946,22.4584,51.0747,1693.40883344,4.825800000000001,6.2638,-1.4379999999999988,1.2736855179125497,21.657576441014264,0.7201235589857369,0.7201235589857369
TRN-0995,14.8736,90.321,43.7769,6.3052,12.5782,14.5,15.1172,,35.587,Valid,0.4548536672691572,0.4548536672691572,0.2714899505934974,0,0,0,0,1,0,0,0,12.5782,14.5,15.1172,49.4543,1343.3984255999999,2.5389999999999997,0.6172000000000004,1.9217999999999993,1.2018562259653798,35.80509019720408,-0.21809019720407719,0.21809019720407719
TRN-0420,16.7887,100.0701,39.1768,10.3787,13.9253,15.7353,16.7186,56.4779,42.4476,Valid,0.2835647751191814,0.2835647751191814,0.1691441237024692,0,0,0,0,0,0,0,0,13.9253,15.7353,16.7186,56.4779,1680.0468878699999,2.7932999999999986,0.9832999999999981,1.8100000000000005,1.2005908665588054,41.17834192283875,1.269258077161254,1.269258077161254
TRN-0621,20.8151,108.1273,37.7482,18.9016,16.2126,17.5534,19.6291,65.7172,50.4377,Valid,0.088405528761509,0.088405528761509,0.0525356606947372,0,0,0,0,0,0,0,0,16.2126,17.5534,19.6291,65.7172,2250.6805622300003,3.4165000000000028,2.075700000000001,1.3408000000000015,1.2107304129316627,52.13512938531472,-1.6974293853147202,1.6974293853147202
TRN-0128,26.0646,105.4747,36.4848,29.7454,18.6229,19.0469,22.9939,59.9133,49.6719,Valid,0.0801874245880469,0.0801874245880469,0.047625309202866,0,0,0,0,0,0,0,0,18.6229,19.0469,22.9939,59.9133,2749.15586562,4.370999999999999,3.946999999999999,0.4239999999999995,1.2347103648140918,50.76859575190422,-1.096695751904221,1.096695751904221
TRN-0436,12.9292,15.0079,18.0,47.765,7.7726,6.8596,10.0741,61.009,13.2914,Valid,0.2144347025301254,0.2144347025301254,0.1278386172370008,2,0,0,0,0,0,0,0,7.7726,6.8596,10.0741,61.009,194.04014067999998,2.3015,3.2144999999999992,-0.9129999999999994,1.2961025961678252,13.487397489636974,-0.19599748963697472,0.19599748963697472
TRN-0733,11.1191,95.9778,32.2408,9.3445,10.3419,12.6769,11.9418,52.1243,34.3407,Valid,-0.4522792589316093,0.4522792589316093,-0.2705257532082777,0,0,0,0,0,0,0,0,10.3419,12.6769,11.9418,52.1243,1067.18675598,1.5998999999999999,-0.7350999999999992,2.334999999999999,1.154699663795179,35.397155257905915,-1.0564552579059168,1.0564552579059168
TRN-0451,15.2425,33.3987,35.7329,11.8259,9.3907,9.3412,12.0736,32.7026,16.184,Valid,0.0441239471993206,0.0441239471993206,0.0260772311717267,1,0,0,0,0,0,0,0,9.3907,9.3412,12.0736,32.7026,509.07968474999996,2.6829,2.7324,-0.0495000000000001,1.2856961827167488,16.06355363140375,0.12044636859625157,0.12044636859625157
TRN-0061,30.0389,73.7471,41.4148,46.8461,19.0801,18.3148,24.107,44.198,31.9481,Valid,0.0443133078836623,0.0443133078836623,0.0261903749697649,1,0,0,0,0,0,0,0,19.0801,18.3148,24.107,44.198,2215.2817621900003,5.026899999999998,5.792199999999998,-0.7652999999999999,1.263462317565255,31.403022103389645,0.5450778966103549,0.5450778966103549
TRN-0051,31.1752,99.3175,25.9078,5.095,20.6205,20.1688,25.4065,34.0022,42.1474,Valid,-0.2445709798365491,0.2445709798365491,-0.1464191908429644,0,0,0,0,0,0,0,0,20.6205,20.1688,25.4065,34.0022,3096.242926,4.786000000000001,5.2377,-0.4516999999999989,1.232098527146031,42.061838514472186,0.08556148552781195,0.08556148552781195
TRN-0093,20.1057,35.7746,27.7187,59.2091,12.5668,11.4561,16.472,51.154,18.1969,Valid,0.4875589656606767,0.4875589656606767,0.2910315026788895,1,0,0,0,0,0,0,0,12.5668,11.4561,16.472,51.154,719.2733752199999,3.9052000000000007,5.015900000000002,-1.1107000000000014,1.310754280521469,17.873334392357272,0.32356560764272757,0.32356560764272757
TRN-0457,14.4873,100.0648,36.7584,54.3708,12.7881,14.6488,15.1889,44.7178,41.1164,Valid,-0.1928005027323749,0.1928005027323749,-0.1154861150243028,0,0,0,0,0,0,0,0,12.7881,14.6488,15.1889,44.7178,1449.6687770400001,2.4008000000000003,0.5401000000000007,1.8606999999999996,1.1877361079940665,39.818820421656206,1.2975795783437931,1.2975795783437931
TRN-0939,22.3374,56.6306,28.9941,18.4958,13.9008,13.3433,17.7527,49.9282,19.3513,Valid,-0.1127857924756412,0.1127857924756412,-0.0676769921916253,0,0,0,0,0,0,0,0,13.9008,13.3433,17.7527,49.9282,1264.98036444,3.8519000000000005,4.4094000000000015,-0.557500000000001,1.2770982410377525,19.356322170927456,-0.005022170927457381,0.005022170927457381
TRN-0872,26.9568,40.5601,40.3636,25.9641,,14.5565,20.7849,74.7142,21.4579,Invalid,0.7181171108556832,0.7181171108556832,0.4287909552637313,1,1,0,0,0,1,0,0,13.627749999999999,14.5565,20.7849,74.7142,1093.37050368,7.1571500000000015,6.228400000000001,0.9287500000000009,1.5251882921331168,21.911025981192882,-0.4531259811928834,0.4531259811928834
TRN-0652,27.089,62.907,40.7783,13.492,16.8702,0.0,21.7538,66.6104,28.0562,Invalid,0.6099687238225826,0.6099687238225826,0.364171843312547,1,0,0,0,0,0,0,0,16.8702,0.0,21.7538,66.6104,1704.0877229999999,4.883599999999998,21.7538,-16.8702,1.2894800953870758,27.033946252571823,1.0222537474281772,1.0222537474281772
TRN-0084,16.1984,104.131,47.1348,13.1686,13.8563,16.0643,16.4932,45.0811,49.5151,Valid,0.1810490950256422,0.1810490950256422,0.1078905776214844,0,0,0,0,0,0,0,0,13.8563,16.0643,16.4932,45.0811,1686.7555903999998,2.6369000000000025,0.4289000000000023,2.208,1.190302468694768,48.34951381535966,1.1655861846403397,1.1655861846403397
TRN-0461,10.4319,41.9366,32.0292,45.3324,7.5731,8.4603,9.6327,36.0315,15.0741,Valid,-0.1047394770364569,0.1047394770364569,-0.0628692851843995,2,0,0,0,0,0,0,0,7.5731,8.4603,9.6327,36.0315,437.47841754,2.0595999999999997,1.1723999999999997,0.8872,1.2719609249040356,15.47609055366687,-0.4019905536668702,0.4019905536668702
TRN-0615,28.5161,46.13,36.8821,25.4588,16.5328,15.279,21.4779,48.4752,21.8358,Valid,-0.0204482779589803,0.0204482779589803,-0.0125049424594365,2,0,0,0,0,0,0,0,16.5328,15.279,21.4779,48.4752,1315.447693,4.9451,6.198900000000002,-1.2538000000000018,1.2991076532059584,21.72807709192489,0.10772290807510743,0.10772290807510743
TRN-0828,12.2969,56.5112,39.2929,28.3125,9.4048,10.5472,11.7256,,17.4859,Valid,0.1870247437268464,0.1870247437268464,0.1114610526234451,0,0,0,0,1,0,0,0,9.4048,10.5472,11.7256,49.4543,694.91257528,2.3208,1.1784,1.1424000000000003,1.2467662823597714,18.183343746848355,-0.6974437468483536,0.6974437468483536
TRN-0082,24.2607,41.2419,35.6057,24.8717,14.0427,13.1631,18.3995,59.6223,20.2629,Valid,0.0202447539103012,0.0202447539103012,0.0118093136670963,1,0,0,0,0,0,0,0,14.0427,13.1631,18.3995,59.6223,1000.55736333,4.3568,5.2364,-0.8795999999999999,1.3102527930862349,20.282504674629397,-0.019604674629398744,0.019604674629398744
TRN-0969,30.7801,21.4751,27.9207,33.4875,16.1614,13.5707,21.6122,,19.9597,Valid,-0.0315447623904887,0.0315447623904887,-0.0191351381508873,1,0,0,0,1,0,0,0,16.1614,13.5707,21.6122,49.4543,661.00572551,5.450800000000001,8.041500000000001,-2.5907,1.3372719335751027,20.150256418977722,-0.1905564189777209,0.1905564189777209
TRN-0675,30.2286,45.8892,26.7456,33.7286,17.466,15.4147,22.8149,43.5912,21.585,Valid,0.1520367086958778,0.1520367086958778,0.0905555558828776,2,0,0,0,0,0,0,0,17.466,15.4147,22.8149,43.5912,1387.1662711200001,5.3489,7.400200000000002,-2.0513000000000012,1.3062456737400243,21.186572905472108,0.39842709452789293,0.39842709452789293
TRN-0458,20.8054,64.9584,26.8743,57.8686,14.1824,22.0046,17.7369,45.5514,23.0209,Invalid,0.0263450973772911,0.0263450973772911,0.0154542943112685,2,0,0,0,0,0,0,0,14.1824,22.0046,17.7369,45.5514,1351.48549536,3.554499999999999,-4.267700000000001,7.8222000000000005,1.2506266565414481,23.66932701706079,-0.64842701706079,0.64842701706079
TRN-0190,15.2603,79.1605,29.4847,21.3996,11.7469,12.7595,14.0645,19.9086,24.475,Valid,-0.4128072657280377,0.4128072657280377,-0.2469410727730779,2,0,0,0,0,0,0,0,11.7469,12.7595,14.0645,19.9086,1208.01297815,2.3176000000000005,1.3050000000000015,1.012599999999999,1.1972935861430793,23.245742114644273,1.2292578853557288,1.2292578853557288
TRN-0202,25.3237,106.6343,38.858,25.9433,1.0,19.0542,22.2274,54.544,50.9883,Invalid,-0.0499564099766907,0.0499564099766907,-0.0301361743125676,0,0,0,0,0,0,0,0,1.0,19.0542,22.2274,54.544,2700.3750229099996,21.2274,3.173199999999998,18.0542,22.227177728222717,50.9569735423092,0.031326457690802556,0.031326457690802556
TRN-0068,12.3176,57.5176,21.598,48.011,9.8896,10.3904,12.1167,36.3548,16.2433,Valid,0.3282371789479743,0.3282371789479743,0.1958360711584933,2,0,0,0,0,0,0,0,9.8896,10.3904,12.1167,36.3548,708.47878976,2.2271,1.7263000000000002,0.5007999999999999,1.225194926796911,17.240598390438105,-0.9972983904381039,0.9972983904381039
TRN-0214,27.8415,15.6042,28.6918,50.5509,14.726,12.1316,19.753,57.192,19.1633,Valid,0.1331530719222087,0.1331530719222087,0.0792725042147122,1,0,0,0,0,0,0,0,14.726,12.1316,19.753,57.192,434.44433430000004,5.026999999999999,7.6213999999999995,-2.5944000000000003,1.341368096313937,18.40445577456913,0.7588442254308703,0.7588442254308703
TRN-0477,10.8498,54.5137,33.8139,24.3945,8.3735,9.3847,10.2987,66.5264,15.9991,Valid,-0.056668309586989,0.056668309586989,-0.0341465623009732,2,0,0,0,0,0,0,0,8.3735,9.3847,10.2987,66.5264,591.46274226,1.9252000000000002,0.9139999999999997,1.0112000000000005,1.229914336998463,15.769842248532223,0.22925775146777738,0.22925775146777738
TRN-0394,17.3998,27.4014,32.6194,7.1219,10.1519,9.3392,13.4439,43.0775,16.065,Valid,0.4170085894671658,0.4170085894671658,0.2488773588907688,1,0,0,0,0,0,0,0,10.1519,9.3392,13.4439,43.0775,476.77887971999996,3.292,4.104699999999999,-0.8126999999999995,1.3242729693230142,15.788526124225221,0.27647387577478,0.27647387577478
TRN-0530,18.4973,100.7009,36.7309,6.1492,14.4387,16.0742,17.2039,51.6816,42.1886,Valid,-0.202726443188471,0.202726443188471,-0.1214169058123054,0,0,0,0,0,0,0,0,14.4387,16.0742,17.2039,51.6816,1862.69475757,2.7652,1.1296999999999997,1.6355000000000004,1.1915122611369022,40.68768633164184,1.5009136683581588,1.5009136683581588
TRN-0037,20.7384,99.3801,27.8355,9.009,15.4736,16.4851,18.3568,61.3818,39.6381,Valid,-0.5969454403670049,0.5969454403670049,-0.3569643994995349,0,0,0,0,0,0,0,0,15.4736,16.4851,18.3568,61.3818,2060.98426584,2.8832000000000004,1.8717000000000006,1.0114999999999998,1.1863294990632438,39.621403821955,0.01669617804500234,0.01669617804500234
TRN-0267,12.3628,100.7801,22.3968,23.5885,11.9041,13.7706,13.9312,40.4923,36.3126,Invalid,0.1337253173335462,0.1337253173335462,0.0796144232327688,0,0,0,0,0,0,0,0,11.9041,13.7706,13.9312,40.4923,1245.92422028,2.027100000000001,0.16060000000000052,1.8665000000000003,1.1702848848002918,27.504985411235964,8.80761458876404,8.80761458876404
TRN-0440,9.7342,73.9139,18.0,45.948,9.1737,10.3878,10.8464,53.3581,18.5615,Valid,0.0773952869070182,0.0773952869070182,0.0459569953024627,0,0,0,0,0,0,0,0,9.1737,10.3878,10.8464,53.3581,719.4926853799999,1.672699999999999,0.4585999999999988,1.2141000000000002,1.1823351730107012,19.926331374958746,-1.3648313749587473,1.3648313749587473
TRN-0697,13.9074,63.999,35.716,17.3181,10.4776,11.3127,12.9265,53.7765,22.287,Valid,0.1027006302889574,0.1027006302889574,0.061077043430968,2,0,0,0,0,0,0,0,10.4776,11.3127,12.9265,53.7765,890.0596926000001,2.4489,1.6138000000000012,0.8350999999999988,1.2337260119435636,22.90631161529098,-0.6193116152909823,0.6193116152909823
TRN-0974,18.163,28.358,31.2924,32.175,10.7058,9.9377,14.0611,50.49,16.6652,Valid,0.090842284382111,0.090842284382111,0.0539916323330119,2,0,0,0,0,0,0,0,10.7058,9.9377,14.0611,50.49,515.066354,3.3552999999999997,4.1234,-0.7681000000000004,1.3134083268804508,16.194624385988465,0.47057561401153336,0.47057561401153336
TRN-0869,31.3848,62.2443,36.8918,34.7087,18.6216,17.3424,23.8142,52.9131,28.7862,Valid,-0.5184490734581928,0.5184490734581928,-0.3100624931448031,0,0,0,0,0,0,0,0,18.6216,17.3424,23.8142,52.9131,1953.52490664,5.192599999999999,6.471799999999998,-1.2791999999999994,1.2788475325173279,29.395596299133555,-0.6093962991335538,0.6093962991335538
TRN-0025,16.5478,64.1575,36.9451,5.6956,11.3731,6.9911,14.1633,58.3087,22.9904,Invalid,-0.1201311827868796,0.1201311827868796,-0.0720658935138593,0,0,0,0,0,0,0,0,11.3731,6.9911,14.1633,58.3087,1061.6654784999998,2.7901999999999987,7.172199999999999,-4.382000000000001,1.2453321914586246,22.417270867952602,0.5731291320473986,0.5731291320473986
TRN-0523,11.8296,21.4584,32.3691,57.9892,25.0,7.3582,9.8972,38.2451,14.6204,Invalid,-0.2775569978964594,0.2775569978964594,-0.1661284741000946,1,0,0,0,0,0,0,0,25.0,7.3582,9.8972,38.2451,253.84428864,-15.1028,2.5389999999999997,-17.6418,0.39588784164486335,15.221550385067765,-0.6011503850677649,0.6011503850677649
TRN-0172,28.6209,35.1609,28.1335,24.3318,15.7314,13.8399,20.6323,43.6457,19.8299,Valid,-0.3848346346812477,0.3848346346812477,-0.2302273091491371,0,0,0,0,0,0,0,0,15.7314,13.8399,20.6323,43.6457,1006.3366028099999,4.9009,6.792400000000001,-1.8915000000000006,1.311535329636695,19.777982336939147,0.05191766306085199,0.05191766306085199
TRN-0723,12.3018,61.145,38.4586,12.285,9.4748,10.5765,11.5015,53.5863,17.7216,Valid,-0.0955201159479059,0.0955201159479059,-0.0573606785131126,0,0,0,0,0,0,0,0,9.4748,10.5765,11.5015,53.5863,752.193561,2.0267,0.9250000000000007,1.1016999999999992,1.2139029700859436,18.277198015244284,-0.5555980152442856,0.5555980152442856
TRN-0041,15.098,38.9042,25.1113,36.8095,9.7416,9.5803,12.384,42.8213,16.1036,Valid,-0.1375481432169838,0.1375481432169838,-0.0824725999544998,1,0,0,0,0,0,0,0,9.7416,9.5803,12.384,42.8213,587.3756116000001,2.6424000000000003,2.803700000000001,-0.16130000000000067,1.271247771158977,15.899949612830303,0.20365038716969686,0.20365038716969686
TRN-0958,13.9218,61.6483,44.9454,43.3601,10.3708,11.515,12.7252,52.0169,19.7819,Valid,-0.2684191736358219,0.2684191736358219,-0.1606685860232835,2,0,0,0,0,0,0,0,10.3708,11.515,12.7252,52.0169,858.25530294,2.3544,1.2101999999999986,1.1442000000000014,1.2270208402236662,21.2163873967833,-1.4344873967833003,1.4344873967833003
TRN-0364,10.1665,93.6094,41.4084,43.4711,10.5852,13.1681,12.3919,36.9169,36.1226,Valid,0.1509694370296959,0.1509694370296959,0.0899178566145729,2,0,0,0,0,0,0,0,10.5852,13.1681,12.3919,36.9169,951.6799650999999,1.8066999999999993,-0.7762000000000011,2.5829000000000004,1.1706806005738195,36.86234702922945,-0.7397470292294486,0.7397470292294486
TRN-0553,12.9588,91.6201,24.6224,7.4809,11.674,13.1147,13.7081,50.501,29.8408,Valid,0.2904253357005348,0.2904253357005348,0.1732433372406117,2,0,0,0,0,0,0,0,11.674,13.1147,13.7081,50.501,1187.28655188,2.0341000000000005,0.5934000000000008,1.4406999999999996,1.1742408992282858,31.421456687500815,-1.580656687500813,1.580656687500813
TRN-0253,31.6361,32.2472,36.1817,55.1522,17.5824,15.0875,23.2255,71.4929,22.5182,Valid,0.186844075245947,0.186844075245947,0.1113531024531877,1,0,0,0,0,0,0,0,17.5824,15.0875,23.2255,71.4929,1020.17564392,5.6431000000000004,8.138,-2.4948999999999995,1.320950882160068,21.904073920935954,0.6141260790640466,0.6141260790640466
TRN-0566,12.9328,79.8868,40.2712,33.5667,11.013,12.7045,13.3102,37.6164,27.8973,Valid,0.1116418937235064,0.1116418937235064,0.0664194855950412,1,0,0,0,0,0,0,0,11.013,12.7045,13.3102,37.6164,1033.16000704,2.2972,0.6057000000000006,1.6914999999999996,1.2085887509409325,26.85823175896273,1.0390682410372705,1.0390682410372705
TRN-0777,8.1947,107.2433,21.406,55.8882,10.373,13.0691,11.2021,49.4159,41.548,Valid,-0.4327345636118505,0.4327345636118505,-0.2588477163039202,1,0,0,0,0,0,0,0,10.373,13.0691,11.2021,49.4159,878.82667051,0.8291000000000004,-1.8670000000000009,2.6961000000000013,1.079927619851904,41.9596557524503,-0.41165575245030084,0.41165575245030084
TRN-0485,12.9139,39.8236,23.2491,24.6533,8.46,8.7627,10.6013,67.1814,14.2112,Valid,-0.4266595286606982,0.4266595286606982,-0.255217857603432,1,0,0,0,0,0,0,0,8.46,8.7627,10.6013,67.1814,514.27798804,2.1412999999999993,1.8385999999999996,0.30269999999999975,1.253107265830655,14.929697856591098,-0.7184978565910978,0.7184978565910978
TRN-0076,19.98,51.4139,37.8555,12.2375,12.5667,12.777,25.0,21.6472,19.0336,Invalid,9.006646175716515,9.006646175716515,5.381221613235163,0,0,0,0,0,0,0,0,12.5667,12.777,25.0,21.6472,1027.249722,12.4333,12.223,0.21029999999999838,1.9893830604828153,20.162785836449515,-1.1291858364495155,1.1291858364495155
TRN-0234,31.8555,89.9514,38.7023,18.529,20.0978,19.7211,25.2735,50.7539,39.1209,Valid,-0.4524059873857204,0.4524059873857204,-0.2706014739877388,1,0,0,0,0,0,0,0,20.0978,19.7211,25.2735,50.7539,2865.4468227,5.175699999999999,5.552399999999999,-0.3766999999999996,1.257525073627425,38.21796538934353,0.902934610656466,0.902934610656466
TRN-0176,16.7604,61.6364,46.4971,55.1082,12.021,12.683,14.9245,41.1933,22.1887,Valid,-0.0401392398849065,0.0401392398849065,-0.0242703742705322,2,0,0,0,0,0,0,0,12.021,12.683,14.9245,41.1933,1033.0507185600002,2.9034999999999993,2.2415000000000003,0.661999999999999,1.2415346131481464,21.927095585856563,0.26160441414343794,0.26160441414343794
TRN-0931,19.7739,19.7536,27.0141,42.8943,11.0173,9.5235,14.5968,39.2832,16.1916,Valid,0.0691335847276466,0.0691335847276466,0.0410205938203698,2,0,0,0,0,0,0,0,11.0173,9.5235,14.5968,39.2832,390.60571104,3.5794999999999995,5.0733,-1.4938000000000002,1.324896912222675,15.711142869261662,0.48045713073833873,0.48045713073833873
TRN-0945,26.7385,70.3804,36.3881,33.2994,17.2828,16.7397,21.7568,56.2922,47.492,Invalid,0.0879366959466168,0.0879366959466168,0.0522555311340194,2,0,0,0,0,0,0,0,17.2828,16.7397,21.7568,56.2922,1881.8663253999998,4.473999999999997,5.017099999999999,-0.5431000000000026,1.25886936210026,28.09121690601943,19.400783093980568,19.400783093980568
TRN-0715,15.2056,97.2858,31.008,34.6975,12.7327,14.3418,14.9446,45.1902,36.8872,Valid,-0.5490247952212215,0.5490247952212215,-0.3283316143198485,1,0,0,0,0,0,0,0,12.7327,14.3418,14.9446,45.1902,1479.28896048,2.2119,0.6028000000000002,1.6090999999999998,1.1737171426978232,36.50644393283546,0.38075606716454047,0.38075606716454047
TRN-0103,11.0967,57.7506,32.1577,49.6601,9.3504,10.2755,11.4103,47.7629,16.6986,Valid,0.4499105743277329,0.4499105743277329,0.2685364319610906,2,0,0,0,0,0,0,0,9.3504,10.2755,11.4103,47.7629,640.84108302,2.059899999999999,1.1348000000000003,0.9250999999999987,1.2202994307201502,16.92482624838746,-0.2262262483874622,0.2262262483874622
TRN-0522,25.7619,69.1276,32.6964,18.6309,16.2873,15.9744,20.6953,56.4635,25.8008,Valid,-0.02613051029968,0.02613051029968,-0.0159000999632089,1,0,0,0,0,0,0,0,16.2873,15.9744,20.6953,56.4635,1780.8583184400002,4.408000000000001,4.7209,-0.31289999999999907,1.27063953470524,27.105647436349045,-1.3048474363490463,1.3048474363490463
TRN-0612,22.9325,95.339,21.9622,58.4625,17.1118,17.1518,21.0356,37.9274,36.1073,Valid,0.3019077085946868,0.3019077085946868,0.1801041028966483,1,0,0,0,0,0,0,0,17.1118,17.1518,21.0356,37.9274,2186.3616175,3.9238,3.8837999999999973,0.0400000000000027,1.2293030369084277,36.26257106819159,-0.1552710681915883,0.1552710681915883
TRN-0706,12.8318,53.2613,36.8491,11.4673,9.0028,9.979,10.9948,42.5072,16.8909,Valid,-0.4527764763216808,0.4527764763216808,-0.2708228426709552,2,0,0,0,0,0,0,0,9.0028,9.979,10.9948,42.5072,683.43834934,1.991999999999999,1.0158000000000005,0.9761999999999986,1.2212631389532822,16.817662908145916,0.07323709185408234,0.07323709185408234
TRN-0409,18.9372,42.7286,30.7494,59.6139,12.0414,11.6014,15.4897,71.2505,18.268,Valid,0.1231682998879275,0.1231682998879275,0.0733065613135685,2,0,0,0,0,0,0,0,12.0414,11.6014,15.4897,71.2505,809.16004392,3.4482999999999997,3.888299999999999,-0.4399999999999995,1.2863692873176813,18.618862664129665,-0.3508626641296644,0.3508626641296644
TRN-0741,10.1391,102.3696,30.4046,37.2094,10.9162,13.2917,12.6988,45.9982,39.7644,Valid,0.2019300786924684,0.2019300786924684,0.120367052382079,1,0,0,0,0,0,0,0,10.9162,13.2917,12.6988,45.9982,1037.93561136,1.7826000000000004,-0.5929000000000002,2.3755000000000006,1.16329751809465,38.80654712240183,0.957852877598171,0.957852877598171
TRN-0162,13.1679,23.7918,20.5211,29.8586,8.0068,7.4467,10.4513,19.7703,13.4887,Valid,0.043412776554101,0.043412776554101,0.0256523037474667,2,0,0,0,0,0,0,0,8.0068,7.4467,10.4513,19.7703,313.28804321999996,2.4444999999999997,3.0046,-0.5601000000000003,1.3053013622154142,13.884984039946934,-0.3962840399469343,0.3962840399469343
TRN-0980,21.2551,92.5878,23.7463,51.8686,15.8742,16.2173,19.1395,77.3263,33.6704,Valid,-0.3351016044910828,0.3351016044910828,-0.2005116163524772,2,0,0,0,0,0,0,0,15.8742,16.2173,19.1395,77.3263,1967.96294778,3.2653000000000016,2.9222,0.3431000000000015,1.2056977953548556,34.167480136505546,-0.49708013650554506,0.49708013650554506
TRN-0072,11.3676,24.7966,47.8326,39.7456,7.1229,7.6559,9.5351,59.5152,17.8875,Valid,0.0063299071186015,0.0063299071186015,0.0034951347201536,1,0,0,0,0,0,0,0,7.1229,7.6559,9.5351,59.5152,281.87783016000003,2.4122000000000003,1.8792,0.5330000000000004,1.338652320470145,17.535281865692475,0.3522181343075239,0.3522181343075239
TRN-0670,13.7125,49.7963,29.9628,30.9329,9.5133,9.9252,12.031,61.3026,16.1612,Valid,-0.0714061511889454,0.0714061511889454,-0.0429524840768029,0,0,0,0,0,0,0,0,9.5133,9.9252,12.031,61.3026,682.83176375,2.5177000000000014,2.1058000000000003,0.41190000000000104,1.2646492125243476,16.150560084285125,0.01063991571487577,0.01063991571487577
TRN-0884,14.7955,47.2573,38.2309,35.7656,9.9198,10.4887,12.5743,44.566,17.7695,Valid,-0.2292227777057629,0.2292227777057629,-0.1372485761075349,1,0,0,0,0,0,0,0,9.9198,10.4887,12.5743,44.566,699.19538215,2.6544999999999987,2.0855999999999995,0.5688999999999993,1.2675948430463888,18.51947728004645,-0.7499772800464477,0.7499772800464477
TRN-0765,25.7638,21.9445,30.2554,47.5049,13.902,20.392,18.6341,52.7792,18.6845,Invalid,0.0190868029214499,0.0190868029214499,0.0111174331255986,1,0,0,0,0,0,0,0,13.902,20.392,18.6341,52.7792,565.3737091,4.732100000000001,-1.7578999999999994,6.49,1.3403889077910318,18.708071995372375,-0.0235719953723752,0.0235719953723752
TRN-0208,27.5704,85.3055,24.6014,31.3391,18.2797,17.8617,22.6378,50.0485,31.0727,Valid,-0.2136490692107315,0.2136490692107315,-0.127943220379691,1,0,0,0,0,0,0,0,18.2797,17.8617,22.6378,50.0485,2351.9067572,4.3581,4.7761,-0.41799999999999926,1.2384113314707947,31.724591435049756,-0.6518914350497553,0.6518914350497553
TRN-0116,17.1843,57.8166,30.8448,31.3097,11.8278,12.0699,14.9209,40.3349,18.4577,Valid,0.1631522301780243,0.1631522301780243,0.0971971262914199,0,0,0,0,0,0,0,0,11.8278,12.0699,14.9209,40.3349,993.53779938,3.0930999999999997,2.850999999999999,0.24210000000000065,1.2615099498554678,18.606101237657683,-0.14840123765768354,0.14840123765768354
TRN-0807,13.7129,81.1031,27.6251,31.0034,11.2408,12.5312,13.2541,54.4976,25.0497,Valid,-0.4670266469928705,0.4670266469928705,-0.279337379033326,0,0,0,0,0,0,0,0,11.2408,12.5312,13.2541,54.4976,1112.1586999899998,2.013299999999999,0.7228999999999992,1.2904,1.1791054203389257,24.483813037686968,0.5658869623130336,0.5658869623130336
TRN-0515,26.6475,106.3383,29.4929,14.2771,19.0362,19.4561,23.466,35.5775,48.7143,Valid,0.2910584091313914,0.2910584091313914,0.1736216012538264,0,0,0,0,0,0,0,0,19.0362,19.4561,23.466,35.5775,2833.64984925,4.4298,4.009900000000002,0.4198999999999984,1.232703358494154,48.712317354248356,0.0019826457516458618,0.0019826457516458618
TRN-0771,10.5103,65.8953,33.8904,15.1601,8.8842,10.4931,10.7892,42.4119,20.7145,Valid,0.0694742044396825,0.0694742044396825,0.041224115517814,0,0,0,0,0,0,0,0,8.8842,10.4931,10.7892,42.4119,692.5793715900002,1.9049999999999994,0.29609999999999914,1.6089000000000002,1.214424242560678,21.45606022026635,-0.7415602202663507,0.7415602202663507
TRN-0252,28.7185,102.2871,26.2899,33.8702,19.6977,19.5107,24.4223,43.589,44.555,Valid,-0.0031467144373529,0.0031467144373529,-0.0021671861525174,1,0,0,0,0,0,0,0,19.6977,19.5107,24.4223,43.589,2937.5320813499998,4.724599999999999,4.9116,-0.18700000000000117,1.239854785150152,46.12524165436054,-1.5702416543605437,1.5702416543605437
TRN-0762,25.9956,109.9526,44.171,32.6094,19.0835,20.0698,23.5018,26.7068,57.0971,Valid,0.2879645434115545,0.2879645434115545,0.1717730035928102,0,0,0,0,0,0,0,0,19.0835,20.0698,23.5018,26.7068,2858.28380856,4.418299999999999,3.4319999999999986,0.9863,1.2315239701711058,56.0379566659758,1.0591433340241991,1.0591433340241991
TRN-0722,13.5483,30.7805,39.3529,46.8138,8.7059,8.8392,11.4471,42.6593,16.6493,Valid,0.1199708541617763,0.1199708541617763,0.0713960741671188,1,0,0,0,0,0,0,0,8.7059,8.8392,11.4471,42.6593,417.02344815,2.741200000000001,2.6079000000000008,0.1333000000000002,1.3148654190084668,16.110124381630357,0.5391756183696437,0.5391756183696437
TRN-0309,17.304,91.7646,36.5064,53.8731,13.7505,15.1453,16.6453,74.8414,35.7241,Valid,-0.2654216935048517,0.2654216935048517,-0.1588775791532935,1,0,0,0,0,0,0,0,13.7505,15.1453,16.6453,74.8414,1587.8946383999998,2.8947999999999983,1.4999999999999982,1.3948,1.21052237335197,36.80957386735605,-1.0854738673560504,1.0854738673560504
TRN-0454,18.7967,65.4734,40.9096,30.0071,13.0694,13.9466,16.4915,57.237,25.9462,Valid,0.2475758220029575,0.2475758220029575,0.1476405742347234,0,0,0,0,0,0,0,0,13.0694,13.9466,16.4915,57.237,1230.6838577800002,3.4220999999999986,2.5448999999999984,0.8772000000000002,1.2618396698856336,24.476554588208483,1.469645411791518,1.469645411791518
TRN-0312,11.6104,102.0657,46.6395,55.7037,11.7779,14.4485,13.6518,49.1068,46.3609,Valid,-0.0867802015569818,0.0867802015569818,-0.0521385432417096,2,0,0,0,0,0,0,0,11.7779,14.4485,13.6518,49.1068,1185.02360328,1.873899999999999,-0.7966999999999995,2.6705999999999985,1.1591020817785158,44.06373139151056,2.297168608489443,2.297168608489443
TRN-0191,13.4092,41.696,35.3431,54.3964,9.4945,9.707,12.2115,45.3013,16.8215,Valid,0.4640268996504044,0.4640268996504044,0.276970995169933,2,0,0,0,0,0,0,0,9.4945,9.707,12.2115,45.3013,559.1100031999999,2.7169999999999987,2.5044999999999984,0.21250000000000036,1.2861643202229498,16.50642698102845,0.3150730189715496,0.3150730189715496
TRN-0913,30.3803,53.4373,35.2678,10.1371,17.5759,16.0709,22.6921,36.9262,22.5101,Valid,-0.1075743253291783,0.1075743253291783,-0.0645631188532819,1,0,0,0,0,0,0,0,17.5759,16.0709,22.6921,36.9262,1623.44120519,5.116199999999999,6.621199999999998,-1.504999999999999,1.2910910445035277,22.60471253019149,-0.09461253019149041,0.09461253019149041
TRN-0426,15.663,92.9721,42.0626,10.8552,12.5411,14.5453,14.8675,57.4867,36.7578,Valid,-0.4968926771643911,0.4968926771643911,-0.2971824565248679,2,0,0,0,0,0,0,0,12.5411,14.5453,14.8675,57.4867,1456.2220023,2.3263999999999996,0.3222000000000005,2.004199999999999,1.1855011239037054,36.99340889165603,-0.23560889165602816,0.23560889165602816
TRN-0286,11.876,58.3091,18.0,17.1002,8.8853,9.7133,10.5956,51.7181,14.8376,Valid,-0.4419355120544637,0.4419355120544637,-0.2643453213425263,0,0,0,0,0,0,0,0,8.8853,9.7133,10.5956,51.7181,692.4788715999999,1.7102999999999984,0.882299999999999,0.8279999999999994,1.1924851243231804,14.130507174521592,0.7070928254784086,0.7070928254784086
TRN-0400,15.8294,42.461,36.6762,38.4979,10.6434,10.7181,13.7955,58.1528,17.266,Valid,0.5417617571310949,0.5417617571310949,0.3234178964678385,1,0,0,0,0,0,0,0,10.6434,10.7181,13.7955,58.1528,672.1321534,3.152100000000001,3.077400000000001,0.07469999999999999,1.2961541460866397,18.827508715663004,-1.561508715663006,1.561508715663006
TRN-0498,9.247,29.5362,30.9868,39.7963,6.3095,6.6922,8.0435,23.9261,14.0908,Valid,-0.3471755661867526,0.3471755661867526,-0.2077258587828151,1,0,0,0,0,0,0,0,6.3095,6.6922,8.0435,23.9261,273.12124140000003,1.734,1.3513000000000002,0.3826999999999998,1.274821658100233,13.944374200477807,0.14642579952219315,0.14642579952219315
TRN-0379,27.3635,80.9819,24.8846,40.687,17.9053,17.2384,22.3222,41.2935,28.7559,Valid,-0.2052950506768169,0.2052950506768169,-0.1229516594910383,1,0,0,0,0,0,0,0,17.9053,17.2384,22.3222,41.2935,2215.9482206499997,4.416899999999998,5.0838,-0.6669000000000018,1.24668045401057,28.393447304580985,0.3624526954190159,0.3624526954190159
TRN-0120,27.6676,107.92,25.534,37.3577,19.7172,19.6141,,66.4597,49.6937,Invalid,-7.268780090719709,7.268780090719709,-4.343413407370345,0,0,0,1,0,0,0,1,19.7172,19.6141,16.9269,66.4597,2985.887392,-2.7902999999999984,-2.6872000000000007,-0.10309999999999775,0.858483527841921,48.976693759560604,0.717006240439396,0.717006240439396
TRN-0062,13.8465,88.0545,18.0,14.4881,11.694,12.8662,13.6891,56.6009,25.5005,Valid,-0.1762001775439117,0.1762001775439117,-0.1055673515437984,2,0,0,0,0,0,0,0,11.694,12.8662,13.6891,56.6009,1219.2466342500002,1.995099999999999,0.8229000000000006,1.1721999999999984,1.1706078582111696,26.30570655364552,-0.8052065536455224,0.8052065536455224
TRN-0216,10.4524,20.9992,31.1693,8.7182,6.133,6.6738,8.1383,61.5106,13.2191,Valid,-0.1608248350021703,0.1608248350021703,-0.096380520299718,2,0,0,0,0,0,0,0,6.133,6.6738,8.1383,61.5106,219.49203808,2.005299999999999,1.4644999999999992,0.5408,1.326966693352856,13.132614781359877,0.0864852186401226,0.0864852186401226
TRN-0246,20.7832,99.3301,37.9236,7.0177,15.7143,16.9205,18.9945,72.4032,42.2102,Valid,0.0815110127618439,0.0815110127618439,0.0484161586526472,0,0,0,0,0,0,0,0,15.7143,16.9205,18.9945,72.4032,2064.39733432,3.280199999999999,2.073999999999998,1.2062000000000008,1.208739041039664,41.751008457026316,0.45919154297368436,0.45919154297368436
TRN-0303,15.7997,94.2261,39.2941,32.7851,13.1259,14.9899,15.8749,46.3433,37.2738,Valid,0.0502448917137758,0.0502448917137758,0.0297345210276125,2,0,0,0,0,0,0,0,13.1259,14.9899,15.8749,46.3433,1488.74411217,2.7490000000000006,0.8849999999999998,1.8640000000000008,1.20943233650086,37.18596794052497,0.08783205947503347,0.08783205947503347
TRN-0213,30.1751,79.3309,21.9507,18.1772,18.7655,17.5128,23.4268,32.0832,27.5048,Valid,-0.5670674322365024,0.5670674322365024,-0.3391121651275843,0,0,0,0,0,0,0,0,18.7655,17.5128,23.4268,32.0832,2393.81784059,4.661300000000001,5.9140000000000015,-1.2527000000000008,1.2483966596164986,26.7209063733924,0.7838936266076004,0.7838936266076004
TRN-0156,19.8281,70.9773,33.1628,38.3599,14.1726,14.261,17.9427,42.5564,25.1633,Valid,0.6767705989480959,0.6767705989480959,0.4040862420909901,1,0,0,0,0,0,0,0,14.1726,14.261,17.9427,42.5564,1407.34500213,3.7700999999999993,3.6816999999999993,0.08840000000000003,1.2660123999743167,25.270346322509965,-0.10704632250996582,0.10704632250996582
TRN-0703,26.2089,54.974,41.1151,26.273,16.2704,15.1831,20.948,45.5269,21.8275,Valid,0.4660956516617887,0.4660956516617887,0.2782070831180775,2,0,0,0,0,0,0,0,16.2704,15.1831,20.948,45.5269,1440.8080685999998,4.677600000000002,5.764900000000001,-1.087299999999999,1.2874906041089316,22.20390621685696,-0.3764062168569602,0.3764062168569602
TRN-0702,19.4301,32.991,28.6255,59.8097,12.1253,11.1045,15.7981,39.8642,18.0492,Valid,0.6117564952803285,0.6117564952803285,0.3652400442089307,2,0,0,0,0,0,0,0,12.1253,11.1045,15.7981,39.8642,641.0184290999999,3.6728000000000005,4.6936,-1.0207999999999995,1.3029027711456451,18.1010349318908,-0.05183493189080224,0.05183493189080224
TRN-0784,15.8702,15.6296,39.2104,56.6342,9.2844,8.3762,12.6375,53.5794,15.9125,Valid,0.4591370872949358,0.4591370872949358,0.2740493119096769,1,0,0,0,0,0,0,0,9.2844,8.3762,12.6375,53.5794,248.04487792,3.3530999999999995,4.2612999999999985,-0.908199999999999,1.361152728067804,16.466497113517903,-0.5539971135179034,0.5539971135179034
TRN-0929,10.8657,63.1203,31.5599,52.7209,17.2812,10.3317,11.1108,76.6147,20.992,Invalid,-0.2696739436471649,0.2696739436471649,-0.1614183163342047,2,0,0,0,0,0,0,0,17.2812,10.3317,11.1108,76.6147,685.8462437100001,-6.170399999999999,0.7790999999999997,-6.949499999999999,0.642941090351891,21.265441472795032,-0.2734414727950316,0.2734414727950316
TRN-0997,15.1471,61.1764,30.4936,18.3832,11.3087,11.8006,14.0115,64.296,18.0475,Valid,0.5157994439194322,0.5157994439194322,0.3079053061282094,0,0,0,0,0,0,0,0,11.3087,11.8006,14.0115,64.296,926.64504844,2.7028,2.2109000000000005,0.49189999999999934,1.2390007348318244,18.287060852463984,-0.23956085246398473,0.23956085246398473
TRN-0368,26.4526,41.6867,25.0217,25.7021,15.4035,13.8786,20.0559,44.0599,19.4551,Valid,0.2525616162183688,0.2525616162183688,0.1506196070562912,1,0,0,0,0,0,0,0,15.4035,13.8786,20.0559,44.0599,1102.72160042,4.652400000000002,6.177300000000001,-1.5248999999999988,1.3020344064437264,19.51746186155597,-0.062361861555967124,0.062361861555967124
TRN-0015,9.8697,106.5144,35.524,34.3863,10.9308,13.743,12.4704,36.746,45.2592,Valid,-0.2102976503663818,0.2102976503663818,-0.1259407336534483,2,0,0,0,0,0,0,0,10.9308,13.743,12.4704,36.746,1051.2651736799999,1.5396,-1.2726000000000006,2.8122000000000007,1.1408486653779546,45.756773649848085,-0.4975736498480856,0.4975736498480856
TRN-0342,28.6801,34.5847,34.5762,26.7751,15.7586,14.168,20.6559,41.1764,20.871,Valid,-0.2369829846467936,0.2369829846467936,-0.1418853320947818,1,0,0,0,0,0,0,0,15.7586,14.168,20.6559,41.1764,991.8926544699999,4.8972999999999995,6.4879,-1.5906000000000002,1.3107691604779863,20.34233341608232,0.5286665839176798,0.5286665839176798
TRN-0435,16.7485,20.8459,32.3547,55.9328,10.1249,9.1295,13.6252,42.7239,16.4881,Valid,0.5851484942837057,0.5851484942837057,0.3493416527269409,1,0,0,0,0,0,0,0,10.1249,9.1295,13.6252,42.7239,349.13755615,3.5002999999999993,4.495699999999999,-0.9954000000000001,1.3457107273052304,16.026677080419688,0.46142291958031123,0.46142291958031123
TRN-0219,31.6478,62.8966,31.4592,47.6283,19.2432,17.5298,24.8905,52.5683,27.1426,Valid,0.2257904852158745,0.2257904852158745,0.1346237447159632,0,0,0,0,0,0,0,0,19.2432,17.5298,24.8905,52.5683,1990.53901748,5.647299999999998,7.360699999999998,-1.7134,1.2934692288864487,27.645720360484514,-0.5031203604845125,0.5031203604845125
TRN-0863,10.732,30.3546,18.0,26.322,6.7881,6.7639,8.8119,71.1859,12.5632,Valid,-0.3007855915841713,0.3007855915841713,-0.180007655631627,2,0,0,0,0,0,0,0,6.7881,6.7639,8.8119,71.1859,325.7655672,2.0237999999999996,2.048,-0.024200000000000443,1.2981374786207058,13.275209328991757,-0.7120093289917566,0.7120093289917566
TRN-0217,12.8841,56.0493,29.0429,48.7273,13.667,16.5939,12.7182,55.1213,17.1996,Invalid,0.6136705531045461,0.6136705531045461,0.3663837017355686,1,0,0,0,0,0,0,0,13.667,16.5939,12.7182,55.1213,722.14478613,-0.9488000000000003,-3.875700000000002,2.9269000000000016,0.9305766220994937,18.649126761621364,-1.4495267616213638,1.4495267616213638
TRN-0791,22.6952,45.442,31.1286,36.3539,13.5856,12.7301,17.5582,51.0872,19.3063,Valid,-0.1968814343481604,0.1968814343481604,-0.1179244886716587,1,0,0,0,0,0,0,0,13.5856,12.7301,17.5582,51.0872,1031.3152784,3.9726,4.828099999999999,-0.8554999999999993,1.2924116031595196,19.85657854814799,-0.5502785481479897,0.5502785481479897
TRN-0993,30.921,107.667,40.2538,39.6437,21.2226,21.4006,26.4027,52.0188,54.5231,Valid,0.1262909550851993,0.1262909550851993,0.0751723608073297,1,0,0,0,0,0,0,0,21.2226,21.4006,26.4027,52.0188,3329.171307,5.1800999999999995,5.002099999999999,0.17800000000000082,1.2440835505152288,54.92875583192327,-0.40565583192326926,0.40565583192326926
TRN-0481,28.8309,92.0524,22.5305,20.2385,19.4131,18.7107,24.0829,24.1901,34.7951,Valid,0.1597864728523959,0.1597864728523959,0.0951860722628588,0,0,0,0,0,0,0,0,19.4131,18.7107,24.0829,24.1901,2653.95353916,4.669799999999999,5.372199999999999,-0.7024000000000008,1.2405482686699865,34.64810114741029,0.1469988525897108,0.1469988525897108
TRN-0237,15.926,15.8727,28.8574,49.7271,9.1475,8.3813,12.2518,39.5061,15.0726,Valid,0.1709303297262465,0.1709303297262465,0.1018445731860296,1,0,0,0,0,0,0,0,9.1475,8.3813,12.2518,39.5061,252.7886202,3.1042999999999985,3.8705,-0.7662000000000013,1.3393590168253435,15.220984887939885,-0.14838488793988525,0.14838488793988525
TRN-0424,31.766,63.1176,34.6055,14.9161,18.9696,17.6123,24.3552,47.8771,27.2886,Valid,0.1113982351094371,0.1113982351094371,0.066273898557709,1,0,0,0,0,0,0,0,18.9696,17.6123,24.3552,47.8771,2004.9936816,5.3856,6.742899999999999,-1.3572999999999986,1.283906205768068,28.32415980355969,-1.0355598035596927,1.0355598035596927
TRN-0224,22.1138,69.3864,45.2051,24.9273,14.8369,14.9851,18.8101,50.5464,29.6462,Valid,0.3232024773669977,0.3232024773669977,0.1928278159821831,1,0,0,0,0,0,0,0,14.8369,14.9851,18.8101,50.5464,1534.39697232,3.9731999999999985,3.8249999999999993,0.14819999999999922,1.2677909349049095,28.23412078552174,1.4120792144782612,1.4120792144782612
TRN-0024,17.4295,76.4987,41.6689,49.1177,12.8582,14.1314,15.8929,,28.5819,Valid,-0.3000435527251976,0.3000435527251976,-0.1795642843210085,2,0,0,0,1,0,0,0,12.8582,14.1314,15.8929,49.4543,1333.3340916500001,3.034699999999999,1.7614999999999998,1.2731999999999992,1.2360118554604411,27.665456013059966,0.9164439869400347,0.9164439869400347
TRN-0761,8.4072,51.5741,32.3668,9.8077,7.052,8.3476,8.6095,67.879,14.9056,Valid,0.0515755266955348,0.0515755266955348,0.0305295809745179,1,0,0,0,0,0,0,0,7.052,8.3476,8.6095,67.879,433.59377352,1.557500000000001,0.2619000000000007,1.2956000000000003,1.22085759946455,14.644671679306445,0.2609283206935551,0.2609283206935551
TRN-0551,23.5579,70.8232,32.6027,43.3158,15.7487,24.8572,19.3857,22.1708,26.582,Invalid,-0.4236450380667591,0.4236450380667591,-0.2534166869109285,2,0,0,0,0,0,0,0,15.7487,24.8572,19.3857,22.1708,1668.44586328,3.6370000000000005,-5.471499999999999,9.1085,1.2309389149968475,27.55252938187334,-0.9705293818733409,0.9705293818733409
TRN-0768,24.9567,103.8645,43.7261,16.1546,17.6763,,21.7368,53.8115,49.1874,Invalid,-0.1864477735508956,0.1864477735508956,-0.1116903328639278,0,0,1,0,0,0,1,0,17.6763,13.57855,21.7368,53.8115,2592.11516715,4.0604999999999976,8.158249999999999,-4.097750000000001,1.2297136676150169,44.2928197123815,4.894580287618496,4.894580287618496
TRN-0109,22.871,98.2611,23.1992,7.9469,16.5071,16.9606,20.0505,53.2645,37.4384,Valid,-0.2022666203103078,0.2022666203103078,-0.1211421597263315,0,0,0,0,0,0,0,0,16.5071,16.9606,20.0505,53.2645,2247.3296181,3.5433999999999983,3.0899,0.45349999999999824,1.214658410830242,40.031822148343124,-2.593422148343123,2.593422148343123
TRN-0873,26.6998,56.1904,35.416,31.4179,16.3946,15.2187,21.3825,41.5613,21.7451,Valid,0.4464382241514784,0.4464382241514784,0.266461688260064,0,0,0,0,0,0,0,0,16.3946,15.2187,21.3825,41.5613,1500.27244192,4.9879,6.1638,-1.1759000000000004,1.3042396250962969,22.670918877636108,-0.9258188776361074,0.9258188776361074
TRN-0589,23.5742,80.0256,28.2073,5.4162,15.6847,15.9431,19.5115,52.9688,22.5337,Invalid,-0.1019557025088957,0.1019557025088957,-0.0612059683030458,0,0,0,0,0,0,0,0,15.6847,15.9431,19.5115,52.9688,1886.53949952,3.826800000000002,3.5684000000000022,0.25839999999999996,1.243982196674341,27.270158340240357,-4.7364583402403575,4.7364583402403575
TRN-0203,12.9827,26.2827,18.5198,33.0949,8.5219,-0.2015,11.2283,67.3265,13.8386,Invalid,0.8416958004280808,0.8416958004280808,0.5026297372865766,1,0,0,0,0,0,0,0,8.5219,-0.2015,11.2283,67.3265,341.22040928999996,2.7064000000000004,11.4298,-8.7234,1.3175802138253045,15.07886221754865,-1.2402622175486506,1.2402622175486506
TRN-0963,22.0301,29.581,24.2657,46.4353,12.6477,11.2868,16.7821,72.0159,17.5945,Valid,0.099452968745016,0.099452968745016,0.0591365521241187,1,0,0,0,0,0,0,0,12.6477,11.2868,16.7821,72.0159,651.6723881,4.134399999999999,5.4953,-1.3609000000000009,1.3268884248611013,17.933519970332593,-0.33901997033259335,0.33901997033259335
TRN-0445,21.45,50.8455,34.0144,31.5401,13.5733,13.0423,17.1751,47.7971,19.8208,Valid,0.0563198248384146,0.0563198248384146,0.0333643188863345,2,0,0,0,0,0,0,0,13.5733,13.0423,17.1751,47.7971,1090.635975,3.601800000000001,4.132800000000001,-0.5310000000000006,1.2653582655962328,19.561370471165898,0.25942952883410086,0.25942952883410086
TRN-0935,9.4254,88.5794,30.4932,48.8792,9.996,12.1686,18.5332,39.0483,29.1563,Invalid,7.063869693953039,7.063869693953039,4.220404569031088,1,0,0,0,0,0,0,0,9.996,12.1686,18.5332,39.0483,834.8962767600001,8.5372,6.364600000000001,2.172599999999999,1.8540597698481696,29.77642659677811,-0.6201265967781069,0.6201265967781069
TRN-0415,19.177,89.8922,38.4577,56.7523,15.2102,15.9875,18.729,36.1364,36.2324,Valid,0.7427191914525721,0.7427191914525721,0.4434908009473831,2,0,0,0,0,0,0,0,15.2102,15.9875,18.729,36.1364,1723.8627194,3.518799999999999,2.7414999999999985,0.7773000000000003,1.2313439459415747,36.25792491010431,-0.02552491010430913,0.02552491010430913
TRN-0209,29.9956,79.3101,32.0155,17.061,18.8294,18.2246,23.9815,35.0363,30.7826,Invalid,-0.0685181765969424,0.0685181765969424,-0.0412269072227006,0,0,0,0,0,0,0,0,18.8294,18.2246,23.9815,35.0363,2378.95403556,5.152100000000001,5.756900000000002,-0.6048000000000009,1.2736193008702876,29.94769653164704,0.8349034683529588,0.8349034683529588
TRN-0544,27.3237,36.5954,27.8369,36.5974,15.3085,13.4413,19.8104,29.1183,20.0523,Valid,-0.3967850402124639,0.3967850402124639,-0.2373677262563046,1,0,0,0,0,0,0,0,15.3085,13.4413,19.8104,29.1183,999.9217309799999,4.501900000000001,6.369100000000001,-1.8672000000000004,1.2940776078142158,19.92966549713604,0.12263450286395994,0.12263450286395994
TRN-0111,20.1785,19.6058,37.9269,15.0994,11.127,10.1191,14.7335,33.4432,16.8476,Valid,0.052670963476773,0.052670963476773,0.0311841090164443,2,0,0,0,0,0,0,0,11.127,10.1191,14.7335,33.4432,395.61563529999995,3.6064999999999987,4.6144,-1.0079000000000011,1.3241203162394928,16.56584257968282,0.2817574203171809,0.2817574203171809
TRN-0526,31.4644,29.237,41.6587,52.351,17.3032,15.1398,22.8723,49.0786,22.4432,Valid,-0.0956339143024145,0.0956339143024145,-0.0574286735041761,0,0,0,0,0,0,0,0,17.3032,15.1398,22.8723,49.0786,919.9246628,5.569099999999999,7.7325,-2.163400000000001,1.3218529972184352,22.51087338242572,-0.06767338242572052,0.06767338242572052
TRN-0940,9.6406,56.2683,24.8761,48.8917,8.3068,9.0676,10.0189,32.4217,15.3632,Valid,-0.0069427803977806,0.0069427803977806,-0.0044353513836445,1,0,0,0,0,0,0,0,8.3068,9.0676,10.0189,32.4217,542.46017298,1.7120999999999995,0.9512999999999998,0.7607999999999997,1.2061067967125767,14.816434097309472,0.5467659026905292,0.5467659026905292
TRN-0838,31.932,79.8589,32.6147,44.5479,20.6119,19.6283,25.9704,14.6559,32.5568,Valid,0.44005564577132,0.44005564577132,0.2626480710790844,1,0,0,0,0,0,0,0,20.6119,19.6283,25.9704,14.6559,2550.0543948,5.358500000000003,6.342100000000002,-0.9835999999999991,1.2599705704129314,30.628324296993668,1.9284757030063346,1.9284757030063346
TRN-0708,17.9052,36.8289,26.0267,32.4417,10.976,10.3199,14.1071,40.9626,16.3153,Valid,-0.0761467128892832,0.0761467128892832,-0.0457849894486293,1,0,0,0,0,0,0,0,10.976,10.3199,14.1071,40.9626,659.42882028,3.1311,3.7872000000000003,-0.6561000000000003,1.2852666861637334,16.404446372015713,-0.08914637201571196,0.08914637201571196
TRN-0075,10.6255,33.6857,32.3691,40.2823,7.5093,7.9531,9.6454,54.134,14.8973,Valid,0.3244996027187348,0.3244996027187348,0.193602853785502,2,0,0,0,0,0,0,0,7.5093,7.9531,9.6454,54.134,357.92740535,2.1361000000000008,1.6923000000000004,0.4438000000000004,1.284458891695775,15.238962255258285,-0.3416622552582851,0.3416622552582851
TRN-0321,16.4319,106.2896,25.8871,25.654,14.4604,15.843,1.0,69.2522,44.1173,Invalid,-15.726476144549338,15.726476144549338,-9.396922046239204,0,0,0,0,0,0,0,0,14.4604,15.843,1.0,69.2522,1746.5400782399997,-13.4604,-14.843,1.3826,0.06915433241519432,43.67508092811439,0.44221907188561005,0.44221907188561005
TRN-0867,12.4308,52.8897,31.9177,46.884,9.4185,10.1833,11.7055,,17.0184,Valid,0.0223417639395737,0.0223417639395737,0.0130622858986918,1,0,0,0,1,0,0,0,9.4185,10.1833,11.7055,49.4543,657.4612827599999,2.287000000000001,1.5222000000000016,0.7647999999999993,1.2428186623998914,16.411429952681047,0.6069700473189528,0.6069700473189528
TRN-0416,16.6191,71.8971,38.4489,6.7605,12.0738,13.1961,14.7668,,25.4373,Valid,-0.0102396953895649,0.0102396953895649,-0.0064052718308393,0,0,0,0,1,0,0,0,12.0738,13.1961,14.7668,49.4543,1194.86509461,2.6929999999999996,1.5707000000000004,1.1222999999999992,1.2230439273104348,24.8826224889323,0.5546775110677018,0.5546775110677018
TRN-0188,26.6142,90.5936,48.4553,12.0777,17.7157,18.4443,22.0111,,43.1445,Valid,-0.417611991122655,0.417611991122655,-0.2498119162196329,0,0,0,0,1,0,0,0,17.7157,18.4443,22.0111,49.4543,2411.07618912,4.295400000000001,3.5668000000000006,0.7286000000000001,1.2424621988054672,45.07187911524913,-1.9273791152491313,1.9273791152491313
TRN-0050,11.9381,73.8834,36.8656,56.3173,10.3871,11.833,12.4416,62.0085,25.2323,Valid,-0.0445558025928516,0.0445558025928516,-0.0269092888941667,2,0,0,0,0,0,0,0,10.3871,11.833,12.4416,62.0085,882.02741754,2.054499999999999,0.6085999999999991,1.4459,1.197792263680658,24.404636519421857,0.827663480578142,0.827663480578142
TRN-0150,26.2178,25.4714,35.5228,48.3043,14.3505,12.58,19.1492,42.953,19.5769,Valid,-0.1333843891457498,0.1333843891457498,-0.079984739544858,0,0,0,0,0,0,0,0,14.3505,12.58,19.1492,42.953,667.80407092,4.7987,6.5692,-1.7705000000000002,1.3343916000197902,19.60295774672253,-0.02605774672253247,0.02605774672253247
TRN-0142,21.3253,74.4008,46.0511,24.5985,14.5831,15.3581,18.2474,47.2732,31.2509,Valid,-0.061914318781433,0.061914318781433,-0.0372810746569361,0,0,0,0,0,0,0,0,14.5831,15.3581,18.2474,47.2732,1586.61938024,3.664299999999999,2.8892999999999986,0.7750000000000004,1.251269448012118,32.54117929090935,-1.2902792909093463,1.2902792909093463
TRN-0133,8.076,29.8006,45.4033,12.3513,5.9675,7.1174,7.6489,60.1719,15.0277,Valid,0.3813016746804685,0.3813016746804685,0.2275423285002851,0,0,0,0,0,0,0,0,5.9675,7.1174,7.6489,60.1719,240.6696456,1.6814,0.5315000000000003,1.1498999999999997,1.2817573828950435,15.834574076155645,-0.8068740761556459,0.8068740761556459
TRN-0906,25.8413,81.9552,43.1604,47.0577,17.4843,17.531,22.1277,41.4904,34.7399,Valid,0.2483169954192625,0.2483169954192625,0.1480834284397408,0,0,0,0,0,0,0,0,17.4843,17.531,22.1277,41.4904,2117.82890976,4.6434,4.596700000000002,0.04669999999999774,1.2655746780971053,34.15726519856228,0.5826348014377203,0.5826348014377203
TRN-0894,9.8798,101.6812,38.8328,20.6455,10.6819,13.5792,12.2654,34.8847,41.2056,Valid,0.033598542817506,0.033598542817506,0.0197882581898939,0,0,0,0,0,0,0,0,10.6819,13.5792,12.2654,34.8847,1004.5899197599999,1.583499999999999,-1.3138000000000005,2.8972999999999995,1.1482403427851386,41.08313582314462,0.12246417685537381,0.12246417685537381
TRN-0944,9.9425,82.4452,35.8081,40.7018,9.6835,11.9735,,50.8812,27.0719,Invalid,5.472005743601102,5.472005743601102,3.26925922474257,1,0,0,1,0,0,0,1,9.6835,11.9735,16.9269,50.8812,819.711401,7.243399999999999,4.9534,2.289999999999999,1.7480128589736572,28.5959096229054,-1.5240096229053997,1.5240096229053997
TRN-0030,31.3419,73.0867,33.8379,8.3587,19.2448,18.2686,24.291,54.3545,29.1257,Valid,-0.1187365206008799,0.1187365206008799,-0.0712325770455923,1,0,0,0,0,0,0,0,19.2448,18.2686,24.291,54.3545,2290.6760427299996,5.046199999999999,6.022400000000001,-0.9762000000000022,1.2622104349172583,28.45380116462583,0.6718988353741686,0.6718988353741686
TRN-0302,24.9096,36.4844,36.5374,37.3227,14.063,13.0071,18.5927,61.9299,19.6812,Valid,-0.2554616208933069,0.2554616208933069,-0.1529263942601675,2,0,0,0,0,0,0,0,14.063,13.0071,18.5927,61.9299,908.8118102400001,4.5297,5.585600000000001,-1.0559000000000012,1.3220996074097935,20.122727236212096,-0.4415272362120959,0.4415272362120959
TRN-0623,16.5307,105.1387,45.288,58.565,14.3957,16.4442,17.1558,35.4316,50.0012,Invalid,0.0873705010318488,0.0873705010318488,0.051917227312878,0,0,0,0,0,0,0,0,14.3957,16.4442,17.1558,35.4316,1738.01630809,2.7600999999999996,0.7116000000000007,2.048499999999999,1.1917300362399632,24.865529175956997,25.135670824043,25.135670824043
TRN-0230,17.355,73.8506,31.1921,18.0737,12.7189,13.471,15.6576,56.9299,24.5185,Valid,0.1090579056271963,0.1090579056271963,0.0648755419389525,2,0,0,0,0,0,0,0,12.7189,13.471,15.6576,56.9299,1281.677163,2.9387000000000008,2.1866000000000003,0.7521000000000004,1.2310488870508558,22.997315706595305,1.5211842934046942,1.5211842934046942
TRN-0060,19.2254,85.8028,25.5407,7.2014,14.0182,14.7872,17.1449,74.0543,28.3885,Valid,-0.0641744922865754,0.0641744922865754,-0.0386315377453333,2,0,0,0,0,0,0,0,14.0182,14.7872,17.1449,74.0543,1649.5931511200001,3.1266999999999996,2.3576999999999995,0.7690000000000001,1.2230448823351912,28.885637460380327,-0.49713746038032625,0.49713746038032625
TRN-0546,23.5675,93.8871,42.115,39.0131,16.7881,17.4537,20.697,64.5418,40.7055,Valid,-0.1692216788379923,0.1692216788379923,-0.101397669484731,2,0,0,0,0,0,0,0,16.7881,17.4537,20.697,64.5418,2212.68422925,3.908899999999999,3.243299999999998,0.6656000000000013,1.232836811290848,40.30935343326579,0.39614656673420967,0.39614656673420967
TRN-0210,30.7343,45.0422,45.8651,6.7379,17.3434,15.8132,22.8473,36.1972,23.9181,Valid,0.0766114770040147,0.0766114770040147,0.0454886656189592,0,0,0,0,0,0,0,0,17.3434,15.8132,22.8473,36.1972,1384.34048746,5.503900000000002,7.0341000000000005,-1.530199999999999,1.3173476265624813,24.502231486519072,-0.5841314865190732,0.5841314865190732
TRN-0893,14.6172,18.3131,44.6837,8.8063,8.0847,8.1434,10.6928,87.7375,16.0594,Valid,-0.1495722968276283,0.1495722968276283,-0.0896570818464643,2,0,0,0,0,0,0,0,8.0847,8.1434,10.6928,87.7375,267.68624532,2.6081000000000003,2.5494000000000003,0.058699999999999974,1.3225953682939773,15.735175964889715,0.3242240351102854,0.3242240351102854
TRN-0797,20.8602,47.6941,30.521,34.8513,12.9399,12.4513,,17.2785,18.6989,Invalid,0.3758863849763401,0.3758863849763401,0.2243066703343241,2,0,0,1,0,0,0,1,12.9399,12.4513,16.9269,17.2785,994.90846482,3.987,4.4756,-0.4885999999999999,1.3081157442362428,18.883740284404027,-0.18484028440402867,0.18484028440402867
TRN-0482,15.4736,30.7634,31.3967,13.3708,9.1938,9.1559,11.9994,33.9757,15.6428,Valid,-0.0531523055910838,0.0531523055910838,-0.0320457352607819,1,0,0,0,0,0,0,0,9.1938,9.1559,11.9994,33.9757,476.02054624,2.8056,2.843499999999999,-0.03789999999999871,1.3051607548992203,15.157149542139658,0.48565045786034133,0.48565045786034133
TRN-0469,9.7518,38.6358,39.6464,44.0459,7.2393,8.3028,9.3167,22.5854,15.7717,Valid,0.2269502690296558,0.2269502690296558,0.1353167203779947,2,0,0,0,0,0,0,0,7.2393,8.3028,9.3167,22.5854,376.76859444,2.077400000000001,1.0139000000000014,1.0634999999999994,1.2869596688082152,16.070768290949793,-0.29906829094979415,0.29906829094979415
TRN-0078,30.5467,109.1931,43.2382,33.7685,20.9985,21.4309,25.9315,77.0158,57.4073,Valid,-0.1843937599066158,0.1843937599066158,-0.1104630511515492,2,0,0,0,0,0,0,0,20.9985,21.4309,25.9315,77.0158,3335.48886777,4.933,4.500599999999999,0.43240000000000123,1.2349209539153017,55.41330886287815,1.9939911371218528,1.9939911371218528
TRN-0240,15.0667,104.1581,36.4027,33.943,13.3738,15.3232,15.8001,51.3264,44.9059,Valid,0.0213199244364954,0.0213199244364954,0.0124517325371761,2,0,0,0,0,0,0,0,13.3738,15.3232,15.8001,51.3264,1569.31884527,2.4263000000000012,0.47690000000000055,1.9494000000000007,1.1814210011956205,42.7726672617712,2.1332327382288057,2.1332327382288057
TRN-0787,25.5006,45.3,39.6521,11.5301,14.4892,13.563,18.6989,53.7007,20.2559,Valid,-0.6958152524065575,0.6958152524065575,-0.4160395242244278,0,0,0,0,0,0,0,0,14.4892,13.563,18.6989,53.7007,1155.17718,4.209699999999998,5.135899999999998,-0.9261999999999997,1.2905396498497848,20.73159095024532,-0.47569095024531904,0.47569095024531904
TRN-0658,8.197,36.7874,36.1863,47.6958,6.2612,7.4791,8.1375,47.2552,14.6794,Valid,-0.0807073247852834,0.0807073247852834,-0.0485099740624391,1,0,0,0,0,0,0,0,6.2612,7.4791,8.1375,47.2552,301.54631779999994,1.8762999999999996,0.6583999999999994,1.2179000000000002,1.2996689138361435,14.675610580064616,0.00378941993538362,0.00378941993538362
TRN-0243,11.3687,28.3467,45.6981,56.6098,7.6108,8.0341,9.851,62.3478,16.775,Valid,0.0787026259063097,0.0787026259063097,0.0467381358027599,2,0,0,0,0,0,0,0,7.6108,8.0341,9.851,62.3478,322.26512829,2.2402000000000006,1.8169000000000004,0.42330000000000023,1.2943431776644012,17.320409951206067,-0.5454099512060679,0.5454099512060679
TRN-0506,14.2378,29.0391,42.7409,35.8399,8.9455,8.8975,11.729,39.6624,16.2324,Valid,0.1604881216297151,0.1604881216297151,0.0956053103313667,1,0,0,0,0,0,0,0,8.9455,8.8975,11.729,39.6624,413.45289798000005,2.7835,2.8314999999999984,-0.047999999999998266,1.3111605710574357,17.44066552994783,-1.2082655299478304,1.2082655299478304
TRN-0732,31.7669,86.9219,26.3532,49.2088,20.5981,19.391,25.9812,57.9927,33.7325,Valid,0.04638957162188,0.04638957162188,0.0274309512059968,0,0,0,0,0,0,0,0,20.5981,19.391,25.9812,57.9927,2761.23930511,5.383100000000002,6.590200000000003,-1.2071000000000005,1.2613390257649855,30.629707693120764,3.1027923068792376,3.1027923068792376
TRN-0489,26.606,74.4996,26.1555,14.439,17.1607,16.5283,21.4351,37.1672,25.8404,Valid,-0.0014618650200262,0.0014618650200262,-0.0011604816042026,2,0,0,0,0,0,0,0,17.1607,16.5283,21.4351,37.1672,1982.1363576,4.2744,4.906799999999997,-0.632399999999997,1.249080020581899,26.122321990915367,-0.28192199091536807,0.28192199091536807
TRN-0842,8.4367,41.2956,39.4313,21.0233,6.7362,7.9235,8.6162,54.0452,14.9845,Valid,0.4497657006842992,0.4497657006842992,0.2684498693553908,0,0,0,0,0,0,0,0,6.7362,7.9235,8.6162,54.0452,348.39858852000003,1.879999999999999,0.6926999999999994,1.1872999999999996,1.2790872018538613,14.897040800649009,0.08745919935099167,0.08745919935099167
TRN-0988,21.9567,31.7733,22.7884,5.9133,12.9157,11.382,16.8997,47.4598,16.6707,Valid,0.76514352659078,0.76514352659078,0.45688943464391,1,0,0,0,0,0,0,0,12.9157,11.382,16.8997,47.4598,697.63681611,3.984,5.5177,-1.5336999999999996,1.3084607814823963,17.339001706482193,-0.6683017064821932,0.6683017064821932
TRN-0721,16.9431,86.3196,27.0104,38.5934,13.4948,14.3679,16.283,65.9021,28.9001,Valid,0.0705320427461764,0.0705320427461764,0.0418561783143924,2,0,0,0,0,0,0,0,13.4948,14.3679,16.283,65.9021,1462.52161476,2.7882000000000016,1.9151000000000007,0.8731000000000009,1.2066120234371587,28.02009581739346,0.8800041826065375,0.8800041826065375
TRN-0646,25.9459,17.3392,44.559,44.8019,13.7463,11.9815,29.9373,48.0835,20.3064,Invalid,11.49471436378484,11.49471436378484,6.867852724411691,1,0,0,0,0,0,0,0,13.7463,11.9815,29.9373,48.0835,449.8811492800001,16.191000000000003,17.9558,-1.7647999999999993,2.1778426355872957,22.837582104683598,-2.531182104683598,2.531182104683598
TRN-0681,15.4946,24.9221,38.7031,11.3605,9.2215,9.0022,12.0966,51.5528,16.121,Valid,0.3390280670958834,0.3390280670958834,0.2022836717969479,1,0,0,0,0,0,0,0,9.2215,9.0022,12.0966,51.5528,386.15797066,2.8750999999999998,3.0944000000000003,-0.2193000000000005,1.3117808254830283,15.9486587895219,0.17234121047809836,0.17234121047809836
TRN-0137,22.2192,100.676,37.4391,56.4213,17.3095,10.6228,21.2274,45.9637,44.5411,Invalid,0.7617391601474139,0.7617391601474139,0.4548553115066006,2,0,0,0,0,0,0,0,17.3095,10.6228,21.2274,45.9637,2236.9401792000003,3.9178999999999995,10.6046,-6.6867,1.226343206711224,42.245538454265,2.295561545734998,2.295561545734998
TRN-0474,19.7376,68.2093,24.9525,24.924,13.4189,13.5545,16.9523,56.4578,21.7249,Valid,0.0932784106614939,0.0932784106614939,0.0554472279372855,0,0,0,0,0,0,0,0,13.4189,13.5545,16.9523,56.4578,1346.28787968,3.5334000000000003,3.3978,0.13560000000000016,1.2633142334213434,22.471217944076187,-0.7463179440761856,0.7463179440761856
TRN-0793,29.9433,90.2695,38.0274,29.5678,,19.314,24.3668,51.4928,38.8282,Invalid,-0.1375735544375693,0.1375735544375693,-0.0824877832646987,0,1,0,0,0,1,0,0,13.627749999999999,19.314,24.3668,51.4928,2702.96671935,10.739050000000002,5.052800000000001,5.686250000000001,1.7880267923708668,38.879566234126926,-0.05136623412692387,0.05136623412692387
TRN-0300,28.3887,54.9243,24.6385,26.9051,16.6301,15.3415,21.3679,23.2394,21.2878,Valid,-0.4260068879429042,0.4260068879429042,-0.2548279020547271,2,0,0,0,0,0,0,0,16.6301,15.3415,21.3679,23.2394,1559.22947541,4.7378,6.026399999999999,-1.2885999999999989,1.2848922827329465,21.616601079710026,-0.3288010797100256,0.3288010797100256
TRN-0096,24.6363,36.24,34.7335,15.5026,13.896,12.6338,18.1854,56.9828,19.1808,Valid,-0.0763982810811754,0.0763982810811754,-0.0459353024916733,0,0,0,0,0,0,0,0,13.896,12.6338,18.1854,56.9828,892.819512,4.2894000000000005,5.5516000000000005,-1.2622,1.3086778147108415,19.42549081808311,-0.24469081808310733,0.24469081808310733
TRN-0399,10.3861,18.7855,32.6305,50.6218,6.3956,6.3908,8.4581,20.3764,13.2902,Valid,-0.2579245489794548,0.2579245489794548,-0.1543980040556774,1,0,0,0,0,0,0,0,6.3956,6.3908,8.4581,20.3764,195.10808155,2.0625,2.0673000000000004,-0.0048000000000003595,1.322485267237996,13.886272541540505,-0.5960725415405044,0.5960725415405044
TRN-0392,10.1905,67.5579,25.3445,35.5989,9.0985,10.207,10.7316,48.0055,18.7934,Valid,-0.0761361628334622,0.0761361628334622,-0.0457786857463099,2,0,0,0,0,0,0,0,9.0985,10.207,10.7316,48.0055,688.44877995,1.6331000000000007,0.5245999999999995,1.1085000000000012,1.1794898285543458,19.935489954885103,-1.1420899548851047,1.1420899548851047
TRN-0922,29.8423,23.2777,32.2842,35.1458,16.0758,13.5681,21.498,52.7638,20.4154,Valid,0.1284776073810469,0.1284776073810469,0.0764788946667801,0,0,0,0,0,0,0,0,16.0758,13.5681,21.498,52.7638,694.66010671,5.4222,7.929900000000002,-2.5077000000000016,1.3372887587001838,20.231315000535183,0.18408499946481882,0.18408499946481882
TRN-0674,10.2641,67.6886,36.7714,5.0434,8.766,10.3713,10.3567,76.1003,21.7744,Valid,-0.097719801864855,0.097719801864855,-0.0586750000154875,0,0,0,0,0,0,0,0,8.766,10.3713,10.3567,76.1003,694.7625592599999,1.5907,-0.014599999999999724,1.6052999999999997,1.1814611208520183,21.714523069601487,0.05987693039851294,0.05987693039851294
TRN-0805,15.6191,87.307,31.2849,31.8206,12.6735,13.9206,15.2714,60.0861,30.0341,Invalid,0.084009380480559,0.084009380480559,0.0499089437763076,0,0,0,0,0,0,0,0,12.6735,13.9206,15.2714,60.0861,1363.6567637,2.597899999999999,1.3507999999999996,1.2470999999999997,1.204985832654095,28.426422850831177,1.607677149168822,1.607677149168822
TRN-0849,18.5832,83.5181,42.8469,19.2857,13.6044,14.8572,16.5177,38.1275,31.9025,Valid,-0.3432184155073798,0.3432184155073798,-0.2053614447608119,0,0,0,0,0,0,0,0,13.6044,14.8572,16.5177,38.1275,1552.0335559200003,2.9133000000000013,1.6605000000000008,1.2528000000000006,1.2141430609633201,31.87048908498154,0.03201091501846065,0.03201091501846065
TRN-0720,8.7305,38.7524,42.7652,39.973,6.9272,7.8504,8.7984,39.3478,15.6642,Valid,0.259990887615583,0.259990887615583,0.1550586276769629,1,0,0,0,0,0,0,0,6.9272,7.8504,8.7984,39.3478,338.3278282,1.8712000000000009,0.9480000000000013,0.9231999999999996,1.2701217373228184,16.977947728780027,-1.3137477287800277,1.3137477287800277
TRN-0244,13.7541,79.6813,23.9523,25.6729,11.413,12.2854,13.6117,77.2696,23.4988,Valid,0.0635824817369599,0.0635824817369599,0.0377037866497002,2,0,0,0,0,0,0,0,11.413,12.2854,13.6117,77.2696,1095.9445683299998,2.1987000000000005,1.3263000000000016,0.872399999999999,1.1926476889094113,22.67915148588632,0.8196485141136804,0.8196485141136804
TRN-0584,14.8001,41.6142,34.1941,23.5459,9.4725,9.6892,11.9039,71.7649,16.9156,Valid,-0.4105429918501855,0.4105429918501855,-0.2455881596948986,0,0,0,0,0,0,0,0,9.4725,9.6892,11.9039,71.7649,615.89432142,2.4314,2.2147000000000006,0.21669999999999945,1.2566785361007802,16.810462209089067,0.10513779091093411,0.10513779091093411
TRN-0393,22.8787,26.2566,33.3296,26.8598,12.6389,11.2659,16.9462,36.961,18.0061,Valid,0.192026941130976,0.192026941130976,0.114449886418631,1,0,0,0,0,0,0,0,12.6389,11.2659,16.9462,36.961,600.71687442,4.3073000000000015,5.680300000000001,-1.3729999999999993,1.3407960021868977,18.375378892255384,-0.3692788922553838,0.3692788922553838
TRN-0046,12.6004,70.012,26.6228,27.805,10.1212,11.1769,11.9567,43.7905,20.5183,Valid,-0.4776851231143855,0.4776851231143855,-0.2857058629341946,1,0,0,0,0,0,0,0,10.1212,11.1769,11.9567,43.7905,882.1792048000001,1.8354999999999997,0.7797999999999998,1.0556999999999999,1.181350846390896,21.325521309817866,-0.8072213098178658,0.8072213098178658
TRN-0055,13.7835,22.704,46.1581,56.4581,8.6208,8.5332,11.4585,31.2953,18.0216,Valid,0.2699664093342644,0.2699664093342644,0.1610190434759859,1,0,0,0,0,0,0,0,8.6208,8.5332,11.4585,31.2953,312.940584,2.8377000000000017,2.9253,-0.08759999999999835,1.3291674448224706,17.269968524405755,0.7516314755942446,0.7516314755942446
TRN-0040,30.7001,21.7619,23.3392,38.6122,16.4355,8.515,22.2017,59.9267,19.5066,Invalid,0.5366580159695928,0.5366580159695928,0.3203683898544479,1,0,0,0,0,0,0,0,16.4355,8.515,22.2017,59.9267,668.09250619,5.766199999999998,13.686699999999998,-7.9205000000000005,1.3508373028886842,18.81125493846744,0.69534506153256,0.69534506153256
TRN-0604,29.1572,28.9227,36.6761,40.8287,16.2795,7.4881,21.7575,56.1516,21.4041,Invalid,0.5026803288891948,0.5026803288891948,0.3000665802248826,2,0,0,0,0,0,0,0,16.2795,7.4881,21.7575,56.1516,843.30494844,5.4780000000000015,14.269400000000001,-8.7914,1.3364960001867379,19.762817896937612,1.6412821030623874,1.6412821030623874
TRN-0383,19.269,79.1736,31.6065,46.7932,14.3271,14.7891,17.4732,,27.4728,Valid,0.1647410057137257,0.1647410057137257,0.098146426295084,0,0,0,0,1,0,0,0,14.3271,14.7891,17.4732,49.4543,1525.5960983999998,3.146099999999999,2.684099999999999,0.46199999999999974,1.2195899940741712,26.042447315284715,1.4303526847152845,1.4303526847152845
TRN-0631,16.4187,61.9808,30.0559,32.3224,12.0878,12.3883,,29.1391,18.9129,Invalid,2.581680610657699,2.581680610657699,1.5422779126326869,0,0,0,1,0,0,0,1,12.0878,12.3883,16.9269,29.1391,1017.6441609600001,4.8391,4.538600000000001,0.30049999999999955,1.4003280991345828,20.59071266952982,-1.6778126695298212,1.6778126695298212
TRN-0596,14.7864,22.9753,32.572,55.831,8.9076,8.5735,11.5828,,16.1452,Valid,-0.2514764720793678,0.2514764720793678,-0.1505452512360811,1,0,0,0,1,0,0,0,8.9076,8.5735,11.5828,49.4543,339.72197592000003,2.6752000000000002,3.0093000000000014,-0.3341000000000012,1.3003263501657571,15.194495240787214,0.9507047592127851,0.9507047592127851
TRN-0954,9.0295,82.9809,39.0311,45.0216,9.3595,11.461,11.1991,41.8283,28.6045,Valid,0.2704784743675414,0.2704784743675414,0.161325004467355,1,0,0,0,0,0,0,0,9.3595,11.461,11.1991,41.8283,749.2760365500001,1.839599999999999,-0.2619000000000007,2.1014999999999997,1.1965476825175676,29.09694115431049,-0.4924411543104874,0.4924411543104874
TRN-0069,10.6599,55.4415,45.4533,57.3204,8.7772,10.33,10.7495,50.0292,18.0376,Invalid,-0.1508931336925538,0.1508931336925538,-0.090446287377729,1,0,0,0,0,0,0,0,8.7772,10.33,10.7495,50.0292,591.00084585,1.9722999999999988,0.4194999999999993,1.5527999999999995,1.2247058005903926,18.207167702616655,-0.16956770261665355,0.16956770261665355
TRN-0195,14.6346,44.3665,26.2526,39.6835,10.1485,10.0617,12.6422,48.8083,15.6746,Valid,0.1081187395776765,0.1081187395776765,0.0643143863104724,1,0,0,0,0,0,0,0,10.1485,10.0617,12.6422,48.8083,649.2859809,2.4937000000000005,2.5805000000000007,-0.08680000000000021,1.2457198150270337,16.566009201621153,-0.891409201621153,0.891409201621153
TRN-0104,19.0061,71.4244,23.5275,37.0969,13.4861,13.6011,16.8051,48.3686,21.7428,Valid,0.2218755977726338,0.2218755977726338,0.1322845831536772,0,0,0,0,0,0,0,0,13.4861,13.6011,16.8051,48.3686,1357.4992888400002,3.318999999999999,3.203999999999999,0.11500000000000021,1.2461043251167312,22.912945595145118,-1.1701455951451187,1.1701455951451187
TRN-0751,11.0406,64.0415,40.4972,35.006,9.1935,10.7225,11.2221,46.527,22.9613,Valid,0.0380784571506325,0.0380784571506325,0.0224650256735866,1,0,0,0,0,0,0,0,9.1935,10.7225,11.2221,46.527,707.0565849,2.028599999999999,0.49959999999999916,1.529,1.220654570452417,22.73154566674209,0.22975433325791172,0.22975433325791172
TRN-0537,18.6335,82.6128,23.4196,29.3012,13.8318,14.213,16.8344,51.8193,26.1312,Valid,-0.1095290187404423,0.1095290187404423,-0.0657310563125253,0,0,0,0,0,0,0,0,13.8318,14.213,16.8344,51.8193,1539.3656088,3.0025999999999993,2.6213999999999995,0.38119999999999976,1.217078603595625,25.494417377003735,0.6367826229962645,0.6367826229962645
TRN-0348,18.6216,39.1216,29.5936,25.5068,10.9669,10.4217,13.9351,53.0223,17.3091,Valid,-0.7256799843263977,0.7256799843263977,-0.4338838260051802,1,0,0,0,0,0,0,0,10.9669,10.4217,13.9351,53.0223,728.50678656,2.9681999999999995,3.5134000000000007,-0.5452000000000012,1.270649617804833,16.489141720529037,0.8199582794709634,0.8199582794709634
TRN-0730,15.3273,38.6999,49.7777,59.2633,10.4496,10.8623,13.4307,39.9543,22.7637,Valid,0.350332965121801,0.350332965121801,0.2090383954796035,2,0,0,0,0,0,0,0,10.4496,10.8623,13.4307,39.9543,593.16497727,2.9810999999999996,2.5684000000000005,0.4126999999999992,1.2852824172385382,22.74249009017281,0.02120990982718851,0.02120990982718851
TRN-0961,25.6003,45.6984,36.3889,34.2858,15.3215,14.1184,19.8526,55.4214,20.6785,Valid,0.2402182626011573,0.2402182626011573,0.143244401830165,1,0,0,0,0,0,0,0,15.3215,14.1184,19.8526,55.4214,1169.89274952,4.531099999999999,5.7341999999999995,-1.203100000000001,1.29573390612283,20.96058970613953,-0.28208970613953,0.28208970613953
TRN-0818,31.0474,62.9038,35.1896,55.5623,19.3378,17.6333,25.0756,55.3385,28.5424,Valid,0.6885899869735219,0.6885899869735219,0.4111483756924439,0,0,0,0,0,0,0,0,19.3378,17.6333,25.0756,55.3385,1952.99944012,5.7378,7.442300000000003,-1.704500000000003,1.296713536848278,28.65658535027357,-0.11418535027356924,0.11418535027356924
TRN-0794,14.4618,61.9058,19.4627,33.2112,11.0829,11.4122,13.8348,34.7131,16.3831,Valid,0.6457325568466583,0.6457325568466583,0.385540882587066,2,0,0,0,0,0,0,0,11.0829,11.4122,13.8348,34.7131,895.2692984400001,2.751899999999999,2.422599999999999,0.3292999999999999,1.2483003110193982,17.167246717429457,-0.7841467174294579,0.7841467174294579
TRN-0488,9.8739,48.5443,43.9823,34.3589,7.7772,9.2292,9.8748,83.8846,16.7146,Valid,0.2529787122234559,0.2529787122234559,0.1508688236575418,2,0,0,0,0,0,0,0,7.7772,9.2292,9.8748,83.8846,479.32156377,2.097600000000001,0.6456,1.4520000000000008,1.2697098316748554,17.68017147026499,-0.9655714702649902,0.9655714702649902
TRN-0577,26.2007,23.6865,40.4527,22.249,14.2341,12.3775,18.9363,43.5085,19.5382,Valid,0.1927156953544653,0.1927156953544653,0.1148614199374886,1,0,0,0,0,0,0,0,14.2341,12.3775,18.9363,43.5085,620.60288055,4.7021999999999995,6.5588,-1.8566000000000003,1.3303466110631434,20.28320081787014,-0.7450008178701388,0.7450008178701388
TRN-0388,15.6353,93.2888,38.4491,16.0241,12.4655,14.2449,15.0064,52.6342,35.8424,Valid,-0.355739275379241,0.355739275379241,-0.212842710713833,0,0,0,0,0,0,0,0,12.4655,14.2449,15.0064,52.6342,1458.59837464,2.540899999999999,0.7614999999999998,1.779399999999999,1.2038336177180076,35.741868259792156,0.10053174020784184,0.10053174020784184
TRN-0490,22.4352,87.399,34.984,8.6671,21.8695,16.3441,19.4985,66.3187,33.2397,Invalid,0.0338257534866812,0.0338257534866812,0.0199240175116066,0,0,0,0,0,0,0,0,21.8695,16.3441,19.4985,66.3187,1960.8140448,-2.3709999999999987,3.154399999999999,-5.525399999999998,0.891583762050453,33.36082596209924,-0.1211259620992422,0.1211259620992422
TRN-0774,13.1669,55.9826,37.9946,32.6052,9.6036,10.6482,12.0089,51.8564,17.6295,Valid,-0.0378491068303876,0.0378491068303876,-0.0229020102265288,2,0,0,0,0,0,0,0,9.6036,10.6482,12.0089,51.8564,737.11729594,2.4053000000000004,1.3607000000000014,1.044599999999999,1.2504568594518104,17.559057367354306,0.07044263264569395,0.07044263264569395
TRN-0590,19.0194,19.1802,35.4244,47.6908,10.8729,9.8968,14.7725,63.4353,17.0471,Valid,0.5013905801606846,0.5013905801606846,0.2992959499846832,1,0,0,0,0,0,0,0,10.8729,9.8968,14.7725,63.4353,364.79589588,3.8996000000000013,4.8757,-0.9760999999999989,1.3586519156325216,16.650704105053002,0.39639589494699834,0.39639589494699834
TRN-0968,16.2319,44.2376,28.252,32.7977,10.808,1.0,13.7394,58.1263,17.1679,Invalid,0.3211469724506379,0.3211469724506379,0.1915996432285218,2,0,0,0,0,0,0,0,10.808,1.0,13.7394,58.1263,718.06029944,2.9314,12.7394,-9.808,1.2712238423169484,16.907700007479505,0.2601999925204943,0.2601999925204943
TRN-0601,15.4779,79.9642,26.6642,23.6025,12.3091,13.4402,14.9589,32.7272,25.3258,Valid,0.2311714879485933,0.2311714879485933,0.137838916273619,0,0,0,0,0,0,0,0,12.3091,13.4402,14.9589,32.7272,1237.6778911800002,2.649799999999999,1.518699999999999,1.1311,1.2152706410130383,22.27076226398544,3.0550377360145617,3.0550377360145617
TRN-0694,12.362,80.5709,36.3399,24.5401,10.7301,12.2892,12.8727,46.5269,26.5544,Valid,0.1719937940268412,0.1719937940268412,0.102479997537529,0,0,0,0,0,0,0,0,10.7301,12.2892,12.8727,46.5269,996.0174658,2.1426,0.5835000000000008,1.559099999999999,1.1996801523935916,25.700321517967815,0.8540784820321861,0.8540784820321861
TRN-0996,25.2864,105.1935,21.2535,30.031,18.4286,18.6152,22.6584,44.7668,44.5171,Valid,0.3441272764921592,0.3441272764921592,0.2053304706617301,2,0,0,0,0,0,0,0,18.4286,18.6152,22.6584,44.7668,2659.9649184,4.229800000000001,4.043199999999999,0.1866000000000021,1.2295230079750996,44.66197120129787,-0.14487120129786746,0.14487120129786746
TRN-0550,28.8379,92.9334,31.6963,6.1701,19.1578,19.1947,24.0263,68.1967,38.0388,Valid,0.1782935300263162,0.1782935300263162,0.1062441160508119,0,0,0,0,0,0,0,0,19.1578,19.1947,24.0263,68.1967,2680.0040958600002,4.868499999999997,4.831599999999998,0.03689999999999927,1.2541256020390639,36.711011643519974,1.3277883564800277,1.3277883564800277
TRN-0362,26.0027,31.8043,38.6549,39.2623,14.4526,12.9979,18.9192,41.6736,20.6107,Valid,-0.3062743423121148,0.3062743423121148,-0.18328720706546,1,0,0,0,0,0,0,0,14.4526,12.9979,18.9192,41.6736,826.9976716100001,4.4666,5.9213000000000005,-1.4547000000000008,1.3090507527706068,19.74244789616947,0.8682521038305318,0.8682521038305318
TRN-0403,14.602,90.8334,34.272,23.6169,12.1854,13.8431,14.3235,48.328,32.9934,Valid,-0.3096645133187383,0.3096645133187383,-0.1853128483701575,0,0,0,0,0,0,0,0,12.1854,13.8431,14.3235,48.328,1326.3493068,2.1380999999999997,0.4803999999999995,1.6577000000000002,1.1754631153157753,34.28123809623427,-1.2878380962342675,1.2878380962342675
TRN-0895,13.303,23.5239,36.4808,54.2996,8.24,8.2477,11.1047,60.4973,15.8924,Valid,0.3712025732524164,0.3712025732524164,0.2215080733099056,2,0,0,0,0,0,0,0,8.24,8.2477,11.1047,60.4973,312.93844170000006,2.864699999999999,2.8569999999999993,0.007699999999999818,1.3476561314852773,15.833107447366665,0.05929255263333566,0.05929255263333566
TRN-0710,14.9713,90.0616,47.0818,58.286,13.306,15.1173,16.1489,49.4095,38.455,Valid,0.8410221673220217,0.8410221673220217,0.5022272386983995,0,0,0,0,0,0,0,0,13.306,15.1173,16.1489,49.4095,1348.3392320799999,2.842900000000002,1.031600000000001,1.811300000000001,1.2136545816514495,38.83142954233844,-0.3764295423384425,0.3764295423384425
TRN-0081,15.3642,103.1518,32.9891,37.3924,13.7518,15.742,16.2821,60.6418,22.2325,Invalid,0.2721205195470872,0.2721205195470872,0.1623061333052127,2,0,0,0,0,0,0,0,13.7518,15.742,16.2821,60.6418,1584.84488556,2.5303000000000004,0.5400999999999989,1.9902000000000015,1.1839968702301733,42.980509780608976,-20.748009780608974,20.748009780608974
TRN-0505,27.9057,79.2635,35.0412,51.9587,18.3341,18.1298,22.974,50.8913,31.4153,Valid,-0.1687118216737673,0.1687118216737673,-0.1010930277043215,2,0,0,0,0,0,0,0,18.3341,18.1298,22.974,50.8913,2211.9034519499996,4.639900000000001,4.844200000000001,-0.20429999999999993,1.2530741879480378,30.3119854753977,1.1033145246022968,1.1033145246022968
TRN-0671,22.0527,73.0502,31.3211,59.7622,15.2807,15.2178,18.7654,,26.3962,Valid,-0.2117740143498103,0.2117740143498103,-0.1268228672861641,2,0,0,0,1,0,0,0,15.2807,15.2178,18.7654,49.4543,1610.9541455400001,3.4847,3.547599999999999,-0.06289999999999907,1.228045031938961,27.103868326320086,-0.7076683263200856,0.7076683263200856
TRN-0923,20.3823,81.3954,43.0469,42.3267,14.7449,15.4901,17.9001,68.6376,31.9883,Valid,-0.3406034122121362,0.3406034122121362,-0.2037989693941072,2,0,0,0,0,0,0,0,14.7449,15.4901,17.9001,68.6376,1659.02546142,3.155199999999999,2.4099999999999984,0.7452000000000005,1.2139850294101489,32.314299475214774,-0.32599947521477546,0.32599947521477546
TRN-0456,16.2823,42.0499,42.1286,55.2509,10.933,11.001,14.1658,34.9553,18.4806,Valid,0.5368645157318479,0.5368645157318479,0.3204917743229649,2,0,0,0,0,0,0,0,10.933,11.001,14.1658,34.9553,684.66908677,3.232800000000001,3.1648000000000014,0.06799999999999962,1.295690756708354,20.580216922765533,-2.0996169227655344,2.0996169227655344
TRN-0864,17.7488,98.5119,38.5198,30.0701,14.3138,15.8699,17.2717,65.6793,41.152,Valid,0.0492082623246439,0.0492082623246439,0.0291151306475442,0,0,0,0,0,0,0,0,14.3138,15.8699,17.2717,65.6793,1748.46801072,2.9578999999999986,1.4017999999999997,1.556099999999999,1.206645889529063,41.61673109901627,-0.4647310990162694,0.4647310990162694
TRN-0728,12.9937,91.5476,34.1973,59.2556,11.6285,13.3281,13.6989,39.3368,33.532,Valid,-0.5636914213618578,0.5636914213618578,-0.3370949845607552,2,0,0,0,0,0,0,0,11.6285,13.3281,13.6989,39.3368,1189.54205012,2.0703999999999994,0.3708000000000009,1.6995999999999984,1.1780443066222586,34.54622530008975,-1.0142253000897554,1.0142253000897554
TRN-0795,19.6172,75.9294,47.4861,24.8512,14.0893,15.1071,17.4548,11.4004,32.7368,Valid,0.1963423421796868,0.1963423421796868,0.1170283565292907,0,0,0,0,0,0,0,0,14.0893,15.1071,17.4548,11.4004,1489.52222568,3.365499999999999,2.347699999999998,1.0178000000000011,1.2388683335095898,33.43340720438649,-0.6966072043864884,0.6966072043864884
TRN-0339,19.8769,88.9244,43.516,5.905,14.5352,15.9001,18.022,47.0218,35.8431,Valid,0.2465095301960929,0.2465095301960929,0.1470034604364443,0,0,0,0,0,0,0,0,14.5352,15.9001,18.022,47.0218,1767.54140636,3.486799999999999,2.1218999999999983,1.3649000000000004,1.2398857670443013,35.661696882811135,0.18140311718886437,0.18140311718886437
TRN-0755,10.3894,48.2646,38.2092,52.4993,8.0078,9.087,1.0,55.6166,16.6688,Invalid,-9.283601815342257,9.283601815342257,-5.547277784424939,2,0,0,0,0,0,0,0,8.0078,9.087,1.0,55.6166,501.44023524000005,-7.0078,-8.087,1.0792000000000002,0.12487808776681765,15.995854948678247,0.6729450513217543,0.6729450513217543
TRN-0926,27.2448,94.7248,46.3557,8.5644,18.461,18.9053,23.0699,55.0239,44.069,Valid,0.1596225950069723,0.1596225950069723,0.0950881545672716,1,0,0,0,0,0,0,0,18.461,18.9053,23.0699,55.0239,2580.7582310400003,4.608900000000002,4.1646,0.4443000000000019,1.2496553547178624,44.38298399917672,-0.3139839991767204,0.3139839991767204
TRN-0340,15.9289,42.4987,37.1452,21.9601,10.0484,10.4299,13.1923,47.0975,17.1411,Valid,0.1058251427989311,0.1058251427989311,0.0629439526768088,0,0,0,0,0,0,0,0,10.0484,10.4299,13.1923,47.0975,676.95754243,3.1438999999999986,2.7623999999999995,0.38149999999999906,1.3128743751498992,17.927819480963773,-0.7867194809637716,0.7867194809637716
TRN-0624,21.2688,60.1272,41.6207,7.4565,13.4904,13.7243,17.1971,63.1803,20.5506,Valid,-0.0030502374953229,0.0030502374953229,-0.0021095407775953,0,0,0,0,0,0,0,0,13.4904,13.7243,17.1971,63.1803,1278.83339136,3.7066999999999997,3.4727999999999994,0.23390000000000022,1.2747648144126087,20.78190979606429,-0.23130979606429136,0.23130979606429136
TRN-0985,31.1523,68.3503,25.5586,59.5274,19.4935,17.927,24.8405,47.4029,26.3345,Valid,0.2845452639133228,0.2845452639133228,0.1697299698430696,1,0,0,0,0,0,0,0,19.4935,17.927,24.8405,47.4029,2129.2690506900003,5.346999999999998,6.913499999999999,-1.5665000000000013,1.274295906688944,26.718528919522857,-0.38402891952285856,0.38402891952285856
TRN-0860,24.0826,100.8102,38.7076,45.2535,17.6853,18.6204,21.645,52.8524,45.3171,Valid,0.0692412173435919,0.0692412173435919,0.0410849047569466,1,0,0,0,0,0,0,0,17.6853,18.6204,21.645,52.8524,2427.77172252,3.959699999999998,3.0245999999999995,0.9350999999999985,1.2238971213962322,44.315978876096274,1.0011211239037294,1.0011211239037294
TRN-0560,16.1905,108.6933,41.8279,25.9057,14.0794,16.4719,16.642,45.5852,50.7461,Valid,-0.0053005579447358,0.0053005579447358,-0.0034541166241323,0,0,0,0,0,0,0,0,14.0794,16.4719,16.642,45.5852,1759.79887365,2.5625999999999998,0.17009999999999792,2.392500000000002,1.1820097575111457,48.360236172480604,2.385863827519394,2.385863827519394
TRN-0811,9.9206,20.4528,30.4694,39.4752,6.1355,6.2873,7.9233,49.787,13.4197,Valid,-0.2391807731477486,0.2391807731477486,-0.143198519883193,2,0,0,0,0,0,0,0,6.1355,6.2873,7.9233,49.787,202.90404768,1.7877999999999998,1.6360000000000001,0.1517999999999997,1.2913840903201201,13.5927095092652,-0.1730095092651993,0.1730095092651993
TRN-0395,22.5343,64.3109,38.331,33.4681,14.7128,14.8326,18.3668,42.5264,26.0598,Valid,-0.2805575923304566,0.2805575923304566,-0.1679213417791218,2,0,0,0,0,0,0,0,14.7128,14.8326,18.3668,42.5264,1449.2011138700002,3.6540000000000017,3.534200000000002,0.11979999999999968,1.248354325244464,26.691185718186254,-0.6313857181862552,0.6313857181862552
TRN-0839,17.7608,75.605,32.4239,44.923,9.5081,18.8042,16.0689,59.2908,26.1826,Invalid,-0.1506539515311722,0.1506539515311722,-0.0903033750395328,1,0,0,0,0,0,0,0,9.5081,18.8042,16.0689,59.2908,1342.805284,6.560799999999999,-2.7353000000000023,9.296100000000001,1.6900204141517083,25.73801758060142,0.4445824193985821,0.4445824193985821
TRN-0779,25.1402,21.4874,30.0153,21.5418,13.418,11.7585,17.7983,42.8532,17.9676,Valid,-0.0845191474040589,0.0845191474040589,-0.0507875539625935,1,0,0,0,0,0,0,0,13.418,11.7585,17.7983,42.8532,540.1975334800001,4.380300000000002,6.039800000000001,-1.6594999999999995,1.3264485568277264,18.0391030689522,-0.07150306895220027,0.07150306895220027
TRN-0543,31.2911,105.0903,31.7883,17.9763,21.0594,20.9426,26.2067,40.3385,49.5902,Valid,0.1505673552470483,0.1505673552470483,0.0896776110738005,0,0,0,0,0,0,0,0,21.0594,20.9426,26.2067,40.3385,3288.39108633,5.147300000000001,5.264100000000003,-0.11680000000000135,1.2444175786501142,47.195887481431086,2.394312518568917,2.394312518568917
TRN-0158,12.482,83.5838,47.1746,30.2478,10.9729,13.2646,13.0821,47.6153,33.0264,Valid,0.0076930308072444,0.0076930308072444,0.004309606804816,1,0,0,0,0,0,0,0,10.9729,13.2646,13.0821,47.6153,1043.2929915999998,2.1092000000000013,-0.18249999999999922,2.2917000000000005,1.1922179257826777,31.992896768049725,1.0335032319502773,1.0335032319502773
TRN-0799,30.8482,39.4561,32.0324,45.0936,17.3909,15.3215,22.5071,40.493,21.9518,Valid,-0.283716503543495,0.283716503543495,-0.1698088043933973,1,0,0,0,0,0,0,0,17.3909,15.3215,22.5071,40.493,1217.1496640199998,5.116200000000003,7.185600000000001,-2.069399999999998,1.2941875957037328,21.57276660054016,0.37903339945983916,0.37903339945983916
TRN-0946,13.2616,50.6899,55.0,49.9586,9.9141,11.1639,12.718,51.5653,31.2415,Valid,0.5781097283864369,0.5781097283864369,0.3451359607698839,2,0,0,0,0,0,0,0,9.9141,11.1639,12.718,51.5653,672.22917784,2.8039000000000005,1.5541,1.2498000000000005,1.2828181248745476,26.00593367823925,5.23556632176075,5.23556632176075
TRN-0927,29.9956,79.3101,32.0155,17.061,18.8294,18.2246,23.9815,35.0363,22.272,Invalid,-0.0685181765969424,0.0685181765969424,-0.0412269072227006,0,0,0,0,0,0,0,0,18.8294,18.2246,23.9815,35.0363,2378.95403556,5.152100000000001,5.756900000000002,-0.6048000000000009,1.2736193008702876,29.94769653164704,-7.675696531647041,7.675696531647041
TRN-0952,19.9942,26.8465,29.7538,57.0471,11.6796,10.6768,15.1548,40.8558,17.1858,Valid,-0.2205819374569912,0.2205819374569912,-0.1320856380489508,1,0,0,0,0,0,0,0,11.6796,10.6768,15.1548,40.8558,536.7742903,3.475199999999999,4.478,-1.0028000000000006,1.2975433255048756,17.801617267874047,-0.6158172678740463,0.6158172678740463
TRN-0608,23.0912,102.831,33.9404,27.2584,17.0564,18.1608,20.6736,35.8498,45.0975,Valid,-0.1728782945134241,0.1728782945134241,-0.1035825125894262,1,0,0,0,0,0,0,0,17.0564,18.1608,20.6736,35.8498,2374.4911872000002,3.6172000000000004,2.512800000000002,1.1043999999999983,1.2120721769704177,45.96737087498138,-0.8698708749813804,0.8698708749813804
TRN-0212,28.1417,37.9691,30.4029,8.6425,15.5882,13.9026,20.4289,63.8414,19.7482,Valid,-0.0859326838738887,0.0859326838738887,-0.0516321478941059,1,0,0,0,0,0,0,0,15.5882,13.9026,20.4289,63.8414,1068.51502147,4.840699999999998,6.526299999999999,-1.6856000000000009,1.3105353340762023,19.589359197452016,0.15884080254798505,0.15884080254798505
TRN-0480,27.322,76.3904,41.6053,33.0416,17.5094,17.3568,22.1297,45.2954,31.3074,Valid,-0.1508406656991603,0.1508406656991603,-0.0904149375330206,1,0,0,0,0,0,0,0,17.5094,17.3568,22.1297,45.2954,2087.1385087999997,4.6203,4.7729,-0.15259999999999962,1.2638746822422915,32.54319440093804,-1.2357944009380404,1.2357944009380404
TRN-0904,27.5889,104.0795,31.2045,10.8247,19.3299,19.5557,23.7529,57.4735,46.9314,Valid,0.2174103398404661,0.2174103398404661,0.1296165729306366,0,0,0,0,0,0,0,0,19.3299,19.5557,23.7529,57.4735,2871.4389175499996,4.423000000000002,4.197199999999999,0.2258000000000031,1.2288158610153903,46.58409519464842,0.3473048053515768,0.3473048053515768
TRN-0607,31.6984,85.383,34.2637,43.8615,20.6039,19.7762,26.059,39.3149,35.5228,Valid,0.3707009219064474,0.3707009219064474,0.2212083345401012,2,0,0,0,0,0,0,0,20.6039,19.7762,26.059,39.3149,2706.5044872,5.455100000000002,6.282800000000002,-0.8277000000000001,1.2647599411956276,35.190811522714945,0.33198847728505143,0.33198847728505143
TRN-0855,18.223,90.6313,43.6143,44.7851,14.0844,15.6534,17.2858,55.8555,37.0514,Valid,0.0102198851777224,0.0102198851777224,0.0058194128216203,2,0,0,0,0,0,0,0,14.0844,15.6534,17.2858,55.8555,1651.5741798999998,3.201399999999998,1.6323999999999987,1.568999999999999,1.2273002560987645,36.37646187504655,0.6749381249534494,0.6749381249534494
TRN-0879,11.3702,44.4605,35.0734,18.8139,7.6823,8.5735,9.4497,32.7382,15.8432,Valid,-0.668763325030028,0.668763325030028,-0.3998758848804194,2,0,0,0,0,0,0,0,7.6823,8.5735,9.4497,32.7382,505.52477710000005,1.7674000000000003,0.8762000000000008,0.8911999999999995,1.2300597086032719,15.812745678545488,0.030454321454511657,0.030454321454511657
TRN-0667,20.5759,66.0268,39.7271,8.0398,13.5048,14.0092,16.7079,,25.1861,Valid,-0.3712732865465682,0.3712732865465682,-0.2221243471229386,0,0,0,0,1,0,0,0,13.5048,14.0092,16.7079,49.4543,1358.56083412,3.203099999999999,2.6986999999999988,0.5044000000000004,1.2371814190647628,25.29813534725774,-0.11203534725774134,0.11203534725774134
TRN-0232,25.2036,28.9334,44.802,5.7853,13.8939,12.7363,18.2984,27.0032,20.0864,Valid,0.0879999156367894,0.0879999156367894,0.0522933051623601,1,0,0,0,0,0,0,0,13.8939,12.7363,18.2984,27.0032,729.22584024,4.4045000000000005,5.562100000000001,-1.1576000000000004,1.3170086750238055,19.62017988466136,0.46622011533863983,0.46622011533863983
TRN-0299,10.8536,90.8684,43.7084,46.912,10.7011,13.351,12.6556,36.3631,34.8475,Valid,0.0367627129726813,0.0367627129726813,0.0216788630440124,1,0,0,0,0,0,0,0,10.7011,13.351,12.6556,36.3631,986.24926624,1.9544999999999995,-0.6954000000000011,2.6499000000000006,1.1826436696753888,35.71823065144525,-0.8707306514452569,0.8707306514452569
TRN-0629,14.2988,42.785,24.3751,19.3489,9.2957,9.3953,11.7582,36.5274,14.9091,Valid,-0.1669176664357241,0.1669176664357241,-0.1000210124726063,0,0,0,0,0,0,0,0,9.2957,9.3953,11.7582,36.5274,611.7741579999999,2.4625000000000004,2.3629,0.09960000000000058,1.2649060695740293,15.570265562893562,-0.6611655628935615,0.6611655628935615
TRN-0858,12.0426,90.9269,41.1424,58.8622,11.5075,13.5628,13.7263,25.9471,35.2273,Valid,0.1653095854009691,0.1653095854009691,0.0984861550277179,1,0,0,0,0,0,0,0,11.5075,13.5628,13.7263,25.9471,1094.99628594,2.2188,0.16350000000000087,2.055299999999999,1.1928123460244657,35.68986392802745,-0.46256392802744983,0.46256392802744983
TRN-0994,31.479,66.1376,36.8939,37.3446,19.2898,18.0916,25.1163,49.7064,29.066,Valid,0.494593927887017,0.494593927887017,0.2952349219267153,0,0,0,0,0,0,0,0,19.2898,18.0916,25.1163,49.7064,2081.9455104000003,5.826499999999999,7.024699999999999,-1.1982,1.3020501497941142,29.53196013625164,-0.4659601362516419,0.4659601362516419
TRN-0306,12.0896,66.764,43.546,58.8661,10.5087,11.768,12.7788,48.0543,25.4666,Valid,0.3421710814163159,0.3421710814163159,0.2041616359516425,2,0,0,0,0,0,0,0,10.5087,11.768,12.7788,48.0543,807.1500544,2.270100000000001,1.0107999999999997,1.2593000000000014,1.2160198540068192,24.68844221709162,0.7781577829083801,0.7781577829083801
TRN-0654,30.356,29.8437,35.6745,25.3967,16.4481,14.2943,21.8471,51.0801,21.3468,Valid,0.1328190960140993,0.1328190960140993,0.0790729522178016,1,0,0,0,0,0,0,0,16.4481,14.2943,21.8471,51.0801,905.9353572,5.399000000000001,7.552800000000001,-2.1538000000000004,1.3282437921438999,21.06789494509056,0.2789050549094405,0.2789050549094405
TRN-0917,20.7858,80.9429,23.3754,28.3602,14.7805,15.0026,17.928,50.4003,26.1378,Valid,-0.2422941053752438,0.2422941053752438,-0.1450587488636601,0,0,0,0,0,0,0,0,14.7805,15.0026,17.928,50.4003,1682.4629308199997,3.147500000000001,2.9254000000000016,0.2220999999999993,1.212948673624929,27.060624359339787,-0.9228243593397885,0.9228243593397885
TRN-0231,8.9741,73.6868,34.6765,46.3911,9.1534,10.9602,11.1196,54.2336,23.0156,Valid,0.6941038140484679,0.6941038140484679,0.4144429103481143,1,0,0,0,0,0,0,0,9.1534,10.9602,11.1196,54.2336,661.2727118800001,1.9662000000000006,0.15939999999999976,1.8068000000000008,1.2148041003298227,23.108326704274074,-0.09272670427407448,0.09272670427407448
TRN-0460,13.0325,36.4353,31.118,31.2438,8.8575,9.0498,11.462,46.7658,15.5132,Valid,0.4447761368809821,0.4447761368809821,0.2654685841893398,0,0,0,0,0,0,0,0,8.8575,9.0498,11.462,46.7658,474.84304725,2.6045,2.4122000000000003,0.19229999999999947,1.294043134018477,15.467701885192971,0.045498114807028145,0.045498114807028145
TRN-0492,26.974,109.1412,35.2551,20.336,19.3928,19.9942,23.712,49.4724,53.2122,Valid,0.1628601258646966,0.1628601258646966,0.0970225927468875,0,0,0,0,0,0,0,0,19.3928,19.9942,23.712,49.4724,2943.9747288,4.319199999999999,3.7178000000000004,0.6013999999999982,1.2227212044051377,53.661188859805364,-0.4489888598053611,0.4489888598053611
TRN-0825,14.2264,65.2297,43.697,14.8851,10.7876,12.0693,13.4388,52.6319,24.4596,Valid,0.3363567672118357,0.3363567672118357,0.2006875589838217,2,0,0,0,0,0,0,0,10.7876,12.0693,13.4388,52.6319,927.9838040799999,2.651200000000001,1.3695000000000004,1.2817000000000007,1.2457624997566654,24.60195373266008,-0.1423537326600801,0.1423537326600801
TRN-0279,28.1433,53.0824,26.9006,24.9433,16.5775,15.0595,21.2309,39.2582,20.5945,Valid,-0.2263298668698041,0.2263298668698041,-0.1355200498270976,0,0,0,0,0,0,0,0,16.5775,15.0595,21.2309,39.2582,1493.91390792,4.653399999999998,6.171399999999998,-1.5180000000000007,1.280705003344893,21.38438597133938,-0.7898859713393804,0.7898859713393804
TRN-0580,20.7178,87.4295,35.0108,32.2177,15.2348,16.1487,18.891,37.4758,33.0419,Valid,0.2862075736231908,0.2862075736231908,0.1707232068222455,2,0,0,0,0,0,0,0,15.2348,16.1487,18.891,37.4758,1811.3468951000002,3.6561999999999983,2.7422999999999966,0.9139000000000017,1.2399892089235112,33.57697525571111,-0.5350752557111136,0.5350752557111136
TRN-0992,20.0663,24.483,20.4949,24.4851,11.0659,9.547,14.6624,45.0741,15.1198,Valid,-0.1319813937589788,0.1319813937589788,-0.0791464439544023,0,0,0,0,0,0,0,0,11.0659,9.547,14.6624,45.0741,491.28322289999994,3.5965000000000007,5.115399999999999,-1.5188999999999986,1.325006257957999,14.970205287219907,0.14959471278009318,0.14959471278009318
TRN-0934,28.9521,51.5316,32.3843,17.1933,17.032,15.6461,22.026,46.7956,21.7565,Valid,0.0363800328244643,0.0363800328244643,0.0214502100606668,0,0,0,0,0,0,0,0,17.032,15.6461,22.026,46.7956,1491.94803636,4.994,6.379899999999999,-1.3858999999999995,1.2932120166674397,21.99695910569672,-0.24045910569672202,0.24045910569672202
TRN-0639,11.2055,43.5114,28.9708,11.36,7.9908,8.2359,9.713,27.978,14.831,Valid,-0.1407332687440785,0.1407332687440785,-0.0843757257306699,2,0,0,0,0,0,0,0,7.9908,8.2359,9.713,27.978,487.56699270000007,1.722199999999999,1.4770999999999983,0.24510000000000076,1.2155213301279844,15.045133135860352,-0.21413313586035265,0.21413313586035265
TRN-0925,13.0887,88.1928,20.6398,53.3602,11.8486,13.1677,14.1438,,27.0547,Valid,0.3709727395358957,0.3709727395358957,0.2213707467064726,0,0,0,0,1,0,0,0,11.8486,13.1677,14.1438,49.4543,1154.32910136,2.2952000000000012,0.9761000000000006,1.3191000000000006,1.1937096418904836,28.22833085112528,-1.173630851125278,1.173630851125278
TRN-0248,31.1702,18.7008,31.3748,17.3117,16.3683,13.5779,21.9244,29.7631,19.7809,Valid,0.1290347778983935,0.1290347778983935,0.0768118063728539,0,0,0,0,0,0,0,0,16.3683,13.5779,21.9244,29.7631,582.90767616,5.556099999999997,8.346499999999999,-2.7904000000000018,1.3394418849594123,19.956811616834013,-0.17591161683401424,0.17591161683401424
TRN-0603,8.8562,61.272,41.5147,49.39,8.24,10.1728,10.0057,52.6683,17.5078,Valid,0.129226827439556,0.129226827439556,0.0769265567740481,1,0,0,0,0,0,0,0,8.24,10.1728,10.0057,52.6683,542.6370863999999,1.765699999999999,-0.16710000000000136,1.9328000000000003,1.214282506938705,16.72444558579714,0.7833544142028579,0.7833544142028579
TRN-0331,11.7783,61.7532,36.1857,44.4969,9.8411,11.0247,12.0563,42.2089,17.8132,Valid,0.4832255221247852,0.4832255221247852,0.2884422521069489,2,0,0,0,0,0,0,0,9.8411,11.0247,12.0563,42.2089,727.34771556,2.2151999999999994,1.031600000000001,1.1835999999999984,1.2250955430840627,18.604289828747657,-0.7910898287476584,0.7910898287476584
TRN-0880,14.3554,80.7277,36.6894,42.2005,11.6525,12.9311,14.0514,43.5984,27.8627,Valid,-0.2182879598825629,0.2182879598825629,-0.1307149768882798,1,0,0,0,0,0,0,0,11.6525,12.9311,14.0514,43.5984,1158.87842458,2.3988999999999994,1.1202999999999985,1.2786000000000008,1.2058689501231923,26.911855939216224,0.9508440607837763,0.9508440607837763
TRN-0957,13.6601,20.7979,28.9273,8.7786,7.6502,7.3796,9.8889,49.1654,13.8318,Valid,-0.4182306051032327,0.4182306051032327,-0.2501815406510476,1,0,0,0,0,0,0,0,7.6502,7.3796,9.8889,49.1654,284.10139379,2.2386999999999997,2.5092999999999996,-0.27059999999999995,1.292631182673417,13.948614508149294,-0.11681450814929484,0.11681450814929484
TRN-0049,16.6379,22.9675,37.3504,24.5539,9.2704,8.9039,12.3042,61.3833,18.2907,Invalid,-0.2628987404903693,0.2628987404903693,-0.1573701042129551,1,0,0,0,0,0,0,0,9.2704,8.9039,12.3042,61.3833,382.13096824999997,3.0337999999999994,3.4002999999999997,-0.36650000000000027,1.3272552130919775,15.790438736017784,2.5002612639822175,2.5002612639822175
TRN-0672,10.4017,94.176,42.7809,47.8004,10.658,13.2771,12.2693,48.7245,36.7346,Valid,-0.1608332989297558,0.1608332989297558,-0.096385577531723,1,0,0,0,0,0,0,0,10.658,13.2771,12.2693,48.7245,979.5904992000001,1.6113,-1.0078000000000014,2.6191000000000013,1.1511811304361697,37.37334846893558,-0.6387484689355816,0.6387484689355816
TRN-0149,30.0603,30.6259,45.1385,20.2957,16.4249,14.5254,22.0025,63.7675,22.5606,Valid,0.501816911770856,0.501816911770856,0.2995506848984601,0,0,0,0,0,0,0,0,16.4249,14.5254,22.0025,63.7675,920.62374177,5.5776,7.477100000000002,-1.8995000000000015,1.3395811605664811,22.418851755491666,0.14174824450833512,0.14174824450833512
TRN-0043,26.7385,70.3804,36.3881,33.2994,17.2828,16.7397,21.7568,56.2922,28.2093,Invalid,0.1603823391509138,0.1603823391509138,0.0955421048594437,0,0,0,0,0,0,0,0,17.2828,16.7397,21.7568,56.2922,1881.8663253999998,4.473999999999997,5.017099999999999,-0.5431000000000026,1.25886936210026,41.43432586934284,-13.225025869342844,13.225025869342844
TRN-0475,8.4407,29.3713,26.736,15.0339,5.5953,6.0394,7.1674,56.8469,12.4217,Valid,-0.2313910648861181,0.2313910648861181,-0.1385441367339436,0,0,0,0,0,0,0,0,5.5953,6.0394,7.1674,56.8469,247.91433191000002,1.5720999999999998,1.1280000000000001,0.4440999999999997,1.2809656658880384,13.192864878522741,-0.7711648785227414,0.7711648785227414
TRN-0094,20.2004,33.8246,42.3345,56.0389,12.275,11.9758,16.3095,46.8705,19.4108,Valid,0.3221691879031461,0.3221691879031461,0.1922104212213886,1,0,0,0,0,0,0,0,12.275,11.9758,16.3095,46.8705,683.2704498399999,4.0344999999999995,4.3337,-0.2992000000000008,1.3286750886557321,20.073398295547435,-0.6625982955474363,0.6625982955474363
TRN-0699,25.3968,42.5781,45.648,32.0126,14.7369,14.0347,19.4984,26.1358,21.9877,Valid,0.0535545370702443,0.0535545370702443,0.0317120479207588,2,0,0,0,0,0,0,0,14.7369,14.0347,19.4984,26.1358,1081.34749008,4.7615,5.463699999999999,-0.7021999999999995,1.3230996185767574,22.127587154679645,-0.13988715467964496,0.13988715467964496
TRN-0429,18.2082,87.8108,29.2494,47.7102,14.4553,15.2315,17.5997,68.9768,31.3554,Valid,0.4602251084926685,0.4602251084926685,0.274699409109555,1,0,0,0,0,0,0,0,14.4553,15.2315,17.5997,68.9768,1598.8766085600002,3.144399999999999,2.368199999999998,0.7762000000000011,1.2175249095315146,31.3816535368662,-0.026253536866200022,0.026253536866200022
TRN-0222,8.156,109.6769,19.718,56.7778,10.701,13.1576,11.8038,53.4784,43.3669,Valid,0.0973444910860035,0.0973444910860035,0.0578767279359632,0,0,0,0,0,0,0,0,10.701,13.1576,11.8038,53.4784,894.5247964000001,1.1028000000000002,-1.3537999999999997,2.4566,1.10305475838262,43.935286326503956,-0.5683863265039548,0.5683863265039548
TRN-0942,19.2054,107.1021,18.0,5.8085,15.358,16.4014,25.0,52.6974,42.6685,Invalid,6.9292697818716285,6.9292697818716285,4.13998056062913,0,0,0,0,0,0,0,0,15.358,16.4014,25.0,52.6974,2056.93867134,9.642,8.598600000000001,1.0433999999999983,1.6278150619774308,43.08952331586665,-0.4210233158666483,0.4210233158666483
TRN-0606,20.5377,78.2359,45.0899,11.444,14.2227,15.1222,17.7694,61.2312,31.1359,Valid,-0.0013001699342893,0.0013001699342893,-0.0010638681166248,0,0,0,0,0,0,0,0,14.2227,15.1222,17.7694,61.2312,1606.78544343,3.5467000000000013,2.6472000000000016,0.8994999999999997,1.2493680880788542,30.545514559286364,0.5903854407136357,0.5903854407136357
TRN-0657,10.1548,78.9897,19.9993,20.4257,9.6,10.9935,11.063,49.5939,20.3016,Valid,-0.149994217994223,0.149994217994223,-0.0899091815018241,0,0,0,0,0,0,0,0,9.6,10.9935,11.063,49.5939,802.12460556,1.463000000000001,0.06950000000000145,1.3934999999999995,1.1523946329222576,21.074386664377823,-0.7727866643778221,0.7727866643778221
TRN-0465,14.5587,27.9441,37.8851,26.3035,8.8334,8.649,11.501,65.7546,15.6287,Valid,-0.0243030892455262,0.0243030892455262,-0.0148082082677353,1,0,0,0,0,0,0,0,8.8334,8.649,11.501,65.7546,406.82976866999996,2.6676,2.8520000000000003,-0.18440000000000012,1.3019886997207195,15.607044632549403,0.02165536745059704,0.02165536745059704
TRN-0197,14.2408,105.479,30.9985,30.0336,13.0315,14.9384,15.307,57.4108,43.6497,Valid,-0.0438404462951425,0.0438404462951425,-0.026481860525101,2,0,0,0,0,0,0,0,13.0315,14.9384,15.307,57.4108,1502.1053432,2.275500000000001,0.3686000000000007,1.9069000000000003,1.1746144537355994,43.858119074558054,-0.20841907455805142,0.20841907455805142
TRN-0824,8.0753,73.0359,34.8506,57.1359,8.5944,10.5842,9.8138,40.2737,23.1994,Valid,-0.1555231822577241,0.1555231822577241,-0.093212760690739,2,0,0,0,0,0,0,0,8.5944,10.5842,9.8138,40.2737,589.7868032700001,1.2194000000000003,-0.7703999999999986,1.989799999999999,1.1418817580264382,21.758544299951723,1.440855700048278,1.440855700048278
TRN-0564,15.1124,15.9033,29.8045,46.0193,8.8306,7.8828,11.7593,38.4735,15.0896,Valid,0.3466097159182357,0.3466097159182357,0.2068137385641591,2,0,0,0,0,0,0,0,8.8306,7.8828,11.7593,38.4735,240.33703092,2.928699999999999,3.8765,-0.9478000000000009,1.3316520602766966,14.462130480608888,0.6274695193911128,0.6274695193911128
TRN-0359,11.9906,47.9505,29.2309,20.6433,8.6461,9.3415,11.1253,55.158,15.3801,Valid,0.3321297864002055,0.3321297864002055,0.1981619203333012,0,0,0,0,0,0,0,0,8.6461,9.3415,11.1253,55.158,574.9552653,2.4791999999999987,1.7837999999999994,0.6953999999999994,1.2867405110506343,15.473379641254708,-0.093279641254707,0.093279641254707
TRN-0005,31.7051,81.847,21.9615,30.4523,20.2277,25.4034,25.5256,43.5755,29.9111,Invalid,0.1758335363384446,0.1758335363384446,0.1047742595705009,1,0,0,0,0,0,0,0,20.2277,25.4034,25.5256,43.5755,2594.9673196999997,5.297900000000002,0.12219999999999942,5.175700000000003,1.2619124952849334,29.64561523029434,0.2654847697056617,0.2654847697056617
TRN-0682,22.2018,29.935,38.0634,19.593,12.7022,11.7903,0.0,45.4414,18.6498,Invalid,-16.56744086904024,16.56744086904024,-9.899401973769166,0,0,0,0,0,0,0,0,12.7022,11.7903,0.0,45.4414,664.610883,-12.7022,-11.7903,-0.9118999999999993,0.0,17.98159077013081,0.6682092298691877,0.6682092298691877
TRN-0011,10.0962,75.7603,26.4536,6.7376,9.2036,10.7256,10.7899,40.4481,20.9826,Valid,0.0737910532902041,0.0737910532902041,0.0438034506960892,0,0,0,0,0,0,0,0,9.2036,10.7256,10.7899,40.4481,764.89114086,1.5862999999999996,0.06429999999999936,1.5220000000000002,1.1723551954070197,20.717598630556342,0.2650013694436595,0.2650013694436595
TRN-0753,11.4114,83.2642,29.5597,22.0587,10.3796,12.1992,12.4018,45.845,26.0354,Valid,0.2621924576044403,0.2621924576044403,0.1563740749201548,0,0,0,0,0,0,0,0,10.3796,12.1992,12.4018,45.845,950.1610918800001,2.0221999999999998,0.20260000000000034,1.8195999999999994,1.194823312243909,26.471043026160295,-0.43564302616029593,0.43564302616029593
TRN-0610,17.4596,49.3322,31.8449,47.1965,11.9265,11.6705,15.3176,17.9856,18.4186,Valid,0.5360405161743724,0.5360405161743724,0.3199994311534275,1,0,0,0,0,0,0,0,11.9265,11.6705,15.3176,17.9856,861.32047912,3.3911,3.6471,-0.2560000000000002,1.2843321306903697,18.609848162702146,-0.19124816270214495,0.19124816270214495
TRN-0752,27.5321,104.1348,19.8537,20.3276,18.9002,18.7125,22.945,53.9321,43.4268,Valid,-0.7276912818717172,0.7276912818717172,-0.4350855846704145,1,0,0,0,0,0,0,0,18.9002,18.7125,22.945,53.9321,2867.04972708,4.044799999999999,4.232500000000002,-0.1877000000000031,1.2140076750469968,44.53238129798018,-1.10558129798018,1.10558129798018
TRN-0472,30.5658,68.7743,28.8329,18.2417,18.7264,17.2179,23.8314,49.7545,26.4916,Valid,0.1090916127919428,0.1090916127919428,0.0648956821103601,0,0,0,0,0,0,0,0,18.7264,17.2179,23.8314,49.7545,2102.14149894,5.104999999999997,6.613499999999998,-1.5085000000000015,1.2726091119440404,26.893242210761723,-0.40164221076172524,0.40164221076172524
TRN-0625,9.9363,72.7565,28.4236,57.0454,9.2928,10.7725,11.2855,60.3008,21.489,Valid,0.1041716595444377,0.1041716595444377,0.0619559895415027,1,0,0,0,0,0,0,0,9.2928,10.7725,11.2855,60.3008,722.93041095,1.992700000000001,0.5129999999999999,1.4797000000000011,1.2144335244129603,21.344109534224405,0.14489046577559606,0.14489046577559606
TRN-0516,25.6953,78.0962,33.7458,10.1444,16.9421,16.6385,21.2893,40.3443,29.074,Valid,0.26911023918462,0.26911023918462,0.1605074782435595,1,0,0,0,0,0,0,0,16.9421,16.6385,21.2893,40.3443,2006.7052878599998,4.347200000000001,4.6508,-0.3035999999999994,1.2565908260541339,29.572040404365467,-0.49804040436546515,0.49804040436546515
TRN-0192,16.625,65.7594,25.9257,51.4749,12.474,12.7318,15.4054,44.6741,21.2644,Valid,0.2653943500424951,0.2653943500424951,0.1582872189954981,2,0,0,0,0,0,0,0,12.474,12.7318,15.4054,44.6741,1093.250025,2.9314,2.6736000000000004,0.2577999999999996,1.234999811608296,22.055009031634544,-0.7906090316345455,0.7906090316345455
TRN-0593,12.9218,79.841,18.253,11.1248,10.3988,11.397,12.3804,63.657,20.6349,Valid,-0.5420099236996858,0.5420099236996858,-0.3241401993518698,0,0,0,0,0,0,0,0,10.3988,11.397,12.3804,63.657,1031.6894338,1.9816000000000003,0.9833999999999996,0.9982000000000006,1.1905593043819438,21.191559761307982,-0.5566597613079836,0.5566597613079836
TRN-0989,10.767,88.2289,31.8686,9.0143,10.0355,12.2805,11.6549,35.0607,28.7248,Valid,-0.1861468484131947,0.1861468484131947,-0.1115105288400725,0,0,0,0,0,0,0,0,10.0355,12.2805,11.6549,35.0607,949.9605662999999,1.6193999999999988,-0.6256000000000004,2.244999999999999,1.161365989371741,30.042889180644362,-1.318089180644364,1.318089180644364
TRN-0345,13.1113,42.1604,32.3812,21.9573,9.0446,9.4425,11.199,45.4795,15.9588,Valid,-0.0615525851198857,0.0615525851198857,-0.0370649372866683,1,0,0,0,0,0,0,0,9.0446,9.4425,11.199,45.4795,552.7776525200001,2.154399999999999,1.756499999999999,0.3978999999999999,1.2381960084514423,15.363779792867719,0.595020207132281,0.595020207132281
TRN-0972,9.2753,83.9534,36.9842,8.8285,8.9458,11.4295,10.3373,47.968,27.14,Valid,-0.4514565314662579,0.4514565314662579,-0.2700341701190857,0,0,0,0,0,0,0,0,8.9458,11.4295,10.3373,47.968,778.69297102,1.3915000000000006,-1.0922,2.4837000000000007,1.1555465631396151,28.91751889738067,-1.77751889738067,1.77751889738067
TRN-0611,24.2081,49.7246,37.6504,49.9756,15.0106,13.9152,19.7526,44.456,21.0417,Valid,0.6950599232225407,0.6950599232225407,0.4150141895641239,1,0,0,0,0,0,0,0,15.0106,13.9152,19.7526,44.456,1203.7380892600002,4.742000000000001,5.837400000000001,-1.0953999999999997,1.315909213549616,21.09413091202863,-0.052430912028629706,0.052430912028629706
TRN-0387,22.1857,108.7758,46.1122,9.3895,16.6736,18.3914,20.4109,42.2442,54.9288,Valid,0.0190392001919335,0.0190392001919335,0.0110889902963323,0,0,0,0,0,0,0,0,16.6736,18.3914,20.4109,42.2442,2413.26726606,3.737300000000001,2.0195000000000007,1.7178000000000004,1.2241440216006012,54.397156788037265,0.5316432119627379,0.5316432119627379
TRN-0739,25.8255,92.7611,21.4121,43.8191,18.0762,17.7884,22.3099,,34.6014,Valid,0.0540511021227345,0.0540511021227345,0.0320087476090129,2,0,0,0,1,0,0,0,18.0762,17.7884,22.3099,49.4543,2395.6017880500003,4.233699999999999,4.5215,-0.2878000000000007,1.2342133666293984,34.11108333834411,0.49031666165588916,0.49031666165588916
TRN-0385,21.4684,24.2074,51.1547,9.6704,4.2763,11.1726,15.5607,34.8294,24.3642,Invalid,0.0022263760089913,0.0022263760089913,0.0010432577810559,0,0,0,0,0,0,0,0,4.2763,11.1726,15.5607,34.8294,519.69414616,11.284400000000002,4.388100000000001,6.896299999999999,3.638814772549231,22.508245193468507,1.8559548065314928,1.8559548065314928
TRN-0750,29.7969,106.9523,26.6934,41.0805,24.0889,26.7829,26.1942,58.5502,49.6786,Invalid,0.6326563412867614,0.6326563412867614,0.3777277892960475,0,0,0,0,0,0,0,0,24.0889,26.7829,26.1942,58.5502,3186.84698787,2.1052999999999997,-0.5887000000000029,2.6940000000000026,1.0873966484992472,49.83612898930475,-0.15752898930474402,0.15752898930474402
TRN-0903,13.3298,38.8389,36.8858,41.6901,8.9888,9.1864,11.3527,45.5143,16.0267,Valid,-0.0213216676022405,0.0213216676022405,-0.0130267964110591,2,0,0,0,0,0,0,0,8.9888,9.1864,11.3527,45.5143,517.7147692200001,2.363900000000001,2.1662999999999997,0.19760000000000133,1.2629814180075005,16.44634819337647,-0.4196481933764673,0.4196481933764673
TRN-0738,29.8147,87.4272,30.4699,31.5319,19.7454,18.994,24.7047,50.4352,34.8402,Valid,0.2523094952056439,0.2523094952056439,0.1504689637004959,2,0,0,0,0,0,0,0,19.7454,18.994,24.7047,50.4352,2606.61573984,4.959299999999999,5.710699999999999,-0.7514000000000003,1.2511616623812825,33.49446614318699,1.3457338568130126,1.3457338568130126
TRN-0282,19.8436,19.3347,26.5655,38.0176,11.1156,9.505,14.7531,76.5468,16.3934,Valid,0.0910620120082619,0.0910620120082619,0.0541229205053327,1,0,0,0,0,0,0,0,11.1156,9.505,14.7531,76.5468,383.67005292,3.6374999999999993,5.248099999999999,-1.6105999999999998,1.3272415998762102,15.780299595071154,0.6131004049288453,0.6131004049288453
TRN-0291,30.2047,71.6651,36.8927,13.263,16.0347,24.0258,23.2583,42.36,28.7441,Invalid,-0.294743247688654,0.294743247688654,-0.1763973299731178,0,0,0,0,0,0,0,0,16.0347,24.0258,23.2583,42.36,2164.6228459699996,7.223599999999998,-0.7675000000000018,7.991099999999999,1.450497077901627,30.6290010084137,-1.8849010084136992,1.8849010084136992
TRN-0778,16.604,61.3112,28.0844,31.8997,11.5426,11.8832,14.3926,45.6454,17.9512,Valid,-0.1712706015489935,0.1712706015489935,-0.1026219093432597,2,0,0,0,0,0,0,0,11.5426,11.8832,14.3926,45.6454,1018.0111648,2.8499999999999996,2.5093999999999994,0.34060000000000024,1.2469103608282701,18.410517574723215,-0.4593175747232152,0.4593175747232152
TRN-0484,28.1256,35.4388,27.763,31.9165,15.7323,13.6462,20.7239,46.9256,20.0187,Valid,-0.0289003025206646,0.0289003025206646,-0.0175550623581131,2,0,0,0,0,0,0,0,15.7323,13.6462,20.7239,46.9256,996.7375132799999,4.9916,7.0777,-2.0861,1.3172827130917202,19.880736327458532,0.13796367254146702,0.13796367254146702
TRN-0466,17.4179,59.3084,41.5584,39.7374,12.1441,12.6869,15.4975,69.6562,19.8007,Valid,0.3317177762305974,0.3317177762305974,0.1979157425399442,1,0,0,0,0,0,0,0,12.1441,12.6869,15.4975,69.6562,1033.02778036,3.3534000000000006,2.810600000000001,0.5427999999999997,1.2761330389793901,20.55587754706786,-0.7551775470678592,0.7551775470678592
TRN-0164,8.6726,39.93,24.607,16.2767,6.5397,7.3449,8.0776,48.1796,13.716,Valid,-0.1289560148151345,0.1289560148151345,-0.0773387674274542,1,0,0,0,0,0,0,0,6.5397,7.3449,8.0776,48.1796,346.29691799999995,1.5379000000000005,0.7327000000000004,0.8052000000000001,1.2351618038108725,13.544298620128266,0.17170137987173284,0.17170137987173284
TRN-0643,19.421,64.6782,36.3881,37.1871,13.2121,13.4758,16.7204,51.2379,24.5014,Valid,0.1374882649880575,0.1374882649880575,0.0818628001380933,0,0,0,0,0,0,0,0,13.2121,13.4758,16.7204,51.2379,1256.1153222,3.508300000000002,3.244600000000002,0.26370000000000005,1.265535936349304,24.207142903013487,0.29425709698651303,0.29425709698651303
TRN-0822,18.6213,87.9184,42.9191,47.5586,14.297,15.3358,17.123,42.1204,35.5169,Valid,-0.2990303744164073,0.2990303744164073,-0.1789589060591746,2,0,0,0,0,0,0,0,14.297,15.3358,17.123,42.1204,1637.1549019200002,2.8260000000000005,1.7872000000000003,1.0388000000000002,1.1976630078596855,34.25290195309059,1.263998046909407,1.263998046909407
TRN-0981,10.7595,105.278,24.2426,52.1488,11.62,13.9275,13.3055,59.7584,41.5242,Valid,0.0676629972755549,0.0676629972755549,0.0401419116892009,1,0,0,0,0,0,0,0,11.62,13.9275,13.3055,59.7584,1132.738641,1.685500000000001,-0.6219999999999999,2.307500000000001,1.1450506496982362,41.91138759970649,-0.3871875997064862,0.3871875997064862
TRN-0908,27.8591,102.5299,53.6441,24.494,19.5418,20.3744,24.2225,67.1528,61.5848,Valid,0.3320901272968868,0.3320901272968868,0.1981382238537925,1,0,0,0,0,0,0,0,19.5418,20.3744,24.2225,67.1528,2856.39073709,4.680700000000002,3.8480999999999987,0.8326000000000029,1.2395218252556954,54.59904341850298,6.9857565814970215,6.9857565814970215
TRN-0619,26.3233,46.2621,33.3481,11.6472,15.1545,14.1351,19.8306,55.0993,20.4688,Valid,0.00815490766022,0.00815490766022,0.0045855801493001,1,0,0,0,0,0,0,0,15.1545,14.1351,19.8306,55.0993,1217.77113693,4.6761,5.695500000000001,-1.019400000000001,1.308560949842654,20.249864617378737,0.21893538262126455,0.21893538262126455
TRN-0725,8.1896,17.9727,30.2487,21.0372,5.1127,5.1157,6.9266,53.0493,12.1006,Valid,0.1093269374710601,0.1093269374710601,0.0650362895868277,2,0,0,0,0,0,0,0,5.1127,5.1157,6.9266,53.0493,147.18922392000002,1.8138999999999994,1.8108999999999993,0.0030000000000001137,1.354780537131971,12.708907667287152,-0.6083076672871517,0.6083076672871517
TRN-0027,13.0095,81.6662,36.1891,30.9851,10.9107,12.4719,13.212,41.6236,27.5462,Valid,-0.0668656430410248,0.0668656430410248,-0.0402395115362513,2,0,0,0,0,0,0,0,10.9107,12.4719,13.212,41.6236,1062.4364289,2.3012999999999995,0.7401,1.5611999999999995,1.210920279248555,27.720498274027147,-0.17429827402714793,0.17429827402714793
TRN-0977,30.4893,66.2271,30.3915,20.2387,18.5269,17.2667,23.8067,28.6405,26.2595,Valid,0.1473580141755945,0.1473580141755945,0.0877600164089598,2,0,0,0,0,0,0,0,18.5269,17.2667,23.8067,28.6405,2019.2179200299997,5.279799999999998,6.539999999999999,-1.260200000000001,1.284979524378323,25.957391475062664,0.302108524937335,0.302108524937335
TRN-0846,21.304,76.9652,36.8208,32.1562,14.8184,15.2216,18.4954,46.6681,28.84,Valid,0.117644839751243,0.117644839751243,0.0700062708633643,0,0,0,0,0,0,0,0,14.8184,15.2216,18.4954,46.6681,1639.6666207999997,3.6769999999999996,3.2737999999999996,0.4032,1.2481366084485448,30.233366949604818,-1.3933669496048182,1.3933669496048182
TRN-0802,27.5341,71.2459,40.3411,26.0415,,16.6662,21.4988,30.8119,29.7294,Invalid,-0.4795802088504324,0.4795802088504324,-0.286838184559086,0,1,0,0,0,1,0,0,13.627749999999999,16.6662,21.4988,30.8119,1961.6917351900001,7.87105,4.832599999999999,3.038450000000001,1.5775740106958152,29.99719338038488,-0.2677933803848802,0.2677933803848802
TRN-0613,28.6824,17.4567,31.8156,44.5882,15.2978,12.6121,20.6883,30.8928,19.9859,Valid,0.4892754911479819,0.4892754911479819,0.2920571338110237,1,0,0,0,0,0,0,0,15.2978,12.6121,20.6883,30.8928,500.70005208000003,5.390500000000001,8.076200000000002,-2.6857000000000006,1.352370045124106,19.443023910527458,0.5428760894725428,0.5428760894725428
TRN-0375,24.5231,33.6836,33.5914,39.5702,14.0647,12.4138,18.4652,43.0798,19.3717,Valid,-0.014633667560016,0.014633667560016,-0.0090306885141771,0,0,0,0,0,0,0,0,14.0647,12.4138,18.4652,43.0798,826.0262911599999,4.400499999999999,6.051399999999999,-1.6509,1.3128745633575096,19.24832520554912,0.12337479445088206,0.12337479445088206
TRN-0567,30.1268,104.773,33.1834,28.274,20.8195,20.8039,25.8688,33.5798,49.668,Valid,0.3833815007628907,0.3833815007628907,0.2287850332520249,2,0,0,0,0,0,0,0,20.8195,20.8039,25.8688,33.5798,3156.4752163999997,5.049299999999999,5.0649000000000015,-0.015600000000002723,1.2425268414098123,48.33260218569072,1.3353978143092817,1.3353978143092817
TRN-0661,12.8536,40.5512,40.5286,13.2647,8.3338,9.0615,10.5083,45.9673,16.2105,Valid,-0.370140015315437,0.370140015315437,-0.2214472128395294,0,0,0,0,0,0,0,0,8.3338,9.0615,10.5083,45.9673,521.22890432,2.1745,1.4467999999999996,0.7277000000000005,1.2609238751543412,15.896903707434383,0.3135962925656166,0.3135962925656166
TRN-0861,17.8071,15.9379,32.8941,21.6395,9.3956,8.4354,12.5726,70.5344,15.1523,Valid,-0.3066399559646893,0.3066399559646893,-0.183505662746536,0,0,0,0,0,0,0,0,9.3956,8.4354,12.5726,70.5344,283.80777909,3.1769999999999996,4.1372,-0.9602000000000004,1.3381355760828728,14.954227984151537,0.19807201584846368,0.19807201584846368
TRN-0638,9.6614,48.9719,44.3368,45.4107,7.8401,9.2749,9.8958,69.2487,16.9161,Valid,0.2932422382803779,0.2932422382803779,0.174926448271262,2,0,0,0,0,0,0,0,7.8401,9.2749,9.8958,69.2487,473.13711466,2.0557,0.6208999999999989,1.434800000000001,1.2622016782927792,17.062461524345288,-0.14636152434528782,0.14636152434528782
TRN-0514,26.955,45.9404,34.6901,13.1187,15.7412,14.3547,20.4262,54.4091,20.7535,Valid,0.1910904231684043,0.1910904231684043,0.113890313033138,1,0,0,0,0,0,0,0,15.7412,14.3547,20.4262,54.4091,1238.3234819999998,4.685000000000002,6.071500000000002,-1.3864999999999998,1.2976257860736247,20.401339998902245,0.35216000109775436,0.35216000109775436
TRN-0259,23.0657,42.911,38.0517,39.6462,13.8359,12.9469,17.9174,63.5056,20.3868,Valid,0.0468684317500702,0.0468684317500702,0.0277170721281979,2,0,0,0,0,0,0,0,13.8359,12.9469,17.9174,63.5056,989.7722527,4.0815,4.970500000000001,-0.8890000000000011,1.2949925230794361,20.203139619369033,0.18366038063096823,0.18366038063096823
TRN-0933,17.3708,23.4709,18.735,59.2931,10.2461,25.0,13.3719,57.3816,14.744,Invalid,-0.2632925523629001,0.2632925523629001,-0.1576054084479687,1,0,0,0,0,0,0,0,10.2461,25.0,13.3719,57.3816,407.70830972,3.1258,-11.6281,14.7539,1.305070900078176,16.718358170907614,-1.974358170907614,1.974358170907614
TRN-0785,29.2826,95.2054,38.905,21.6583,19.4396,19.4103,24.0824,44.8928,41.8587,Valid,-0.2461022342815297,0.2461022342815297,-0.1473341217552087,0,0,0,0,0,0,0,0,19.4396,19.4103,24.0824,44.8928,2787.86164604,4.642800000000001,4.6721,-0.029299999999999216,1.2388314374619656,41.94226407727578,-0.0835640772757813,0.0835640772757813
TRN-0571,13.3798,108.8273,47.6743,39.2389,12.902,15.7407,14.9064,41.0039,54.0826,Valid,-0.1490833328932712,0.1490833328932712,-0.0893649238579717,2,0,0,0,0,0,0,0,12.902,15.7407,14.9064,41.0039,1456.0875085399998,2.0044000000000004,-0.8343000000000007,2.838700000000001,1.1553548633119957,51.170232621479855,2.9123673785201447,2.9123673785201447
TRN-0101,27.1641,67.3367,30.467,27.2513,16.6269,15.7919,20.9665,17.2228,25.5682,Valid,-0.6130807525921362,0.6130807525921362,-0.3666053157965478,1,0,0,0,0,0,0,0,16.6269,15.7919,20.9665,17.2228,1829.1408524699998,4.339600000000001,5.1746,-0.8349999999999991,1.2609979845924468,26.28783535575291,-0.71963535575291,0.71963535575291
TRN-0308,23.1844,42.4018,45.5385,31.0286,13.9486,13.2804,18.2066,50.251,21.1597,Valid,0.3778486281008923,0.3778486281008923,0.22547911877872,1,0,0,0,0,0,0,0,13.9486,13.2804,18.2066,50.251,983.06029192,4.258000000000001,4.9262000000000015,-0.6682000000000006,1.305262674918863,21.714956430002072,-0.5552564300020713,0.5552564300020713
TRN-0447,9.8677,61.8151,26.3059,40.8132,8.7661,9.7498,10.4597,49.9564,16.3916,Valid,0.2240842808746919,0.2240842808746919,0.1336042805116498,0,0,0,0,0,0,0,0,8.7661,9.7498,10.4597,49.9564,609.97286227,1.6936,0.7098999999999993,0.9837000000000007,1.1931974387727282,15.552130414835924,0.8394695851640765,0.8394695851640765
TRN-0354,19.99,35.7008,43.5281,16.9993,12.0356,11.3939,15.8399,48.0139,18.4616,Valid,0.563196659734011,0.563196659734011,0.3362253401011553,1,0,0,0,0,0,0,0,12.0356,11.3939,15.8399,48.0139,713.658992,3.8042999999999996,4.446,-0.6417000000000002,1.3160861809247724,19.922481057108843,-1.4608810571088426,1.4608810571088426
TRN-0719,9.0559,36.9234,28.2051,39.725,6.465,6.9443,7.9157,57.0223,13.4854,Valid,-0.6164763825018449,0.6164763825018449,-0.3686342188185882,1,0,0,0,0,0,0,0,6.465,6.9443,7.9157,57.0223,334.37461806,1.4507000000000003,0.9714,0.4793000000000003,1.2243909908878718,14.383394484674628,-0.8979944846746282,0.8979944846746282
TRN-0517,14.5943,18.3444,38.0527,7.3834,8.2053,8.0438,10.9748,48.0008,14.8727,Valid,0.1672033776546087,0.1672033776546087,0.0996177037914804,0,0,0,0,0,0,0,0,8.2053,8.0438,10.9748,48.0008,267.72367692,2.7695000000000007,2.931000000000001,-0.1615000000000002,1.3375241154813164,15.159632120776434,-0.2869321207764344,0.2869321207764344
TRN-0956,26.9366,106.6938,40.8469,10.7934,19.0883,19.8202,23.5776,47.948,52.2691,Valid,0.245013259436174,0.245013259436174,0.1461094324218158,1,0,0,0,0,0,0,0,19.0883,19.8202,23.5776,47.948,2873.9682130799997,4.4893,3.7574000000000005,0.7318999999999996,1.2351853045136003,53.87941573702557,-1.6103157370255659,1.6103157370255659
TRN-0200,21.7524,47.4856,43.3585,56.2893,13.7971,13.4394,17.6142,20.2815,20.8623,Valid,0.0348330516464514,0.0348330516464514,0.0205258823598959,2,0,0,0,0,0,0,0,13.7971,13.4394,17.6142,20.2815,1032.92576544,3.8171,4.174800000000001,-0.35770000000000124,1.2766586625749885,21.229723912982386,-0.3674239129823853,0.3674239129823853
TRN-0463,11.7153,40.6516,40.7035,20.2729,8.0814,25.0,10.1953,47.6679,15.7596,Invalid,-0.0953134147555552,0.0953134147555552,-0.0572371736892739,2,0,0,0,0,0,0,0,8.0814,25.0,10.1953,47.6679,476.24568948,2.1138999999999992,-14.8047,16.918599999999998,1.261574403476621,18.53997608696844,-2.78037608696844,2.78037608696844
TRN-0356,29.124,78.6573,36.577,47.4556,19.0017,18.243,23.8741,45.6223,32.4715,Valid,0.121335509078122,0.121335509078122,0.0722114611667149,2,0,0,0,0,0,0,0,19.0017,18.243,23.8741,45.6223,2290.8152052,4.872399999999999,5.6311,-0.758700000000001,1.256418501282253,32.52377294353905,-0.05227294353905165,0.05227294353905165
TRN-0464,26.9782,71.2716,36.2753,47.2463,17.4268,16.95,22.1196,59.2423,28.6182,Valid,0.0417389473912557,0.0417389473912557,0.0246521838471306,2,0,0,0,0,0,0,0,17.4268,16.95,22.1196,59.2423,1922.7794791200004,4.692799999999998,5.169599999999999,-0.4768000000000008,1.269285658132498,28.589379785487004,0.02882021451299721,0.02882021451299721
TRN-0052,23.8697,58.5274,22.4135,38.1949,15.3019,14.3016,19.6015,73.5974,19.7674,Valid,0.4409670049086251,0.4409670049086251,0.2631926119616334,1,0,0,0,0,0,0,0,15.3019,14.3016,19.6015,73.5974,1397.0314797800002,4.299600000000002,5.299900000000001,-1.0002999999999993,1.2809838771761173,19.266672066209132,0.5007279337908663,0.5007279337908663
TRN-0737,25.7107,30.5152,20.798,16.0054,17.9853,20.3833,18.9732,50.4902,17.8267,Invalid,0.215975862065946,0.215975862065946,0.1287594664823007,0,0,0,0,0,0,0,0,17.9853,20.3833,18.9732,50.4902,784.56715264,0.9878999999999998,-1.4101,2.3979999999999997,1.054927604806367,18.257545099500188,-0.4308450995001891,0.4308450995001891
TRN-0549,19.3856,40.9572,26.762,34.7739,11.8918,11.2905,15.3304,44.0042,17.3213,Valid,-0.0724597784882945,0.0724597784882945,-0.0435820307790632,2,0,0,0,0,0,0,0,11.8918,11.2905,15.3304,44.0042,793.97989632,3.438599999999999,4.039899999999999,-0.6013000000000002,1.289156150325308,17.97006596111321,-0.6487659611132095,0.6487659611132095
TRN-0431,8.7941,46.5597,28.1436,40.9888,7.2282,8.1459,8.883,59.0783,14.773,Valid,-0.0096868599203698,0.0096868599203698,-0.006074950334102,1,0,0,0,0,0,0,0,7.2282,8.1459,8.883,59.0783,409.45065777,1.654799999999999,0.7370999999999999,0.9176999999999991,1.228934964534788,14.725713582100202,0.04728641789979804,0.04728641789979804
TRN-0565,28.6246,31.4712,26.8085,33.8995,16.1176,13.8494,21.1833,47.6235,20.1548,Valid,0.4075799851519264,0.4075799851519264,0.2432437285195327,1,0,0,0,0,0,0,0,16.1176,13.8494,21.1833,47.6235,900.85051152,5.0657,7.3339,-2.2682,1.3142953576864065,19.864352008332418,0.29044799166758395,0.29044799166758395
TRN-0660,30.2971,62.8955,39.7843,12.227,18.4755,17.1061,23.7531,51.6632,28.9021,Valid,0.5654988212885499,0.5654988212885499,0.3376008912240484,0,0,0,0,0,0,0,0,18.4755,17.1061,23.7531,51.6632,1905.55125305,5.2776,6.6469999999999985,-1.3693999999999988,1.2856532783127503,28.549311970159305,0.35278802984069557,0.35278802984069557
TRN-0834,29.9178,27.4687,35.7858,58.4409,16.4282,13.9856,21.5831,,21.1305,Valid,-0.3321562481989559,0.3321562481989559,-0.1987517536934177,0,0,0,0,1,0,0,0,16.4282,13.9856,21.5831,49.4543,821.8030728599999,5.154900000000001,7.597500000000002,-2.4426000000000005,1.3137828162654361,20.816058395989547,0.3144416040104545,0.3144416040104545
TRN-0887,30.0954,88.0704,42.4991,11.1092,19.2774,19.2312,24.2806,35.2746,38.4158,Valid,-0.2522995767435461,0.2522995767435461,-0.151037059703144,0,0,0,0,0,0,0,0,19.2774,19.2312,24.2806,35.2746,2650.5139161600005,5.0032,5.049399999999999,-0.04619999999999891,1.259536421127112,37.24745730120784,1.1683426987921592,1.1683426987921592
TRN-0336,27.8382,99.9421,33.3912,50.5934,19.2433,19.334,23.8428,53.5263,44.1841,Valid,-0.2279363403924144,0.2279363403924144,-0.1364799244516946,0,0,0,0,0,0,0,0,19.2433,19.334,23.8428,53.5263,2782.20816822,4.599499999999999,4.508800000000001,0.09069999999999823,1.23901761183497,43.88568928588238,0.29841071411762243,0.29841071411762243
TRN-0023,22.4988,39.379,38.3371,24.9876,13.1943,12.3976,17.2618,37.9205,19.4098,Valid,-0.0336702543084612,0.0336702543084612,-0.0204051284296768,0,0,0,0,0,0,0,0,13.1943,12.3976,17.2618,37.9205,885.9802451999999,4.067500000000001,4.8642,-0.7966999999999995,1.3082760674866667,19.644259431607722,-0.2344594316077213,0.2344594316077213
TRN-0305,18.9752,39.1127,26.3426,46.8886,11.9802,1.0,15.6456,31.5284,17.5207,Invalid,0.4897692784025409,0.4897692784025409,0.2923521737534377,1,0,0,0,0,0,0,0,11.9802,1.0,15.6456,31.5284,742.17130504,3.6654,14.6456,-10.9802,1.3059537353685786,17.2162373318108,0.30446266818920265,0.30446266818920265
TRN-0536,22.9458,45.7975,30.2669,21.8424,13.6546,12.8831,17.8131,49.1447,18.926,Valid,0.0908842653653216,0.0908842653653216,0.0540167161454323,1,0,0,0,0,0,0,0,13.6546,12.8831,17.8131,49.1447,1050.8602755,4.158499999999998,4.929999999999998,-0.7714999999999996,1.304548427234465,19.28452286871924,-0.3585228687192412,0.3585228687192412
TRN-0261,18.2851,75.3805,29.9432,58.338,13.6212,14.0408,16.7649,51.2372,25.316,Valid,-0.0014596955378571,0.0014596955378571,-0.0011591853295655,1,0,0,0,0,0,0,0,13.6212,14.0408,16.7649,51.2372,1378.33998055,3.143700000000001,2.7241,0.41960000000000086,1.2307937400568674,23.59120503675127,1.7247949632487298,1.7247949632487298
TRN-0271,23.8412,94.0763,38.9754,13.1617,16.5737,17.2782,20.4146,30.579,39.3592,Valid,-0.2517979102925736,0.2517979102925736,-0.1507373119080371,0,0,0,0,0,0,0,0,16.5737,17.2782,20.4146,30.579,2242.89188356,3.8409000000000013,3.136400000000002,0.7044999999999995,1.2317459398046666,39.71107880022735,-0.35187880022734674,0.35187880022734674
TRN-0827,12.4842,86.4182,28.5048,20.0729,11.1338,12.8196,13.3905,38.961,27.8574,Valid,0.3792213573482197,0.3792213573482197,0.2262993302247267,2,0,0,0,0,0,0,0,11.1338,12.8196,13.3905,38.961,1078.86209244,2.2566999999999986,0.5709,1.6857999999999986,1.2026880286263193,27.318385946886103,0.5390140531138954,0.5390140531138954
TRN-0148,11.8673,90.6809,39.2761,29.6365,7.3021,8.4665,12.8879,42.136,33.6087,Invalid,-0.0017724723501277,0.0017724723501277,-0.0013460707783671,0,0,0,0,0,0,0,0,7.3021,8.4665,12.8879,42.136,1076.1374445699998,5.5858,4.4214,1.1643999999999997,1.7649556087213147,35.001078371734266,-1.3923783717342673,1.3923783717342673
TRN-0916,15.83,22.3854,29.3857,34.8222,9.3427,8.7621,12.3496,43.3537,15.4539,Valid,0.1720599659877315,0.1720599659877315,0.1025195355599268,1,0,0,0,0,0,0,0,9.3427,8.7621,12.3496,43.3537,354.360882,3.0069,3.5875000000000004,-0.5806000000000004,1.3218434479931411,15.261602234786652,0.19229776521334863,0.19229776521334863
TRN-0691,16.0726,89.5872,44.0183,27.2199,13.0883,14.6408,15.8388,43.9082,35.129,Valid,0.1477312314366905,0.1477312314366905,0.0879830152778148,0,0,0,0,0,0,0,0,13.0883,14.6408,15.8388,43.9082,1439.89923072,2.7505000000000006,1.1980000000000004,1.5525000000000002,1.210148598252945,35.88658622309638,-0.7575862230963821,0.7575862230963821
TRN-0915,15.1802,54.6068,48.181,36.2376,10.7723,11.6684,13.9383,46.0319,21.2765,Valid,0.4776105174604321,0.4776105174604321,0.2850872634199591,2,0,0,0,0,0,0,0,10.7723,11.6684,13.9383,46.0319,828.9421453599999,3.1660000000000004,2.2699,0.8961000000000006,1.2939007510923841,21.625985901482764,-0.34948590148276537,0.34948590148276537
TRN-0497,22.7015,51.4484,30.3053,42.1301,14.3641,13.524,18.3201,67.2977,19.733,Valid,0.1621063894059453,0.1621063894059453,0.0965722320716531,1,0,0,0,0,0,0,0,14.3641,13.524,18.3201,67.2977,1167.9558525999998,3.9559999999999995,4.796100000000001,-0.8401000000000014,1.2754079438266623,20.35068689310548,-0.6176868931054784,0.6176868931054784
TRN-0178,19.3405,100.3808,33.8958,5.6278,14.7691,16.3752,17.6476,40.5108,41.2567,Valid,-0.4286996903647981,0.4286996903647981,-0.2564368627238265,0,0,0,0,0,0,0,0,14.7691,16.3752,17.6476,40.5108,1941.4148623999997,2.8785000000000007,1.272400000000001,1.6060999999999996,1.194899354124927,41.196120855390525,0.060579144609477,0.060579144609477
TRN-0327,28.9693,67.2789,26.4722,52.5104,18.1773,16.9927,23.2303,39.4128,25.7542,Valid,0.0376841323237684,0.0376841323237684,0.0222294149462212,2,0,0,0,0,0,0,0,18.1773,16.9927,23.2303,39.4128,1949.0226377699998,5.053000000000001,6.2376000000000005,-1.1845999999999997,1.2779833759780739,26.220496696704203,-0.4662966967042017,0.4662966967042017
TRN-0856,26.9065,91.7012,35.2636,56.763,15.1083,23.7716,23.0638,67.0168,38.1997,Invalid,0.0082404287200219,0.0082404287200219,0.0046366793389333,0,0,0,0,0,0,0,0,15.1083,23.7716,23.0638,67.0168,2467.3583378000003,7.955500000000001,-0.7077999999999989,8.6633,1.5265638579033658,37.67224864061309,0.5274513593869088,0.5274513593869088
TRN-0343,26.2971,15.0966,35.2021,44.2695,13.6448,11.4401,18.4805,59.6871,18.4245,Valid,-0.2875349696616851,0.2875349696616851,-0.1720903538121382,0,0,0,0,0,0,0,0,13.6448,11.4401,18.4805,59.6871,396.99679986,4.835699999999999,7.0404,-2.2047000000000008,1.354397752698645,18.835250849704796,-0.41075084970479736,0.41075084970479736
TRN-0198,28.1497,26.9731,19.1549,29.9116,15.5631,13.0973,20.497,43.7674,18.5978,Valid,0.2245795978331877,0.2245795978331877,0.1339002344585409,2,0,0,0,0,0,0,0,15.5631,13.0973,20.497,43.7674,759.2846730699999,4.9338999999999995,7.399699999999999,-2.4657999999999998,1.3170246820847504,18.51112469934517,0.08667530065482865,0.08667530065482865
TRN-0290,12.3628,100.7801,22.3968,23.5885,11.9041,13.7706,13.9312,40.4923,23.8671,Invalid,0.1313398391270652,0.1313398391270652,0.0781890900631255,0,0,0,0,0,0,0,0,11.9041,13.7706,13.9312,40.4923,1245.92422028,2.027100000000001,0.16060000000000052,1.8665000000000003,1.1702848848002918,37.11276896152179,-13.245668961521787,13.245668961521787
TRN-0711,27.3457,27.5273,34.5953,58.9132,15.4514,13.3857,20.4983,58.755,20.0657,Valid,0.4795753603693171,0.4795753603693171,0.2862612652463281,1,0,0,0,0,0,0,0,15.4514,13.3857,20.4983,58.755,752.75328761,5.046900000000001,7.1126000000000005,-2.0656999999999996,1.326629737998021,20.23387640343423,-0.1681764034342308,0.1681764034342308
TRN-0284,17.8121,90.2115,37.616,39.5063,13.504,15.1535,16.1926,46.9822,34.353,Valid,-0.7548870897171192,0.7548870897171192,-0.4513351931941834,1,0,0,0,0,0,0,0,13.504,15.1535,16.1926,46.9822,1606.8562591500001,2.688599999999999,1.0390999999999995,1.6494999999999997,1.1990956760251215,36.9747442040133,-2.6217442040132966,2.6217442040132966
TRN-0105,14.8368,102.3667,39.5969,23.2679,13.1569,15.4076,15.6953,41.709,43.6185,Valid,0.2653038780491279,0.2653038780491279,0.1582331616024271,2,0,0,0,0,0,0,0,13.1569,15.4076,15.6953,41.709,1518.79425456,2.5383999999999993,0.2876999999999992,2.2507,1.192932079036795,42.38116291795064,1.2373370820493577,1.2373370820493577
TRN-0439,11.5518,50.4478,26.6414,37.17,8.8784,9.5543,11.0339,50.6061,15.9175,Valid,0.2349659642667383,0.2349659642667383,0.1401061316868576,1,0,0,0,0,0,0,0,8.8784,9.5543,11.0339,50.6061,582.76289604,2.1555,1.4795999999999996,0.6759000000000004,1.2427788308942707,15.875618307521817,0.0418816924781833,0.0418816924781833
TRN-0602,21.0839,80.5436,36.3989,38.7211,7.1164,15.438,18.6809,61.7175,30.5097,Invalid,0.3321078410696536,0.3321078410696536,0.1981488079068412,0,0,0,0,0,0,0,0,7.1164,15.438,18.6809,61.7175,1698.17320804,11.564500000000002,3.2429000000000006,8.3216,2.625045493444026,30.442967658352003,0.06673234164799524,0.06673234164799524
TRN-0269,15.8232,102.5936,42.3858,16.5509,13.2755,15.4911,15.8473,56.8715,45.2513,Valid,-0.1891174936585962,0.1891174936585962,-0.113285501754103,0,0,0,0,0,0,0,0,13.2755,15.4911,15.8473,56.8715,1623.3590515199999,2.5718000000000014,0.3562000000000012,2.2156000000000002,1.1937243842232805,42.5621818261883,2.6891181738117,2.6891181738117
TRN-0184,29.5853,85.7903,34.6521,19.6015,19.3913,18.8309,24.4083,51.7121,34.5505,Valid,0.3432154156238276,0.3432154156238276,0.2047856299928018,2,0,0,0,0,0,0,0,19.3913,18.8309,24.4083,51.7121,2538.13176259,5.0169999999999995,5.577400000000001,-0.5604000000000013,1.258723624138854,34.8012034644943,-0.2507034644943005,0.2507034644943005
TRN-0288,15.735,21.5399,39.4762,5.9551,8.9844,8.6774,11.8477,,15.9873,Valid,0.1581469018897969,0.1581469018897969,0.0942064217799379,0,0,0,0,1,0,0,0,8.9844,8.6774,11.8477,49.4543,338.9303265,2.863299999999999,3.1702999999999992,-0.3070000000000004,1.3186953845605887,15.42235123319465,0.5649487668053492,0.5649487668053492
TRN-0668,30.0372,108.2607,39.2159,13.5037,20.5937,21.0821,25.4809,54.9198,54.4579,Valid,-0.0347104910953177,0.0347104910953177,-0.0210266742449191,0,0,0,0,0,0,0,0,20.5937,21.0821,25.4809,54.9198,3251.84829804,4.8872,4.398799999999998,0.48840000000000217,1.2373146946324873,52.93513045990327,1.522769540096732,1.522769540096732
TRN-0014,11.1932,77.4751,43.4873,15.9647,9.6759,11.9007,11.5401,72.2076,27.0328,Valid,-0.2299927633533833,0.2299927633533833,-0.1377086457408357,0,0,0,0,0,0,0,0,9.6759,11.9007,11.5401,72.2076,867.1942893199999,1.8642000000000003,-0.3605999999999998,2.2248,1.1926630156750115,26.676924628524368,0.35587537147563353,0.35587537147563353
TRN-0813,30.5251,48.7172,37.482,41.8758,17.608,15.9534,22.6584,26.8364,23.0728,Valid,-0.3147112661805984,0.3147112661805984,-0.1883283042370183,1,0,0,0,0,0,0,0,17.608,15.9534,22.6584,26.8364,1487.0974017199999,5.0504,6.705,-1.6546000000000003,1.2868234400139482,23.44690732755786,-0.3741073275578586,0.3741073275578586
TRN-0636,14.2258,57.1339,34.1337,56.3507,10.6019,11.1591,13.4864,44.2794,18.3368,Valid,0.2697360557128885,0.2697360557128885,0.1608814062272353,1,0,0,0,0,0,0,0,10.6019,11.1591,13.4864,44.2794,812.7754346199999,2.884499999999999,2.3272999999999993,0.5571999999999999,1.2720726736974752,18.57523854907986,-0.23843854907985929,0.23843854907985929
TRN-0028,23.694,44.5709,39.7788,43.8321,14.2709,13.5117,18.3143,52.1311,20.5491,Valid,-0.1642812552962382,0.1642812552962382,-0.0984457458297516,1,0,0,0,0,0,0,0,14.2709,13.5117,18.3143,52.1311,1056.0629046,4.0434,4.8026,-0.7591999999999999,1.2833309158280728,20.92503921483152,-0.37593921483152215,0.37593921483152215
TRN-0123,14.9187,52.9423,41.4921,16.5583,10.2995,11.0211,12.8863,38.7669,18.1844,Valid,-0.0624535690014447,0.0624535690014447,-0.037603278910671,2,0,0,0,0,0,0,0,10.2995,11.0211,12.8863,38.7669,789.83029101,2.5868,1.8651999999999997,0.7216000000000005,1.2511566084211774,18.96512261421931,-0.7807226142193109,0.7807226142193109
TRN-0088,21.3183,62.0168,39.4007,45.0831,14.2689,14.0302,18.1343,40.939,26.3719,Valid,0.346840565195059,0.346840565195059,0.2069516719691051,2,0,0,0,0,0,0,0,14.2689,14.0302,18.1343,40.939,1322.09274744,3.8653999999999993,4.104099999999999,-0.2386999999999997,1.2708959549117627,21.792844582055185,4.579055417944815,4.579055417944815
TRN-0714,12.6513,81.3865,47.8621,12.0248,10.6411,12.7964,12.6118,35.1179,32.4503,Valid,-0.2624764284709169,0.2624764284709169,-0.157117771021384,0,0,0,0,0,0,0,0,10.6411,12.7964,12.6118,35.1179,1029.64502745,1.9707000000000008,-0.18459999999999965,2.1553000000000004,1.1851959053143892,30.984729604561828,1.4655703954381707,1.4655703954381707
TRN-0583,19.3493,72.3037,40.4559,57.2611,13.905,14.4979,17.3418,64.2767,27.6727,Valid,0.159031467984132,0.159031467984132,0.0947349537076546,2,0,0,0,0,0,0,0,13.905,14.4979,17.3418,64.2767,1399.02598241,3.4368,2.8438999999999997,0.5929000000000002,1.2471619941301733,28.108863224167777,-0.4361632241677782,0.4361632241677782
TRN-0421,30.2288,73.786,34.6741,38.9915,19.161,18.1341,24.232,66.364,30.0385,Valid,0.1746507423561532,0.1746507423561532,0.1040675352368917,1,0,0,0,0,0,0,0,19.161,18.1341,24.232,66.364,2230.4622368,5.070999999999998,6.097899999999999,-1.0269000000000013,1.264651498016023,28.973990945124566,1.0645090548754332,1.0645090548754332
TRN-0511,18.3138,67.2527,31.9498,12.166,12.4674,13.1687,15.4053,43.7563,22.7241,Valid,-0.3607321603497979,0.3607321603497979,-0.2158259802911505,0,0,0,0,0,0,0,0,12.4674,13.1687,15.4053,43.7563,1231.65249726,2.937900000000001,2.236600000000001,0.7012999999999998,1.2356455751435143,22.37407040883508,0.35002959116491894,0.35002959116491894
TRN-0449,21.696,104.8557,37.7763,13.4195,16.5054,17.709,20.0948,50.7071,47.5433,Valid,0.1802741112530093,0.1802741112530093,0.1074275215876593,0,0,0,0,0,0,0,0,16.5054,17.709,20.0948,50.7071,2274.9492672,3.5893999999999977,2.3857999999999997,1.203599999999998,1.2174674849034346,46.924191068310705,0.619108931689297,0.619108931689297
TRN-0038,27.7592,101.5552,34.2606,17.1922,19.2427,19.2265,23.8862,59.3814,45.698,Valid,0.2104388984437442,0.2104388984437442,0.1254511076432254,1,0,0,0,0,0,0,0,19.2427,19.2265,23.8862,59.3814,2819.09110784,4.6434999999999995,4.659699999999997,-0.016199999999997772,1.2413116447735273,47.15039581498608,-1.452395814986076,1.452395814986076
TRN-0891,31.2092,24.7295,37.9771,7.605,16.1873,13.7588,21.489,46.4701,20.3503,Valid,-0.4213538129403886,0.4213538129403886,-0.2520476703494426,2,0,0,0,0,0,0,0,16.1873,13.7588,21.489,46.4701,771.7879114,5.3017,7.7302,-2.4284999999999997,1.3275213732238402,20.37962043678761,-0.02932043678761076,0.02932043678761076
TRN-0313,28.2726,86.4153,41.69,52.7211,18.8426,18.6702,23.9336,60.1178,37.4216,Valid,0.2436107581419975,0.2436107581419975,0.1452714320537443,2,0,0,0,0,0,0,0,18.8426,18.6702,23.9336,60.1178,2443.18521078,5.0909999999999975,5.263399999999997,-0.17239999999999966,1.2701849690674487,36.32331027844923,1.0982897215507705,1.0982897215507705
TRN-0255,17.4922,39.68,34.5857,26.5506,10.8434,10.4393,14.1841,51.656,17.2442,Valid,0.1841915524186461,0.1841915524186461,0.1097682090097195,1,0,0,0,0,0,0,0,10.8434,10.4393,14.1841,51.656,694.090496,3.3407,3.7448000000000015,-0.40410000000000146,1.3080848183366671,16.805108966527012,0.4390910334729874,0.4390910334729874
TRN-0647,21.852,64.5289,34.5926,11.2937,14.1639,13.9786,17.7505,39.2504,23.9903,Valid,-0.2018730977085674,0.2018730977085674,-0.1209070283318207,2,0,0,0,0,0,0,0,14.1639,13.9786,17.7505,39.2504,1410.0855227999998,3.586599999999999,3.7718999999999987,-0.1852999999999998,1.2532203325211753,24.526009068785584,-0.5357090687855823,0.5357090687855823
TRN-0423,18.2339,55.7219,24.4936,48.8595,12.3715,12.2858,15.7123,45.9793,18.5143,Valid,0.2931932118610625,0.2931932118610625,0.1748971547814078,2,0,0,0,0,0,0,0,12.3715,12.2858,15.7123,45.9793,1016.0275524099999,3.3408000000000015,3.4265000000000008,-0.08569999999999922,1.2700389847318558,18.484338171332737,0.02996182866726116,0.02996182866726116
TRN-0398,23.6081,38.436,51.5397,28.3981,20.9822,13.0628,17.4497,57.6559,26.8098,Invalid,-0.5852826970783092,0.5852826970783092,-0.3499958617810806,1,0,0,0,0,0,0,0,20.9822,13.0628,17.4497,57.6559,907.4009316,-3.532499999999999,4.386900000000001,-7.9193999999999996,0.8316426153393757,24.480975568962382,2.328824431037617,2.328824431037617
TRN-0289,12.2869,55.9791,39.0557,27.4659,9.2859,10.2734,11.2989,58.2312,17.4577,Valid,-0.1808952670203751,0.1808952670203751,-0.1083726870723584,0,0,0,0,0,0,0,0,9.2859,10.2734,11.2989,58.2312,687.80960379,2.013,1.0254999999999992,0.9875000000000007,1.2167789694278752,16.707552750249388,0.7501472497506114,0.7501472497506114
TRN-0579,25.8539,97.7032,34.2355,28.4083,18.1987,18.5238,22.5244,42.8963,41.4578,Valid,0.1541238389522803,0.1541238389522803,0.0918026249090102,1,0,0,0,0,0,0,0,18.1987,18.5238,22.5244,42.8963,2526.00876248,4.325700000000001,4.000599999999999,0.3251000000000026,1.2376921221339316,43.01406460928981,-1.556264609289812,1.556264609289812
TRN-0275,17.8668,47.0833,25.1341,36.193,11.1437,10.8196,14.0121,38.2814,17.1723,Valid,-0.6991386592618287,0.6991386592618287,-0.4180252736704586,1,0,0,0,0,0,0,0,11.1437,10.8196,14.0121,38.2814,841.2279044400001,2.8683999999999994,3.192500000000001,-0.3241000000000014,1.2573999143911678,17.734045248148878,-0.5617452481488776,0.5617452481488776
TRN-0885,9.8693,34.1735,47.1174,41.4493,7.4965,8.2213,9.6744,50.7342,17.5958,Valid,0.5698048198441139,0.5698048198441139,0.3401737433058688,1,0,0,0,0,0,0,0,7.4965,8.2213,9.6744,50.7342,337.26852355,2.1779,1.453100000000001,0.7247999999999992,1.290520522216338,17.60084665486376,-0.005046654863757993,0.005046654863757993
TRN-0201,13.0583,62.9442,42.9019,15.9798,9.9293,11.3912,12.1505,38.707,23.7241,Valid,-0.0692358942158399,0.0692358942158399,-0.041655746491017,0,0,0,0,0,0,0,0,9.9293,11.3912,12.1505,38.707,821.94424686,2.2211999999999996,0.7592999999999996,1.4619,1.2237003376871103,23.983482401091255,-0.2593824010912549,0.2593824010912549
TRN-0171,15.6952,76.0224,22.3138,52.257,12.0119,20.1057,14.6344,67.6222,22.1384,Invalid,-0.2465540423981185,0.2465540423981185,-0.1476040789877412,1,0,0,0,0,0,0,0,12.0119,20.1057,14.6344,67.6222,1193.1867724800002,2.6224999999999987,-5.471299999999999,8.093799999999998,1.218324146617815,23.8591845852348,-1.7207845852347994,1.7207845852347994
TRN-0689,31.6492,35.4878,43.8532,18.733,17.3536,15.3904,23.1375,33.0242,22.6997,Valid,0.283863750588381,0.283863750588381,0.1693227627912699,1,0,0,0,0,0,0,0,17.3536,15.3904,23.1375,33.0242,1123.16047976,5.783899999999999,7.7471,-1.9632000000000005,1.333296069232857,22.26774241854785,0.43195758145214924,0.43195758145214924
TRN-0769,8.373,78.0065,31.6603,24.9763,8.6715,10.7605,10.2026,45.9541,23.1383,Valid,0.2407030494142823,0.2407030494142823,0.1435340639713137,0,0,0,0,0,0,0,0,8.6715,10.7605,10.2026,45.9541,653.1484244999999,1.5311000000000003,-0.5579000000000001,2.0890000000000004,1.1765655577863603,22.443575131183408,0.6947248688165928,0.6947248688165928
TRN-0575,29.1671,81.9158,28.8445,36.8917,18.8973,18.0038,23.9664,39.8755,31.127,Valid,0.1430937887506651,0.1430937887506651,0.0852121239467794,2,0,0,0,0,0,0,0,18.8973,18.0038,23.9664,39.8755,2389.2463301800003,5.069099999999999,5.962600000000002,-0.8935000000000031,1.2682439987490282,29.733967428774022,1.3930325712259766,1.3930325712259766
TRN-0428,20.4699,69.9818,34.8688,27.8474,14.2195,14.1737,17.3693,40.4876,25.319,Valid,-0.1168136206907028,0.1168136206907028,-0.070083636335745,0,0,0,0,0,0,0,0,14.2195,14.1737,17.3693,40.4876,1432.52044782,3.149799999999999,3.195599999999999,-0.04579999999999984,1.2215118523774728,25.07066681472186,0.2483331852781383,0.2483331852781383
TRN-0272,30.9147,51.0044,42.4644,18.3643,17.8293,16.553,23.1521,40.4619,23.6436,Valid,-0.1508903642890793,0.1508903642890793,-0.0904446326476117,0,0,0,0,0,0,0,0,17.8293,16.553,23.1521,40.4619,1576.78572468,5.322800000000001,6.5991,-1.276299999999999,1.2985415588152318,23.818836078574048,-0.17523607857404855,0.17523607857404855
TRN-0763,20.5583,61.5323,30.8158,8.7893,13.3374,13.3175,16.9269,36.3166,19.1371,Valid,0.015799019211709,0.015799019211709,0.0091529686574784,2,0,0,0,0,0,0,0,13.3374,13.3175,16.9269,36.3166,1264.99948309,3.5894999999999992,3.609399999999999,-0.019899999999999807,1.269129463666484,18.86584307236028,0.271256927639719,0.271256927639719
TRN-0727,15.8896,19.4607,45.5969,8.0754,8.3908,8.3681,11.4267,74.0864,16.6021,Valid,-0.2550386691925439,0.2550386691925439,-0.1526736788563475,1,0,0,0,0,0,0,0,8.3908,8.3681,11.4267,74.0864,309.22273872,3.0359,3.0586,-0.022700000000000387,1.3618113149981945,16.66587783996587,-0.06377783996586928,0.06377783996586928
TRN-0042,19.2353,48.7693,27.1839,20.7282,12.089,11.6227,15.3121,57.8987,17.8278,Valid,-0.101494532948319,0.101494532948319,-0.0609304175687176,2,0,0,0,0,0,0,0,12.089,11.6227,15.3121,57.8987,938.0921162899999,3.2230999999999987,3.689399999999999,-0.4663000000000004,1.2666132297020185,17.879324174515258,-0.051524174515257926,0.051524174515257926
TRN-0773,18.149,40.6311,31.4089,53.4559,3.9127,10.9356,14.7335,61.6319,17.8539,Invalid,-0.0303748706966953,0.0303748706966953,-0.0184361229884248,1,0,0,0,0,0,0,0,3.9127,10.9356,14.7335,61.6319,737.4138339000001,10.820799999999998,3.7978999999999985,7.022900000000001,3.765548686204702,17.485601799394985,0.3682982006050146,0.3682982006050146
TRN-0764,30.7478,51.1431,43.5796,43.3897,17.9541,16.5559,23.4592,46.5817,23.6919,Valid,-0.0483024110495939,0.0483024110495939,-0.029147903060732,2,0,0,0,0,0,0,0,17.9541,16.5559,23.4592,46.5817,1572.53781018,5.505099999999999,6.903299999999998,-1.3981999999999992,1.3066200441013227,24.39987814779206,-0.7079781477920584,0.7079781477920584
TRN-0620,24.1614,59.8066,29.9794,21.2834,15.3065,14.6956,19.4732,54.2948,20.9953,Valid,0.156688381909543,0.156688381909543,0.0933349500134822,0,0,0,0,0,0,0,0,15.3065,14.6956,19.4732,54.2948,1445.01118524,4.166699999999999,4.777599999999998,-0.6108999999999991,1.27221685413592,20.717532185009244,0.27776781499075653,0.27776781499075653
TRN-0914,14.1881,60.8325,37.1535,41.5068,11.1654,11.9085,13.8926,32.8292,19.2031,Valid,0.7524108834136047,0.7524108834136047,0.4492816272833754,1,0,0,0,0,0,0,0,11.1654,11.9085,13.8926,32.8292,863.09759325,2.7272,1.9840999999999998,0.7431000000000001,1.2442534577771887,19.453913072530913,-0.25081307253091367,0.25081307253091367
TRN-0982,12.4416,18.6756,38.7164,37.5457,7.2086,7.2314,9.6382,80.5135,14.96,Valid,-0.2187810658083417,0.2187810658083417,-0.1310096097339083,1,0,0,0,0,0,0,0,7.2086,7.2314,9.6382,80.5135,232.35434496,2.4295999999999998,2.4067999999999996,0.022800000000000153,1.3370400118746888,15.382657951523512,-0.4226579515235116,0.4226579515235116
TRN-0113,31.1611,31.5237,42.6012,33.9683,17.1963,15.0119,22.7454,,22.1831,Valid,0.3251341531720548,0.3251341531720548,0.193982000325794,1,0,0,0,1,0,0,0,17.1963,15.0119,22.7454,49.4543,982.3131680700001,5.549099999999999,7.733499999999999,-2.1844,1.322690740048301,22.38742198044883,-0.20432198044883165,0.20432198044883165
TRN-0258,14.7553,71.7787,35.4516,36.6047,11.449,12.6512,14.0301,53.4391,24.268,Valid,-0.0209314150236803,0.0209314150236803,-0.0127936188690261,2,0,0,0,0,0,0,0,11.449,12.6512,14.0301,53.4391,1059.11625211,2.5810999999999993,1.3788999999999998,1.2021999999999995,1.2254421998059222,24.757833246617707,-0.48983324661770666,0.48983324661770666
TRN-0002,18.4463,56.7764,23.0633,12.8259,11.8108,11.7818,14.6466,34.3554,17.3604,Valid,-0.5569554194577755,0.5569554194577755,-0.3330701953513696,0,0,0,0,0,0,0,0,11.8108,11.7818,14.6466,34.3554,1047.31450732,2.835799999999999,2.864799999999999,-0.028999999999999915,1.2401012292975673,17.818534144778052,-0.4581341447780538,0.4581341447780538
TRN-0283,28.9197,27.591,41.9035,37.8014,15.9737,14.1276,21.1828,66.5722,21.6272,Valid,0.1228703403339679,0.1228703403339679,0.0731285292383573,0,0,0,0,0,0,0,0,15.9737,14.1276,21.1828,66.5722,797.9234427,5.209100000000001,7.055200000000001,-1.8460999999999999,1.326103954560337,21.73619603475346,-0.10899603475345998,0.10899603475345998
TRN-0677,21.058,68.7623,28.9605,26.7195,14.1566,14.0598,17.9396,38.7286,23.3267,Valid,0.191452775654092,0.191452775654092,0.1141068201534086,0,0,0,0,0,0,0,0,14.1566,14.0598,17.9396,38.7286,1447.9965134,3.7829999999999995,3.8797999999999995,-0.0968,1.2672242860402314,23.650566854054414,-0.3238668540544154,0.3238668540544154
TRN-0486,17.1442,103.7046,38.9918,21.6489,14.2967,16.3271,17.2076,33.04,45.6002,Valid,0.196416785383473,0.196416785383473,0.1170728366537885,0,0,0,0,0,0,0,0,14.2967,16.3271,17.2076,33.04,1777.93240332,2.9109,0.8804999999999978,2.030400000000002,1.2036055847813938,43.3347950412312,2.265404958768798,2.265404958768798
TRN-0554,10.2715,99.3761,29.1666,35.7966,10.8652,13.1476,12.3766,44.9502,36.6035,Valid,-0.2039535496124713,0.2039535496124713,-0.1221501070145039,2,0,0,0,0,0,0,0,10.8652,13.1476,12.3766,44.9502,1020.7416111499999,1.5114,-0.7710000000000008,2.282400000000001,1.1391036160368737,38.13105029177441,-1.5275502917744106,1.5275502917744106
TRN-0341,21.6849,99.1059,37.2354,56.2871,16.3468,17.5527,19.8958,75.1837,42.9304,Valid,-0.2058781803313785,0.2058781803313785,-0.1233000818897805,1,0,0,0,0,0,0,0,16.3468,17.5527,19.8958,75.1837,2149.10153091,3.5489999999999995,2.3430999999999997,1.2058999999999997,1.2171059674639884,43.05605686660362,-0.1256568666036202,0.1256568666036202
TRN-0757,12.9334,15.2952,32.5392,39.5942,7.6572,7.2149,10.2342,59.5475,14.0025,Valid,0.3192305474945485,0.3192305474945485,0.1904545713307257,2,0,0,0,0,0,0,0,7.6572,7.2149,10.2342,59.5475,197.81893968,2.577,3.0192999999999994,-0.44229999999999947,1.3365442504515352,14.259234476053127,-0.2567344760531274,0.2567344760531274
TRN-0910,22.2869,17.8971,31.6443,8.5715,11.595,10.1133,15.6096,37.8492,16.575,Valid,-0.2514514361525215,0.2514514361525215,-0.1505302921654554,2,0,0,0,0,0,0,0,11.595,10.1133,15.6096,37.8492,398.87087798999994,4.0146,5.4963,-1.4817,1.346234285265817,16.00477520475596,0.5702247952440409,0.5702247952440409
TRN-0106,19.2836,88.3661,34.5776,29.6362,14.6148,15.6203,17.6864,63.2426,32.9814,Valid,-0.0118734122053751,0.0118734122053751,-0.0073814244366574,0,0,0,0,0,0,0,0,14.6148,15.6203,17.6864,63.2426,1704.01652596,3.0715999999999983,2.0660999999999987,1.0054999999999996,1.210169684039683,33.07094433428427,-0.08954433428426967,0.08954433428426967
TRN-0712,17.6549,68.982,18.0,22.2576,12.4869,12.6826,15.3412,36.2488,19.2082,Valid,-0.0742219809094137,0.0742219809094137,-0.0446349540695058,0,0,0,0,0,0,0,0,12.4869,12.6826,15.3412,36.2488,1217.8703118,2.8543000000000003,2.6586,0.19570000000000043,1.228582571669052,19.89282646367635,-0.6846264636763486,0.6846264636763486
TRN-0153,22.4912,79.1664,32.2276,32.3848,14.9495,15.17,18.2547,47.7372,28.3823,Valid,-1.0738458858384732,1.0738458858384732,-0.6419144031094685,0,0,0,0,0,0,0,0,14.9495,15.17,18.2547,47.7372,1780.5473356799998,3.3051999999999992,3.0846999999999998,0.22049999999999947,1.2210901895781199,27.68388948703151,0.6984105129684899,0.6984105129684899
TRN-0911,25.7853,107.8744,42.3302,30.393,18.8495,19.658,23.141,55.7069,53.2861,Valid,0.2565834504751159,0.2565834504751159,0.1530226697853387,0,0,0,0,0,0,0,0,18.8495,19.658,23.141,55.7069,2781.57376632,4.291499999999999,3.482999999999997,0.8085000000000022,1.2276711702320113,54.60599313470171,-1.319893134701715,1.319893134701715
TRN-0174,27.0115,19.8225,30.4787,8.767,14.3092,12.2228,19.1565,43.2094,18.0087,Valid,0.2917032643488966,0.2917032643488966,0.1740069049336633,1,0,0,0,0,0,0,0,14.3092,12.2228,19.1565,43.2094,535.4354587500001,4.847300000000001,6.933700000000002,-2.086400000000001,1.3387531526897711,18.798324833933542,-0.7896248339335408,0.7896248339335408
TRN-0798,21.3849,49.8346,40.9968,7.0434,13.0234,12.6558,16.9012,45.477,19.6213,Valid,0.1117818421293499,0.1117818421293499,0.0665031053507554,1,0,0,0,0,0,0,0,13.0234,12.6558,16.9012,45.477,1065.7079375399999,3.877799999999999,4.2454,-0.36760000000000126,1.2977553497893408,19.895169232284438,-0.2738692322844365,0.2738692322844365
TRN-0857,25.8889,64.2977,19.4549,21.4721,15.9859,15.0523,29.8671,25.7966,21.1871,Invalid,9.39273653208414,9.39273653208414,5.611912210162478,1,0,0,0,0,0,0,0,15.9859,15.0523,29.8671,25.7966,1664.5967255300002,13.8812,14.8148,-0.9336000000000002,1.8683390560812616,24.159421233744045,-2.9723212337440437,2.9723212337440437
TRN-0912,15.3119,79.2943,26.7302,8.6535,11.6835,12.8236,13.7694,48.9846,24.2523,Valid,-0.5231970237232986,0.5231970237232986,-0.3128994132148697,0,0,0,0,0,0,0,0,11.6835,12.8236,13.7694,48.9846,1214.1463921700001,2.0858999999999988,0.9457999999999984,1.1401000000000003,1.1785328210443606,23.000728457497214,1.2515715425027878,1.2515715425027878
TRN-0380,15.1884,71.8888,38.7611,15.9947,11.6315,12.6786,14.3525,73.3601,25.6345,Valid,0.3581618441406409,0.3581618441406409,0.2137161833195262,0,0,0,0,0,0,0,0,11.6315,12.6786,14.3525,73.3601,1091.87584992,2.7209999999999983,1.6738999999999997,1.0470999999999986,1.2339326536279467,24.854347284999278,0.780152715000721,0.780152715000721
TRN-0218,8.8571,87.1286,18.0,17.6708,9.0364,10.8602,10.0128,70.0394,23.7821,Valid,-0.7415661574009995,0.7415661574009995,-0.4433758806214862,0,0,0,0,0,0,0,0,9.0364,10.8602,10.0128,70.0394,771.7067230600002,0.9763999999999999,-0.8474000000000004,1.8238000000000003,1.1080506528588234,25.444031098657447,-1.6619310986574476,1.6619310986574476
TRN-0254,13.266,83.9721,38.084,37.6982,2.2307,13.2155,13.7599,62.2599,29.6875,Invalid,0.3027437862593025,0.3027437862593025,0.1806036627855364,2,0,0,0,0,0,0,0,2.2307,13.2155,13.7599,62.2599,1113.9738786,11.5292,0.5443999999999996,10.9848,6.168394816000286,30.207444926447277,-0.5199449264472769,0.5199449264472769
TRN-0441,27.9046,55.7218,18.2324,29.9988,16.6567,15.1526,21.3154,66.3078,20.3549,Valid,-0.2797724248140838,0.2797724248140838,-0.1674522009159723,0,0,0,0,0,0,0,0,16.6567,15.1526,21.3154,66.3078,1554.89454028,4.6587,6.162800000000001,-1.504100000000001,1.2796884859014774,21.42277025480498,-1.0678702548049799,1.0678702548049799
TRN-0932,29.9543,57.0808,34.5208,8.0607,17.8131,16.3751,22.8791,57.4385,22.5047,Valid,0.1906435738407452,0.1906435738407452,0.1136233186976564,1,0,0,0,0,0,0,0,17.8131,16.3751,22.8791,57.4385,1709.8154074400002,5.0660000000000025,6.504000000000001,-1.4379999999999988,1.2843967168001547,23.057127805513435,-0.5524278055134353,0.5524278055134353
TRN-0509,22.5729,70.2702,32.0218,35.5626,15.1305,15.0361,18.9293,63.9696,25.2925,Valid,-0.0195765667571023,0.0195765667571023,-0.0119840913835346,2,0,0,0,0,0,0,0,15.1305,15.0361,18.9293,63.9696,1586.20219758,3.7988000000000017,3.893200000000002,-0.09440000000000026,1.2510682058965628,25.660745881391193,-0.36824588139119285,0.36824588139119285
TRN-0673,17.8631,28.0256,37.8335,24.0583,10.3804,9.9369,13.4418,45.0497,16.9981,Valid,-0.1271380326751554,0.1271380326751554,-0.0762525155225358,2,0,0,0,0,0,0,0,10.3804,9.9369,13.4418,45.0497,500.62409536,3.061400000000001,3.504900000000001,-0.4435000000000002,1.2949199501753785,16.82934112217998,0.16875887782002152,0.16875887782002152
TRN-0645,23.6417,78.9457,29.811,36.3288,15.8612,15.8629,19.7284,46.3918,27.7197,Valid,-0.375566823028798,0.375566823028798,-0.2246897530640072,0,0,0,0,0,0,0,0,15.8612,15.8629,19.7284,46.3918,1866.4105556900001,3.8672000000000004,3.865500000000001,0.0016999999999995907,1.2438143117706657,26.815591768558203,0.9041082314417963,0.9041082314417963
TRN-0263,23.5221,42.8011,25.1528,20.0814,13.8833,12.4467,17.9983,60.1067,18.5921,Valid,0.0957870031021954,0.0957870031021954,0.0569461223749434,1,0,0,0,0,0,0,0,13.8833,12.4467,17.9983,60.1067,1006.7717543099999,4.115,5.5516000000000005,-1.4366000000000003,1.2963983372841204,18.621615455333426,-0.02951545533342781,0.02951545533342781
TRN-0071,30.2423,98.8025,43.3388,15.5553,20.1578,20.141,25.167,47.3509,46.5089,Valid,0.0323604918081699,0.0323604918081699,0.0190485175523467,1,0,0,0,0,0,0,0,20.1578,20.141,25.167,47.3509,2988.01484575,5.0092,5.026000000000003,-0.01680000000000348,1.2484987208431868,45.24125275988579,1.2676472401142078,1.2676472401142078
TRN-0013,25.5181,41.4926,31.1854,32.5279,15.1001,13.589,19.881,38.7659,20.3992,Valid,0.572189797191303,0.572189797191303,0.341598777209998,1,0,0,0,0,0,0,0,15.1001,13.589,19.881,38.7659,1058.81231606,4.780900000000001,6.292,-1.511099999999999,1.3166129253363057,20.232320875722174,0.16687912427782692,0.16687912427782692
TRN-0260,9.4712,109.8657,19.471,23.7437,10.8498,13.3049,11.9584,71.8086,43.5279,Valid,-0.2573287628112108,0.2573287628112108,-0.1540420193372651,2,0,0,0,0,0,0,0,10.8498,13.3049,11.9584,71.8086,1040.56001784,1.1085999999999991,-1.3465000000000007,2.4551,1.1021759828052289,42.043705489886165,1.4841945101138379,1.4841945101138379
TRN-0045,10.8096,60.4465,51.1121,18.1745,8.4859,10.3638,10.0525,49.4543,23.4447,Valid,-0.6510236852816007,0.6510236852816007,-0.3892763762023431,0,0,0,0,0,0,0,0,8.4859,10.3638,10.0525,49.4543,653.4024863999999,1.5665999999999993,-0.31129999999999924,1.8778999999999986,1.1846107253081872,22.128230719378656,1.3164692806213445,1.3164692806213445
TRN-0504,9.4822,31.9074,19.7147,20.1489,6.807,7.0154,8.5534,57.7914,12.6076,Valid,0.3588456870803131,0.3588456870803131,0.2141247823258358,2,0,0,0,0,0,0,0,6.807,7.0154,8.5534,57.7914,302.55234828,1.7463999999999995,1.5380000000000003,0.20839999999999925,1.2565575781437077,12.928646128412991,-0.3210461284129913,0.3210461284129913
TRN-0876,31.8671,88.8569,30.5366,41.2199,20.6748,19.8194,26.0335,56.0319,36.1658,Valid,0.1442772474415612,0.1442772474415612,0.08591924544655,1,0,0,0,0,0,0,0,20.6748,19.8194,26.0335,56.0319,2831.6117179899998,5.358699999999999,6.214099999999998,-0.8553999999999995,1.2591893226588298,35.987615508957894,0.17818449104210288,0.17818449104210288
TRN-0372,19.0343,99.0386,36.3031,15.1434,14.7003,15.9507,17.6891,28.0867,41.0583,Valid,-0.1857558349896422,0.1857558349896422,-0.1112768966899857,0,0,0,0,0,0,0,0,14.7003,15.9507,17.6891,28.0867,1885.1304239800002,2.9887999999999995,1.7384000000000004,1.250399999999999,1.20331476002887,42.481987841833394,-1.4236878418333916,1.4236878418333916
TRN-0009,31.2031,56.1702,38.3074,25.3805,18.4606,16.8161,,45.1049,23.3409,Invalid,-6.913131156281441,6.913131156281441,-4.130911686907774,0,0,0,1,0,0,0,1,18.4606,16.8161,16.9269,45.1049,1752.68436762,-1.5336999999999996,0.11080000000000112,-1.6445000000000007,0.9169198634281316,22.39595641560142,0.9449435843985796,0.9449435843985796
TRN-0835,27.2126,65.3667,41.2269,58.2999,17.458,16.772,22.0848,54.2976,29.4849,Valid,0.1522813064187396,0.1522813064187396,0.090701704041627,1,0,0,0,0,0,0,0,17.458,16.772,22.0848,54.2976,1778.7978604199998,4.626800000000003,5.312800000000003,-0.6859999999999999,1.265023905932005,29.263055501603045,0.22184449839695475,0.22184449839695475
TRN-0083,11.6948,29.2545,30.4575,44.9411,7.7985,7.861,10.2782,33.2364,14.7517,Valid,0.2858665197208161,0.2858665197208161,0.1705194256942644,1,0,0,0,0,0,0,0,7.7985,7.861,10.2782,33.2364,342.1255266,2.4797000000000002,2.4172000000000002,0.0625,1.317969714727557,14.847824559684344,-0.09612455968434475,0.09612455968434475
TRN-0365,21.4091,106.9215,33.4044,41.3117,16.4731,17.6444,20.1669,52.7348,48.6475,Valid,0.0458518819300692,0.0458518819300692,0.0271096793743652,2,0,0,0,0,0,0,0,16.4731,17.6444,20.1669,52.7348,2289.09308565,3.6937999999999995,2.5224999999999973,1.1713000000000022,1.2242314899858011,49.273209195804945,-0.6257091958049443,0.6257091958049443
TRN-0695,26.8977,53.7919,36.2464,6.1602,16.2587,15.1159,21.0038,,21.5556,Valid,0.5529312378401663,0.5529312378401663,0.3300917077393387,0,0,0,0,1,0,0,0,16.2587,15.1159,21.0038,49.4543,1446.87838863,4.745099999999997,5.887899999999998,-1.1428000000000011,1.291849107340004,21.84810482330428,-0.29250482330428085,0.29250482330428085
TRN-0407,17.9833,30.1194,35.4344,48.3623,10.9072,10.3113,14.3367,43.036,17.5448,Valid,0.1345357007011003,0.1345357007011003,0.0800986306720839,1,0,0,0,0,0,0,0,10.9072,10.3113,14.3367,43.036,541.64620602,3.429500000000001,4.025400000000001,-0.5959000000000003,1.3144241286268443,17.001588097420733,0.5432119025792659,0.5432119025792659
TRN-0816,18.5243,67.6262,18.4807,35.1027,13.309,13.2316,27.0815,57.4387,19.8088,Invalid,11.0496953647855,11.0496953647855,6.601952017931982,0,0,0,0,0,0,0,0,13.309,13.2316,27.0815,57.4387,1252.7280166599999,13.772499999999999,13.849899999999998,-0.07739999999999903,2.034824528646383,21.673775807695606,-1.864975807695604,1.864975807695604
TRN-0545,13.0916,55.2408,37.3928,30.0299,9.4873,10.4214,11.8915,40.6875,17.7183,Valid,-0.1497150251301331,0.1497150251301331,-0.0897423626020186,1,0,0,0,0,0,0,0,9.4873,10.4214,11.8915,40.6875,723.19045728,2.4042000000000012,1.4701000000000004,0.9341000000000008,1.2534111355062711,16.849916470240522,0.8683835297594769,0.8683835297594769
TRN-0491,14.7563,30.7739,25.3571,45.6422,9.1825,8.7127,11.9573,61.1466,15.6403,Valid,-0.094782097207986,0.094782097207986,-0.0569197092403821,1,0,0,0,0,0,0,0,9.1825,8.7127,11.9573,61.1466,454.10890057,2.774800000000001,3.2446,-0.46979999999999933,1.3021820831123518,15.177949754660093,0.4623502453399073,0.4623502453399073
TRN-0165,17.3457,64.932,40.8922,31.1934,12.3965,13.0648,15.3959,33.2196,25.6903,Valid,0.0984919313757224,0.0984919313757224,0.0585623282909269,1,0,0,0,0,0,0,0,12.3965,13.0648,15.3959,33.2196,1126.2909924,2.9993999999999996,2.3310999999999993,0.6683000000000003,1.2419543887755506,25.18086772531558,0.5094322746844213,0.5094322746844213
TRN-0829,8.6911,18.8487,44.6416,43.601,5.6547,6.384,7.4265,34.5325,18.1979,Invalid,-0.0904933573787269,0.0904933573787269,-0.0543571693194532,1,0,0,0,0,0,0,0,5.6547,6.384,7.4265,34.5325,163.81593657000002,1.7717999999999998,1.0424999999999995,0.7293000000000003,1.313329949723328,14.70773556735038,3.490164432649621,3.490164432649621
TRN-0965,23.7163,15.6778,47.902,40.2774,12.5306,11.3406,16.9444,35.9469,21.424,Valid,-0.0222489941162358,0.0222489941162358,-0.0135808778677231,2,0,0,0,0,0,0,0,12.5306,11.3406,16.9444,35.9469,371.81940814,4.413800000000002,5.6038000000000014,-1.1899999999999995,1.352240633137573,21.41752442017824,0.006475579821760391,0.006475579821760391
TRN-0930,12.9705,95.971,30.5851,47.6831,12.1861,13.7774,14.3621,57.4774,35.4494,Valid,0.0541175063318153,0.0541175063318153,0.0320484244006724,2,0,0,0,0,0,0,0,12.1861,13.7774,14.3621,57.4774,1244.7918554999999,2.176,0.5846999999999998,1.5913000000000004,1.178563134585196,35.14084890589532,0.3085510941046792,0.3085510941046792
TRN-0949,10.0241,35.5307,34.6749,46.0995,7.1086,7.7959,8.8038,42.2024,15.0201,Valid,-0.2940540467324837,0.2940540467324837,-0.1759855295296216,2,0,0,0,0,0,0,0,7.1086,7.7959,8.8038,42.2024,356.16328987,1.6952000000000007,1.0079000000000011,0.6872999999999996,1.238469968109096,15.729706885092536,-0.709606885092537,0.709606885092537
TRN-0446,27.5543,78.7111,47.544,31.2291,18.1674,17.9768,23.2678,56.1777,36.2413,Valid,0.6945558180389639,0.6945558180389639,0.4147129846161226,1,0,0,0,0,0,0,0,18.1674,17.9768,23.2678,56.1777,2168.82926273,5.1004000000000005,5.291,-0.19059999999999988,1.2807439255237814,35.45924254304956,0.7820574569504402,0.7820574569504402
TRN-0333,23.6659,83.0057,25.2352,48.7404,16.4982,16.3492,20.4081,37.4559,28.5206,Valid,0.0765903943573995,0.0765903943573995,0.0454760686497466,1,0,0,0,0,0,0,0,16.4982,16.3492,20.4081,37.4559,1964.4045956300001,3.9099000000000004,4.058900000000001,-0.1490000000000009,1.2369887399905808,30.098143102164304,-1.5775431021643023,1.5775431021643023
TRN-0056,20.2038,105.4205,45.8627,19.0142,15.9943,17.8119,19.4455,50.8786,51.0559,Valid,0.3901730688161713,0.3901730688161713,0.2328430234671236,0,0,0,0,0,0,0,0,15.9943,17.8119,19.4455,50.8786,2129.8946979,3.4511999999999983,1.6335999999999977,1.8176000000000005,1.2157761103792535,49.95826420508958,1.097635794910424,1.097635794910424
TRN-0221,10.0402,19.6325,30.7168,12.1244,6.0946,6.2903,8.1025,68.7331,12.8904,Valid,0.0992408673742257,0.0992408673742257,0.0590098206711576,2,0,0,0,0,0,0,0,6.0946,6.2903,8.1025,68.7331,197.1142265,2.0078999999999994,1.812199999999999,0.19570000000000043,1.3294534022685618,13.132614781359877,-0.24221478135987695,0.24221478135987695
TRN-0627,11.916,67.3207,42.1577,50.8565,10.1217,11.6624,12.2225,46.2937,24.863,Valid,0.1108258577136727,0.1108258577136727,0.0659319006784072,1,0,0,0,0,0,0,0,10.1217,11.6624,12.2225,46.2937,802.1934612,2.1007999999999996,0.5601000000000003,1.5406999999999993,1.2075528739709,24.09084223824751,0.7721577617524886,0.7721577617524886
TRN-0649,29.9515,24.049,37.3554,42.2616,16.174,3.8193,21.58,44.283,21.0209,Invalid,0.2386646726204198,0.2386646726204198,0.1423161253422245,1,0,0,0,0,0,0,0,16.174,3.8193,21.58,44.283,720.3036235,5.405999999999999,17.7607,-12.3547,1.3342393135654051,19.517686429540458,1.5032135704595433,1.5032135704595433
TRN-0758,28.164,17.0954,24.7318,26.3672,14.91,12.0903,19.8602,43.4537,18.4735,Valid,0.2108129389802009,0.2108129389802009,0.1256745984225394,1,0,0,0,0,0,0,0,14.91,12.0903,19.8602,43.4537,481.4748456000001,4.950199999999999,7.7699,-2.819700000000001,1.3320044721633317,18.119573821049585,0.35392617895041667,0.35392617895041667
TRN-0823,15.4117,91.4093,29.4443,39.8646,12.9836,14.5008,15.509,31.7263,32.5492,Valid,0.0586747459374041,0.0586747459374041,0.0347713940569076,2,0,0,0,0,0,0,0,12.9836,14.5008,15.509,31.7263,1408.77270881,2.525400000000001,1.0082000000000004,1.5172000000000008,1.1945059964062386,32.79452788928689,-0.24532788928689087,0.24532788928689087
TRN-0265,29.1382,24.8276,29.5091,55.8176,16.0754,13.6475,21.5425,55.5081,19.6328,Valid,0.5293518946252505,0.5293518946252505,0.3160029519035841,1,0,0,0,0,0,0,0,16.0754,13.6475,21.5425,55.5081,723.4315743200001,5.467100000000002,7.895,-2.4278999999999975,1.3400902372007932,20.26071690216934,-0.6279169021693392,0.6279169021693392
TRN-0508,18.5872,24.0757,43.6181,36.0944,10.8484,9.9679,1.0,68.1033,17.6239,Invalid,-13.140437114865918,13.140437114865918,-7.851752948912779,1,0,0,0,0,0,0,0,10.8484,9.9679,1.0,68.1033,447.49985104,-9.8484,-8.9679,-0.8804999999999996,0.09217940693613166,17.19518066135085,0.4287193386491488,0.4287193386491488
TRN-0618,18.5828,33.833,44.6905,28.3275,8.0392,6.6552,14.4279,52.7081,18.4418,Invalid,-0.0939200672098916,0.0939200672098916,-0.0564046427240864,1,0,0,0,0,0,0,0,8.0392,6.6552,14.4279,52.7081,628.7118724,6.3887,7.7726999999999995,-1.3839999999999995,1.7946912694157762,18.445992281659436,-0.004192281659435082,0.004192281659435082
TRN-0588,15.6295,19.4763,27.2332,41.9181,8.9486,8.2676,11.985,70.159,14.962,Valid,0.1647848228337078,0.1647848228337078,0.0981726072068773,2,0,0,0,0,0,0,0,8.9486,8.2676,11.985,70.159,304.40483085,3.0363999999999987,3.7173999999999996,-0.6810000000000009,1.3393141504658264,15.076274024153886,-0.11427402415388599,0.11427402415388599
TRN-0136,18.1556,100.6376,28.4831,53.8012,14.7216,15.9798,17.5126,49.0068,39.9339,Valid,-0.2955792720541872,0.2955792720541872,-0.176896858015582,1,0,0,0,0,0,0,0,14.7216,15.9798,17.5126,49.0068,1827.1360105600002,2.7909999999999986,1.5328,1.2581999999999987,1.189584563101454,39.15049960273559,0.7834003972644084,0.7834003972644084
TRN-0166,29.5716,82.2388,22.4663,23.6958,19.115,18.1846,23.8408,44.7835,29.6963,Valid,-0.0071750011214071,0.0071750011214071,-0.0045741042337708,0,0,0,0,0,0,0,0,19.115,18.1846,23.8408,44.7835,2431.93289808,4.725800000000003,5.656200000000002,-0.9303999999999988,1.247229271656149,28.085574549203958,1.6107254507960427,1.6107254507960427
TRN-0410,19.3576,55.501,32.4643,47.3989,,12.8351,16.3875,35.6131,19.4256,Invalid,0.16705192143095,0.16705192143095,0.0995272080666639,2,1,0,0,0,1,0,0,13.627749999999999,12.8351,16.3875,35.6131,1074.3661576,2.7597500000000004,3.5523999999999987,-0.7926499999999983,1.2025087028242354,19.563361784142398,-0.13776178414239837,0.13776178414239837
TRN-0503,12.742,61.7987,39.8282,57.112,9.9839,11.3075,12.0489,69.2968,18.5584,Valid,-0.4798682595494181,0.4798682595494181,-0.287010296052156,1,0,0,0,0,0,0,0,9.9839,11.3075,12.0489,69.2968,787.4390354,2.0649999999999995,0.7414000000000005,1.323599999999999,1.2068317923538974,18.511686966216228,0.046713033783770896,0.046713033783770896
TRN-0587,31.1799,52.9067,38.1,36.6261,18.0144,16.465,23.3782,48.7188,23.4365,Valid,-0.3833857853164595,0.3833857853164595,-0.2293616156157237,0,0,0,0,0,0,0,0,18.0144,16.465,23.3782,48.7188,1649.62561533,5.363800000000001,6.9132,-1.5493999999999986,1.2977499679423308,23.561955065253144,-0.12545506525314565,0.12545506525314565
TRN-0975,21.1463,103.6017,31.7853,34.3651,16.2591,17.3119,19.9779,72.0292,44.8108,Valid,0.3480644838175344,0.3480644838175344,0.2076829684466076,0,0,0,0,0,0,0,0,16.2591,17.3119,19.9779,72.0292,2190.79262871,3.7188000000000017,2.6660000000000004,1.0528000000000013,1.2287203912145255,45.78316057873918,-0.9723605787391776,0.9723605787391776
TRN-0143,31.0604,20.7146,49.4232,47.9427,13.4898,20.8227,22.3117,38.437,25.9811,Invalid,0.2562820676928936,0.2562820676928936,0.1528425923169747,1,0,0,0,0,0,0,0,13.4898,20.8227,22.3117,38.437,643.40376184,8.821899999999998,1.4889999999999972,7.3329,1.6539669572810882,25.472682216194034,0.5084177838059674,0.5084177838059674
TRN-0226,16.165,84.7277,19.8908,13.1586,12.7716,13.5427,15.1689,45.6281,25.3231,Valid,0.0306968796271611,0.0306968796271611,0.0180545023412363,0,0,0,0,0,0,0,0,12.7716,13.5427,15.1689,45.6281,1369.6232705,2.3973000000000013,1.6262000000000008,0.7711000000000006,1.1877046041963388,25.483787586543045,-0.1606875865430446,0.1606875865430446
TRN-0322,19.8459,44.1289,43.3522,13.0739,11.9391,11.8223,15.5497,85.2779,18.7618,Valid,-0.1379105907094011,0.1379105907094011,-0.0826891638416873,2,0,0,0,0,0,0,0,11.9391,11.8223,15.5497,85.2779,875.7777365100001,3.6106,3.7273999999999994,-0.11679999999999957,1.3024170143335643,20.085986250743133,-1.3241862507431321,1.3241862507431321
TRN-0717,28.2051,24.1533,26.3389,43.9544,15.3975,13.0615,20.2903,40.4418,19.068,Valid,0.0628011768062783,0.0628011768062783,0.0372369536975983,1,0,0,0,0,0,0,0,15.3975,13.0615,20.2903,40.4418,681.24624183,4.892799999999998,7.228799999999998,-2.3360000000000003,1.317765015252466,19.649234217295916,-0.5812342172959148,0.5812342172959148
TRN-0921,12.3228,83.6693,38.3193,59.0536,11.4682,12.9508,13.5388,25.1946,29.9729,Valid,0.2659206747761438,0.2659206747761438,0.1586017002172653,1,0,0,0,0,0,0,0,11.4682,12.9508,13.5388,25.1946,1031.04005004,2.0706000000000007,0.588000000000001,1.4825999999999997,1.1805504084769987,29.629717472813926,0.3431825271860731,0.3431825271860731
TRN-0659,21.4314,77.2592,34.8314,8.8744,14.3967,14.8306,17.5491,35.5696,27.4947,Valid,-0.7038065215509661,0.7038065215509661,-0.4208143408411244,0,0,0,0,0,0,0,0,14.3967,14.8306,17.5491,35.5696,1655.7728188800002,3.1524,2.718499999999999,0.4339000000000013,1.2189659998708038,27.789075665057805,-0.2943756650578031,0.2943756650578031
TRN-0276,30.1002,30.3395,35.0458,22.7598,16.1821,13.8584,21.6219,65.4609,20.5299,Valid,-0.0612120834817773,0.0612120834817773,-0.0368614861388879,2,0,0,0,0,0,0,0,16.1821,13.8584,21.6219,65.4609,913.2250179,5.439800000000002,7.7635000000000005,-2.3236999999999988,1.336160735528309,20.648136622341998,-0.11823662234199617,0.11823662234199617
TRN-0573,12.713,94.2479,33.3957,5.1753,11.3106,13.3547,13.2436,56.797,33.8011,Valid,-0.1936673147616652,0.1936673147616652,-0.1160040388241667,0,0,0,0,0,0,0,0,11.3106,13.3547,13.2436,56.797,1198.1735526999998,1.9329999999999998,-0.11109999999999864,2.0440999999999985,1.1709005968732014,35.78258117588519,-1.9814811758851931,1.9814811758851931
TRN-0877,21.4959,97.0943,19.1262,42.5876,16.2871,16.5927,20.0402,45.6363,35.4263,Valid,0.3215049052253178,0.3215049052253178,0.1918135095530465,2,0,0,0,0,0,0,0,16.2871,16.5927,20.0402,45.6363,2087.12936337,3.7531,3.447499999999998,0.30560000000000187,1.230433146211943,36.38717151330131,-0.9608715133013135,0.9608715133013135
TRN-0468,11.3447,90.8143,31.9713,16.691,10.7875,12.9436,6.04,44.117,31.1116,Invalid,-6.515350480095701,6.515350480095701,-3.893236075170755,0,0,0,0,0,0,0,0,10.7875,12.9436,6.04,44.117,1030.26098921,-4.7475,-6.9036,2.1561000000000003,0.5599067810829377,32.01323025129217,-0.9016302512921719,0.9016302512921719
TRN-0181,18.6267,109.8992,25.7139,51.4145,15.5329,16.8204,6.878,45.3994,48.7663,Invalid,-11.659629736643147,11.659629736643147,-6.96696436928995,1,0,0,0,0,0,0,0,15.5329,16.8204,6.878,45.3994,2047.0594286399999,-8.6549,-9.9424,1.2874999999999996,0.4428017673443032,47.53073151788879,1.235568482111212,1.235568482111212
TRN-0353,19.5255,108.769,34.6151,11.8696,15.5531,16.9552,18.7414,46.8337,49.4057,Valid,0.1009725110876686,0.1009725110876686,0.0600444850064129,0,0,0,0,0,0,0,0,15.5531,16.9552,18.7414,46.8337,2123.7691095,3.188299999999998,1.7861999999999973,1.4021000000000008,1.2049937279425142,50.881103541232676,-1.475403541232673,1.475403541232673
TRN-0147,8.861,75.9485,36.5575,14.8645,8.6741,10.6902,10.3391,58.0673,23.809,Valid,0.2339906410866099,0.2339906410866099,0.1395233720221571,2,0,0,0,0,0,0,0,8.6741,10.6902,10.3391,58.0673,672.9796585,1.665000000000001,-0.35110000000000063,2.0161000000000016,1.191949375786104,24.249478756457552,-0.4404787564575514,0.4404787564575514
TRN-0144,21.5592,95.6797,38.3352,5.2788,16.0257,17.0131,19.5681,40.2086,40.0378,Valid,0.3521869923988134,0.3521869923988134,0.2101461845041143,0,0,0,0,0,0,0,0,16.0257,17.0131,19.5681,40.2086,2062.77778824,3.5424000000000007,2.5549999999999997,0.9874000000000009,1.2210441846258295,39.93539727273127,0.1024027272687249,0.1024027272687249
TRN-0019,8.2185,21.3276,46.7842,33.5716,6.2229,6.6093,8.3971,71.8081,15.9881,Valid,1.2424973913053563,1.2424973913053563,0.7421103581411853,2,0,0,0,0,0,0,0,6.2229,6.6093,8.3971,71.8081,175.28088060000002,2.1742,1.7877999999999998,0.3864000000000001,1.3493847733616589,17.030654382304004,-1.0425543823040044,1.0425543823040044
TRN-0626,8.6911,18.8487,44.6416,43.601,5.6547,6.384,7.4265,34.5325,14.4551,Invalid,-0.1456166178428395,0.1456166178428395,-0.0872935471681082,1,0,0,0,0,0,0,0,5.6547,6.384,7.4265,34.5325,163.81593657000002,1.7717999999999998,1.0424999999999995,0.7293000000000003,1.313329949723328,16.328769195429782,-1.8736691954297822,1.8736691954297822
TRN-0476,13.8624,81.0334,36.4075,9.6282,11.1898,12.5515,13.5137,34.8156,27.4893,Valid,-0.0837386197038885,0.0837386197038885,-0.050321185408961,0,0,0,0,0,0,0,0,11.1898,12.5515,13.5137,34.8156,1123.31740416,2.3239,0.9621999999999993,1.3617000000000008,1.207679129493709,27.293856989736632,0.19544301026336797,0.19544301026336797
TRN-0796,29.2093,62.3251,41.0718,47.5542,18.2781,17.4134,23.4021,46.8724,29.0277,Valid,0.4209855254034309,0.4209855254034309,0.2512535946862185,2,0,0,0,0,0,0,0,18.2781,17.4134,23.4021,46.8724,1820.4725434299999,5.124000000000002,5.9887000000000015,-0.8646999999999991,1.280334782972638,28.695253374456325,0.33244662554367466,0.33244662554367466
TRN-0870,10.7956,108.3219,24.6777,48.043,11.5524,13.9552,13.1178,55.7297,44.2781,Valid,-0.1565798387575796,0.1565798387575796,-0.0938441173529259,0,0,0,0,0,0,0,0,11.5524,13.9552,13.1178,55.7297,1169.39990364,1.5654000000000003,-0.8373999999999988,2.402799999999999,1.1355033278770403,43.48714266194362,0.7909573380563799,0.7909573380563799
TRN-0854,8.6289,26.2498,23.3529,56.0306,6.2386,6.4568,8.0669,52.8494,13.2914,Valid,0.1773395345733828,0.1773395345733828,0.1056740997919919,1,0,0,0,0,0,0,0,6.2386,6.4568,8.0669,52.8494,226.50689922,1.8283000000000005,1.6101,0.2182000000000004,1.2930604734067366,13.891891772335322,-0.6004917723353227,0.6004917723353227
TRN-0134,22.2438,41.4757,24.1234,53.4966,13.6413,12.3822,17.6506,70.0693,18.4064,Valid,0.1513481771700604,0.1513481771700604,0.090144155426807,1,0,0,0,0,0,0,0,13.6413,12.3822,17.6506,70.0693,922.5771756600001,4.009300000000001,5.2684000000000015,-1.2591,1.2939079897751757,18.929443357748713,-0.5230433577487119,0.5230433577487119
TRN-0527,14.7369,57.4826,37.9908,20.1469,10.8502,11.6163,13.5462,51.1441,18.5575,Valid,0.4619823663244595,0.4619823663244595,0.2757493779872679,2,0,0,0,0,0,0,0,10.8502,11.6163,13.5462,51.1441,847.11532794,2.6960000000000015,1.9299,0.7661000000000016,1.2484735318486926,19.071055533696438,-0.5135555336964366,0.5135555336964366
TRN-0770,15.7032,98.3867,38.3044,32.4798,13.1948,15.1165,15.3287,46.7966,40.2031,Valid,-0.6394540630998442,0.6394540630998442,-0.3823634787333591,2,0,0,0,0,0,0,0,13.1948,15.1165,15.3287,46.7966,1544.98602744,2.133899999999999,0.21219999999999928,1.9216999999999995,1.161721919451663,40.686032247435385,-0.4829322474353859,0.4829322474353859
TRN-0251,30.3515,109.3207,33.6619,8.9928,20.9797,21.2055,25.9842,48.8242,53.6774,Valid,0.3215733423133144,0.3215733423133144,0.19185440099833,1,0,0,0,0,0,0,0,20.9797,21.2055,25.9842,48.8242,3318.04722605,5.0045,4.778700000000001,0.22579999999999956,1.2385395222336248,53.03387878609456,0.6435212139054372,0.6435212139054372
TRN-0132,9.7487,72.7897,36.5709,25.4378,9.0643,10.8287,10.8578,77.4383,23.3231,Valid,0.1145425778008011,0.1145425778008011,0.068152656419571,2,0,0,0,0,0,0,0,9.0643,10.8287,10.8578,77.4383,709.6049483899999,1.7934999999999999,0.02909999999999968,1.7644000000000002,1.197862826845066,23.67120509138001,-0.34810509138000967,0.34810509138000967
TRN-0215,23.5742,80.0256,28.2073,5.4162,15.6847,15.9431,19.5115,52.9688,27.4716,Invalid,-0.2240955241770059,0.2240955241770059,-0.1341850207567237,0,0,0,0,0,0,0,0,15.6847,15.9431,19.5115,52.9688,1886.53949952,3.826800000000002,3.5684000000000022,0.25839999999999996,1.243982196674341,25.262263549236838,2.2093364507631605,2.2093364507631605
TRN-0780,12.6266,68.5622,35.0442,17.9569,9.9021,11.2444,12.2991,43.9458,22.3588,Valid,0.0500915600829294,0.0500915600829294,0.0296429047391856,0,0,0,0,0,0,0,0,9.9021,11.2444,12.2991,43.9458,865.70747452,2.3969999999999985,1.0546999999999986,1.3422999999999998,1.2420686096195659,22.627375280925897,-0.2685752809258979,0.2685752809258979
TRN-0425,14.8763,108.8282,36.4889,20.9661,13.3401,15.6721,15.4704,25.5252,48.8125,Valid,-0.2441880705926102,0.2441880705926102,-0.1461904009739702,0,0,0,0,0,0,0,0,13.3401,15.6721,15.4704,25.5252,1618.96095166,2.1303,-0.20170000000000066,2.3320000000000007,1.1596905872590257,49.06202493377622,-0.24952493377622176,0.24952493377622176
TRN-0273,14.7494,46.7725,41.9781,18.1946,9.8595,10.6273,12.2165,33.6728,17.7087,Valid,-0.2747750951249337,0.2747750951249337,-0.1644662756007724,0,0,0,0,0,0,0,0,9.8595,10.6273,12.2165,33.6728,689.8663115,2.3569999999999993,1.5892,0.7677999999999994,1.239057519085634,20.15529616673489,-2.4465961667348886,2.4465961667348886
TRN-0970,21.6393,46.0109,37.6075,53.7777,13.5387,12.9017,17.5589,27.2276,20.1454,Valid,0.1601676836469856,0.1601676836469856,0.0954138473012887,1,0,0,0,0,0,0,0,13.5387,12.9017,17.5589,27.2276,995.6436683699999,4.020200000000001,4.657200000000001,-0.6370000000000005,1.2969404027414726,20.39878214808543,-0.25338214808543214,0.25338214808543214
TRN-0318,25.1775,66.3148,37.9414,36.4763,16.4199,15.8983,20.8264,62.0508,27.6115,Valid,0.4230772556190665,0.4230772556190665,0.2525034122071628,1,0,0,0,0,0,0,0,16.4199,15.8983,20.8264,62.0508,1669.640877,4.406500000000001,4.928099999999999,-0.5215999999999976,1.268362615873047,28.499140248309764,-0.887640248309765,0.887640248309765
TRN-0767,27.0091,89.3887,31.1747,24.0991,18.2747,18.1538,23.0462,65.1731,35.2858,Valid,0.3593642498453135,0.3593642498453135,0.2144346257389883,0,0,0,0,0,0,0,0,18.2747,18.1538,23.0462,65.1731,2414.30833717,4.7715,4.8923999999999985,-0.1208999999999989,1.2610979873278427,34.87296774281589,0.41283225718411387,0.41283225718411387
TRN-0437,25.3163,24.303,33.4231,57.0072,14.28,12.2727,18.7394,78.7804,19.2354,Valid,0.2138170558385539,0.2138170558385539,0.1274695707647985,2,0,0,0,0,0,0,0,14.28,12.2727,18.7394,78.7804,615.2620389,4.4594000000000005,6.4666999999999994,-2.007299999999999,1.3122819942002844,18.972588519526035,0.26281148047396385,0.26281148047396385
TRN-0502,31.4814,15.7485,22.313,54.752,16.6856,13.4554,22.2083,63.0366,19.7031,Valid,0.195668936781427,0.195668936781427,0.1166259939974726,1,0,0,0,0,0,0,0,16.6856,13.4554,22.2083,63.0366,495.7848279,5.5227,8.752900000000002,-3.2302000000000017,1.3309852022191577,19.610285128157987,0.09281487184201254,0.09281487184201254
TRN-0413,23.8614,99.6453,27.3515,52.786,17.422,17.7966,21.1059,58.3409,40.8523,Valid,-0.3553539137676438,0.3553539137676438,-0.212612455544943,0,0,0,0,0,0,0,0,17.422,17.7966,21.1059,58.3409,2377.67636142,3.6838999999999977,3.309299999999997,0.37460000000000093,1.2114503435596695,40.95029570402233,-0.09799570402233115,0.09799570402233115
TRN-0735,26.086,76.1449,37.1549,29.5568,16.9605,16.7213,21.3601,54.0255,29.7533,Valid,-0.0568862201539417,0.0568862201539417,-0.0342767647728505,0,0,0,0,0,0,0,0,16.9605,16.7213,21.3601,54.0255,1986.3158614000001,4.3995999999999995,4.6388,-0.2392000000000003,1.2594019873223152,29.84814543068329,-0.09484543068328932,0.09484543068328932
TRN-0249,15.2693,100.304,34.0973,32.5533,12.9218,14.867,15.5072,30.5176,40.5863,Valid,-0.2714989055679329,0.2714989055679329,-0.1625087386872322,2,0,0,0,0,0,0,0,12.9218,14.867,15.5072,30.5176,1531.5718672,2.5854,0.6401999999999983,1.9452000000000016,1.20007955541832,40.26207368231422,0.3242263176857847,0.3242263176857847
TRN-0941,26.4406,81.4135,28.2367,48.9851,17.6256,17.3812,22.0976,32.9076,29.618,Valid,-0.111358037479146,0.111358037479146,-0.0668239026311758,2,0,0,0,0,0,0,0,17.6256,17.3812,22.0976,32.9076,2152.6217881,4.472000000000001,4.7164,-0.24439999999999884,1.253721147807083,29.908357444752188,-0.29035744475218905,0.29035744475218905
TRN-0644,22.3928,21.7817,18.0,17.6499,12.3418,10.3495,16.293,43.2368,15.8306,Valid,0.213503698638334,0.213503698638334,0.1272823385317786,0,0,0,0,0,0,0,0,12.3418,10.3495,16.293,43.2368,487.75325176000007,3.9512,5.9434999999999985,-1.9922999999999984,1.3201467207808255,15.181497407783755,0.649102592216245,0.649102592216245
TRN-0004,15.8587,26.0792,30.945,29.2205,9.2522,8.8999,12.1474,35.7616,15.4348,Valid,-0.1686453383731052,0.1686453383731052,-0.1010533036551127,2,0,0,0,0,0,0,0,9.2522,8.8999,12.1474,35.7616,413.58220904,2.895199999999999,3.2474999999999987,-0.3522999999999996,1.3129187513037426,15.573812075827838,-0.13901207582783925,0.13901207582783925
TRN-0102,15.3713,82.2769,40.7093,24.3331,12.0642,13.5868,14.6883,31.9827,29.6686,Valid,-0.10219562951543,0.10219562951543,-0.0613493256893248,0,0,0,0,0,0,0,0,12.0642,13.5868,14.6883,31.9827,1264.70291297,2.6241000000000003,1.1014999999999997,1.5226000000000006,1.2175103052748586,28.719552404461748,0.9490475955382536,0.9490475955382536
TRN-0310,17.7259,93.4655,30.4254,9.3407,13.8355,15.1421,16.6845,43.4387,34.339,Valid,-0.035901621030554,0.035901621030554,-0.0217383793451522,0,0,0,0,0,0,0,0,13.8355,15.1421,16.6845,43.4387,1656.76010645,2.849,1.5424000000000007,1.3065999999999995,1.2059186831566022,35.06269733852015,-0.7236973385201537,0.7236973385201537
TRN-0653,11.3197,81.8708,23.3696,20.6582,9.9817,11.3997,11.2124,36.3911,23.001,Valid,-0.8950021017047973,0.8950021017047973,-0.5350544967738304,0,0,0,0,0,0,0,0,9.9817,11.3997,11.2124,36.3911,926.75289476,1.2307000000000006,-0.1872999999999987,1.4179999999999993,1.1232945056508354,22.92100515134191,0.07999484865809237,0.07999484865809237
TRN-0115,28.8054,58.7016,35.5128,57.6561,17.5856,16.3149,22.4877,65.3874,23.0506,Valid,-0.0647487699566333,0.0647487699566333,-0.0389746710464447,1,0,0,0,0,0,0,0,17.5856,16.3149,22.4877,65.3874,1690.9230686399999,4.902100000000001,6.172799999999999,-1.270699999999998,1.278755755415934,23.48784052247846,-0.43724052247846146,0.43724052247846146
TRN-0772,29.2843,55.6198,36.0893,55.5212,17.8595,16.5567,22.9917,15.8876,23.1953,Valid,0.3062878686365984,0.3062878686365984,0.1827212667756228,1,0,0,0,0,0,0,0,17.8595,16.5567,22.9917,15.8876,1628.78690914,5.132200000000001,6.435000000000002,-1.3028000000000013,1.2873645469556556,23.67893536862477,-0.4836353686247712,0.4836353686247712
TRN-0831,18.7826,102.8008,35.3483,23.859,14.421,15.9943,16.9964,53.0225,43.4195,Valid,-0.9516554609860606,0.9516554609860606,-0.5689051150422855,0,0,0,0,0,0,0,0,14.421,15.9943,16.9964,53.0225,1930.8663060799997,2.575400000000002,1.0021000000000004,1.5733000000000015,1.178585965892819,44.21833203402105,-0.7988320340210535,0.7988320340210535
TRN-0705,8.2692,25.6949,31.0763,11.3228,5.3401,6.1135,6.6989,39.6231,12.5064,Valid,-0.353569433947646,0.353569433947646,-0.2115462214158314,2,0,0,0,0,0,0,0,5.3401,6.1135,6.6989,39.6231,212.47626707999999,1.3588000000000005,0.5853999999999999,0.7734000000000005,1.2544498147041916,13.068064713934888,-0.5616647139348885,0.5616647139348885
TRN-0991,31.3945,56.8214,40.6793,37.536,18.3479,16.9601,23.7599,53.2477,24.1357,Valid,-0.3395580307273569,0.3395580307273569,-0.203174349600416,2,0,0,0,0,0,0,0,18.3479,16.9601,23.7599,53.2477,1783.8794423,5.411999999999999,6.799799999999998,-1.3877999999999986,1.2949649306106255,24.437283588485563,-0.3015835884855633,0.3015835884855633
TRN-0862,16.9245,33.0504,36.7006,42.7713,10.4439,10.0715,13.4578,57.3797,17.5038,Valid,-0.1232123140787262,0.1232123140787262,-0.0739068823010818,1,0,0,0,0,0,0,0,10.4439,10.0715,13.4578,57.3797,559.3614948,3.0139000000000014,3.3863000000000003,-0.37239999999999895,1.2885787028038351,17.207981494181006,0.2958185058189926,0.2958185058189926
TRN-0229,14.9486,51.2987,47.6404,16.062,10.0847,11.0032,13.0154,40.751,20.6136,Valid,0.15390962300987,0.15390962300987,0.0916746299906939,0,0,0,0,0,0,0,0,10.0847,11.0032,13.0154,40.751,766.84374682,2.9307,2.0122,0.9184999999999999,1.2906072658509764,21.104752792068627,-0.4911527920686254,0.4911527920686254
TRN-0696,19.9703,69.0999,46.7115,35.8717,14.0227,14.7328,17.7988,55.6225,30.0941,Valid,0.4867569505603129,0.4867569505603129,0.2905522953140946,1,0,0,0,0,0,0,0,14.0227,14.7328,17.7988,55.6225,1379.9457329700003,3.7760999999999996,3.0660000000000007,0.7100999999999988,1.2692838973351086,27.99201940065985,2.1020805993401517,2.1020805993401517
TRN-0371,8.4715,19.0963,37.7212,24.6285,5.5421,6.063,7.3369,59.883,13.5288,Valid,0.2963590727633791,0.2963590727633791,0.1767887698639893,2,0,0,0,0,0,0,0,5.5421,6.063,7.3369,59.883,161.77430545,1.7948000000000004,1.2739000000000003,0.5209000000000001,1.3238459720214866,13.62447901155448,-0.09567901155447878,0.09567901155447878
TRN-0819,17.2999,23.0813,37.999,20.686,10.0065,9.4349,13.3861,60.0238,16.4621,Valid,0.436284855457524,0.436284855457524,0.2603950081521538,1,0,0,0,0,0,0,0,10.0065,9.4349,13.3861,60.0238,399.30418187,3.3796,3.9512,-0.5716000000000001,1.337739131825182,16.3187970465045,0.1433029534954997,0.1433029534954997
TRN-0107,16.1498,53.7524,24.6296,36.9404,11.0133,10.8826,13.8872,35.324,16.8455,Valid,-0.0544017665804368,0.0544017665804368,-0.0327922934089392,1,0,0,0,0,0,0,0,11.0133,10.8826,13.8872,35.324,868.09050952,2.873900000000001,3.0046,-0.13069999999999915,1.260946981425203,18.057432741834447,-1.2119327418344454,1.2119327418344454
TRN-0017,15.8688,16.7878,29.9819,37.0965,8.8732,8.0324,11.9012,45.7346,15.0326,Valid,0.1009293320726705,0.1009293320726705,0.0600186853650067,2,0,0,0,0,0,0,0,8.8732,8.0324,11.9012,45.7346,266.40224064,3.0279999999999987,3.8687999999999985,-0.8407999999999998,1.3412507987526496,14.735903975524717,0.296696024475283,0.296696024475283
TRN-0196,28.5086,20.9697,30.8619,45.7868,15.5239,12.9922,20.4713,56.8221,19.7101,Valid,-0.0319361804218161,0.0319361804218161,-0.0193690120558057,0,0,0,0,0,0,0,0,15.5239,12.9922,20.4713,56.8221,597.81678942,4.9474,7.479099999999999,-2.531699999999999,1.3186948391223603,19.379440709484946,0.3306592905150545,0.3306592905150545
TRN-0548,11.0253,69.5239,28.2345,57.4589,9.5924,11.0881,11.7175,55.009,21.1399,Valid,0.0695187474862137,0.0695187474862137,0.0412507301737457,1,0,0,0,0,0,0,0,9.5924,11.0881,11.7175,55.009,766.5218546699999,2.1250999999999998,0.6293999999999986,1.4957000000000011,1.2215386956979528,21.130292796793853,0.00960720320614783,0.00960720320614783
TRN-0525,9.5113,33.9672,37.9995,40.471,6.9494,7.6298,8.9024,47.3362,15.1242,Valid,0.0858028225389002,0.0858028225389002,0.0509805328801787,1,0,0,0,0,0,0,0,6.9494,7.6298,8.9024,47.3362,323.07222936,1.9530000000000003,1.2725999999999997,0.6804000000000006,1.2810296125858167,15.376946107949657,-0.25274610794965646,0.25274610794965646
TRN-0687,29.9997,106.7406,47.4892,50.5266,20.7767,21.1299,26.0691,55.6824,57.2566,Valid,0.1823350060588673,0.1823350060588673,0.1086589148227577,0,0,0,0,0,0,0,0,20.7767,21.1299,26.0691,55.6824,3202.18597782,5.292399999999997,4.9392,0.3531999999999975,1.2547270477375867,55.96844919266635,1.2881508073336505,1.2881508073336505
TRN-0637,28.1778,101.9614,46.7242,5.1181,19.2773,19.9162,23.9894,55.4093,50.626,Valid,0.1853568229330306,0.1853568229330306,0.1104644629982268,2,0,0,0,0,0,0,0,19.2773,19.9162,23.9894,55.4093,2873.04793692,4.7120999999999995,4.0732,0.6388999999999996,1.2444371128544387,51.83901279149929,-1.2130127914992954,1.2130127914992954
TRN-0790,11.0441,36.6588,49.2146,45.1862,7.7952,8.7153,10.2325,51.3039,20.4399,Valid,0.337473636366667,0.337473636366667,0.2013548929582875,2,0,0,0,0,0,0,0,7.7952,8.7153,10.2325,51.3039,404.86345308,2.4372999999999996,1.5172000000000008,0.9200999999999988,1.312665085353698,20.563420305639532,-0.12352030563953065,0.12352030563953065
TRN-0337,24.7539,95.1678,30.4097,7.7587,17.2067,17.6076,21.1211,62.9772,37.6123,Valid,-0.1859026328183439,0.1859026328183439,-0.1113646090044021,0,0,0,0,0,0,0,0,17.2067,17.6076,21.1211,62.9772,2355.77420442,3.914399999999997,3.513499999999997,0.40090000000000003,1.2274920655953403,38.108992226505045,-0.4966922265050471,0.4966922265050471
TRN-0776,20.4738,40.3826,41.5696,36.864,12.6427,12.2225,16.7908,53.4398,19.2865,Valid,0.7322722984500025,0.7322722984500025,0.4372487388418385,2,0,0,0,0,0,0,0,12.6427,12.2225,16.7908,53.4398,826.78527588,4.148100000000001,4.568300000000001,-0.42019999999999946,1.3281013327047761,19.878671532024175,-0.5921715320241745,0.5921715320241745
TRN-0882,16.6046,62.6201,20.6738,56.6195,12.4968,12.4027,15.5819,36.5569,19.8233,Valid,0.6805879066386851,0.6805879066386851,0.4063670993444117,1,0,0,0,0,0,0,0,12.4968,12.4027,15.5819,36.5569,1039.78171246,3.085099999999999,3.1792,-0.09410000000000096,1.2468702012753654,20.464716361896276,-0.641416361896276,0.641416361896276
TRN-0235,14.5684,107.6301,39.9672,6.4811,13.4309,15.8185,15.7473,46.4148,49.1812,Valid,0.5130763076833222,0.5130763076833222,0.3062782208787025,0,0,0,0,0,0,0,0,13.4309,15.8185,15.7473,46.4148,1567.99834884,2.3164,-0.07120000000000104,2.387600000000001,1.1724670926988565,47.87286556216986,1.3083344378301334,1.3083344378301334
TRN-0112,8.0142,60.8575,28.5069,33.4378,7.7383,9.1334,9.0903,64.7652,15.6204,Valid,0.172275011021215,0.172275011021215,0.1026480258636144,0,0,0,0,0,0,0,0,7.7383,9.1334,9.0903,64.7652,487.72417650000006,1.3519999999999994,-0.043100000000000804,1.3951000000000002,1.1747138587107522,14.968458431876961,0.6519415681230392,0.6519415681230392
TRN-0296,14.8834,47.7957,30.2891,13.1237,9.9603,10.1437,12.5896,65.077,16.4399,Valid,0.0240353023680057,0.0240353023680057,0.0140741821673526,0,0,0,0,0,0,0,0,9.9603,10.1437,12.5896,65.077,711.36252138,2.6293000000000006,2.4459,0.18340000000000067,1.2639767236160322,16.247176157913035,0.19272384208696636,0.19272384208696636
TRN-0809,27.2252,27.563,26.0366,22.9568,15.0208,12.9747,19.8833,80.3398,18.8413,Valid,0.3280998370749763,0.3280998370749763,0.1957540088170169,1,0,0,0,0,0,0,0,15.0208,12.9747,19.8833,80.3398,750.4081876,4.862499999999999,6.908599999999998,-2.046099999999999,1.3237168967585635,18.777381238240714,0.06391876175928601,0.06391876175928601
TRN-0853,19.4248,90.8578,42.6535,7.9696,14.7149,16.0781,17.7581,53.2609,36.753,Valid,0.0778376190699425,0.0778376190699425,0.0462212906131905,0,0,0,0,0,0,0,0,14.7149,16.0781,17.7581,53.2609,1764.89459344,3.043199999999999,1.6799999999999997,1.363199999999999,1.2068099634996068,37.070983529438344,-0.31798352943834374,0.31798352943834374
TRN-0529,31.0312,81.3554,30.7886,32.5102,19.8275,25.595,25.174,47.8984,31.6224,Invalid,0.2536414533816291,0.2536414533816291,0.1512648142614658,1,0,0,0,0,0,0,0,19.8275,25.595,25.174,47.8984,2524.55568848,5.346499999999999,-0.4209999999999994,5.767499999999998,1.269650097263852,30.67446285347904,0.9479371465209603,0.9479371465209603
TRN-0874,21.7457,52.85,38.0608,53.9387,14.0088,13.5919,1.0,63.0673,20.8285,Invalid,-16.87624992142744,16.87624992142744,-10.083916669505127,1,0,0,0,0,0,0,0,14.0088,13.5919,1.0,63.0673,1149.260245,-13.0088,-12.5919,-0.41690000000000005,0.0713836507169417,19.44090891900686,1.3875910809931398,1.3875910809931398
TRN-0293,23.6339,86.7762,33.2134,26.0206,16.5715,16.8931,20.2296,47.5054,33.6492,Valid,-0.1233417116069475,0.1233417116069475,-0.0739841978634468,1,0,0,0,0,0,0,0,16.5715,16.8931,20.2296,47.5054,2050.8600331800003,3.658100000000001,3.336500000000001,0.3216000000000001,1.2207457256460035,32.90645761030052,0.7427423896994796,0.7427423896994796
TRN-0386,24.1553,87.6288,31.6699,9.5358,16.7324,16.8579,20.8384,37.0967,33.0113,Valid,0.3624585500734127,0.3624585500734127,0.2162834830205021,0,0,0,0,0,0,0,0,16.7324,16.8579,20.8384,37.0967,2116.69995264,4.106000000000002,3.9804999999999993,0.1255000000000024,1.245391428969288,32.49823419393481,0.5130658060651854,0.5130658060651854
TRN-0001,28.6557,37.7881,19.8451,49.0661,16.5184,14.4007,21.5919,60.3044,20.1476,Valid,0.157983131503844,0.157983131503844,0.0941085682918323,2,0,0,0,0,0,0,0,16.5184,14.4007,21.5919,60.3044,1082.84445717,5.073499999999999,7.1911999999999985,-2.1176999999999992,1.3071415469164405,19.725621367050255,0.42197863294974525,0.42197863294974525
TRN-0483,28.1686,30.8848,47.1226,31.0161,15.6773,13.958,20.8884,49.9856,22.8391,Valid,0.3658845835468085,0.3658845835468085,0.2183305522985497,1,0,0,0,0,0,0,0,15.6773,13.958,20.8884,49.9856,869.98157728,5.2111,6.930400000000001,-1.7193000000000005,1.332396948200935,23.73495172249644,-0.8958517224964417,0.8958517224964417
TRN-0127,31.9221,26.6474,39.91,58.3026,17.1866,14.5966,22.8735,43.6359,22.4999,Valid,-0.0284655696456717,0.0284655696456717,-0.0172953076535937,1,0,0,0,0,0,0,0,17.1866,14.5966,22.8735,43.6359,850.64096754,5.686900000000001,8.2769,-2.589999999999998,1.3308907341238325,20.882722837599434,1.6171771624005657,1.6171771624005657
TRN-0207,16.4512,87.7723,18.0,18.5651,13.0139,13.8086,15.8387,34.7912,26.7392,Valid,0.325507434521791,0.325507434521791,0.1942050374878786,0,0,0,0,0,0,0,0,13.0139,13.8086,15.8387,34.7912,1443.95966176,2.8247999999999998,2.030099999999999,0.7947000000000006,1.21705928502656,26.98040990480195,-0.24120990480194848,0.24120990480194848
TRN-0471,27.1316,40.1931,50.0495,59.2364,15.9906,14.7284,21.0562,65.685,26.8539,Valid,0.3994166256111953,0.3994166256111953,0.2383660871738618,2,0,0,0,0,0,0,0,15.9906,14.7284,21.0562,65.685,1090.50311196,5.0656,6.3278,-1.2622,1.31678528836611,25.861536424879592,0.9923635751204074,0.9923635751204074
TRN-0059,30.7887,106.5889,44.7605,54.8665,21.3848,21.588,35.7555,55.686,55.6198,Invalid,9.378157250194723,9.378157250194723,5.603201028475676,2,0,0,0,0,0,0,0,21.3848,21.588,35.7555,55.686,3281.7336654299997,14.3707,14.167499999999997,0.2032000000000025,1.6720045677282147,54.39984393677933,1.2199560632206712,1.2199560632206712
TRN-0063,27.5392,38.1989,35.1752,12.4804,15.2211,13.532,20.2284,69.7442,19.9811,Valid,-0.1323869540106201,0.1323869540106201,-0.0793887678948947,0,0,0,0,0,0,0,0,15.2211,13.532,20.2284,69.7442,1051.9671468800002,5.007300000000001,6.696400000000001,-1.6890999999999998,1.3289700948222567,20.12914528516247,-0.14804528516246762,0.14804528516246762
TRN-0698,13.6327,45.7725,28.7424,15.8314,9.2535,9.6527,11.532,46.4299,16.0087,Valid,-0.152101219739869,0.152101219739869,-0.0911681238255923,0,0,0,0,0,0,0,0,9.2535,9.6527,11.532,46.4299,624.00276075,2.2784999999999993,1.8793000000000006,0.39919999999999867,1.2462298090130124,16.01824663607499,-0.009546636074990289,0.009546636074990289
TRN-0960,24.9995,20.1043,45.4578,57.462,14.2425,12.5571,19.3371,44.5012,20.9081,Valid,1.123731263502421,1.123731263502421,0.6711471018315224,2,0,0,0,0,0,0,0,14.2425,12.5571,19.3371,44.5012,502.59744785,5.0946,6.779999999999999,-1.6853999999999996,1.3577031014898358,20.57794975848666,0.3301502415133406,0.3301502415133406
TRN-0899,14.9915,18.5185,35.0207,17.393,8.2577,7.9147,10.9201,35.7485,14.8891,Valid,-0.335237638561221,0.335237638561221,-0.2005928972762949,2,0,0,0,0,0,0,0,8.2577,7.9147,10.9201,35.7485,277.62009275,2.6624,3.0054,-0.34299999999999997,1.3224126301359578,15.177220095289664,-0.2881200952896652,0.2881200952896652
TRN-0100,21.3697,98.1157,35.5882,6.5734,15.6299,16.7153,19.2324,,40.8155,Valid,-0.0291803936829957,0.0291803936829957,-0.0177224179948613,2,0,0,0,1,0,0,0,15.6299,16.7153,19.2324,49.4543,2096.70307429,3.602499999999999,2.5170999999999992,1.0854,1.2304869317865554,41.20484689772219,-0.38934689772219144,0.38934689772219144
TRN-0292,17.4334,47.8325,29.7571,5.9921,17.1563,11.1729,14.0808,78.7172,16.7479,Invalid,-0.189352823236149,0.189352823236149,-0.1134261121574062,0,0,0,0,0,0,0,0,17.1563,11.1729,14.0808,78.7172,833.8831055,-3.0755000000000017,2.9078999999999997,-5.983400000000001,0.8207359274809093,17.844270373162146,-1.096370373162145,1.096370373162145
TRN-0789,8.159,75.9748,31.6705,28.6888,8.5246,10.3218,9.8852,59.4848,22.5855,Valid,-0.0432599007675023,0.0432599007675023,-0.0261349821529634,2,0,0,0,0,0,0,0,8.5246,10.3218,9.8852,59.4848,619.8783932000001,1.3605999999999998,-0.4366000000000003,1.7972000000000001,1.1596073016830095,21.082664635850616,1.5028353641493837,1.5028353641493837
TRN-0883,20.0684,50.751,37.9395,44.2971,20.5106,12.7888,16.5123,50.9035,19.4832,Invalid,-0.004191183951697,0.004191183951697,-0.002791261040073,2,0,0,0,0,0,0,0,20.5106,12.7888,16.5123,50.9035,1018.4913683999999,-3.9983000000000004,3.7234999999999996,-7.7218,0.8050613804270083,20.41689429365393,-0.9336942936539288,0.9336942936539288
TRN-0987,8.9208,80.0837,21.4928,31.7022,9.0013,10.7514,10.3396,80.3354,21.0958,Valid,-0.1199006908011828,0.1199006908011828,-0.0719281735918504,0,0,0,0,0,0,0,0,9.0013,10.7514,10.3396,80.3354,714.41067096,1.3383000000000003,-0.4117999999999995,1.7500999999999998,1.148677248089445,20.909327425600324,0.18647257439967646,0.18647257439967646
TRN-0845,20.8759,61.2433,21.7204,5.906,13.325,12.9631,16.6578,58.0203,18.2318,Valid,-0.2561582484336959,0.2561582484336959,-0.153342632118684,1,0,0,0,0,0,0,0,13.325,12.9631,16.6578,58.0203,1278.50900647,3.3328000000000024,3.694700000000001,-0.36189999999999856,1.2501153845287922,17.628317308208516,0.6034826917914842,0.6034826917914842
TRN-0519,12.9126,55.1864,41.4512,58.3725,10.086,11.2424,12.5973,57.737,18.5291,Valid,0.4197325774400813,0.4197325774400813,0.2505049530565665,2,0,0,0,0,0,0,0,10.086,11.2424,12.5973,57.737,712.59990864,2.5113000000000003,1.3549000000000007,1.1563999999999997,1.248987458866291,19.704595373677442,-1.1754953736774425,1.1754953736774425
TRN-0170,22.0985,55.2047,44.9647,31.4216,13.6698,13.7222,17.7092,52.3794,21.3338,Valid,-0.0766996487869384,0.0766996487869384,-0.0461153709517901,1,0,0,0,0,0,0,0,13.6698,13.7222,17.7092,52.3794,1219.94106295,4.039399999999999,3.9869999999999983,0.052400000000000446,1.2954971576049703,22.177749150981736,-0.8439491509817358,0.8439491509817358
TRN-0803,14.8867,75.4868,18.0,7.5017,11.0816,11.7859,13.2672,44.839,19.2982,Valid,-0.5652744743165297,0.5652744743165297,-0.3380408652984059,2,0,0,0,0,0,0,0,11.0816,11.7859,13.2672,44.839,1123.74934556,2.185600000000001,1.481300000000001,0.7042999999999999,1.1972267567618786,20.51879690254885,-1.2205969025488486,1.2205969025488486
TRN-0414,14.0512,70.4544,45.052,55.2408,11.3593,12.7422,13.8951,60.6659,27.6443,Valid,0.2379151452021517,0.2379151452021517,0.1418682795862196,0,0,0,0,0,0,0,0,11.3593,12.7422,13.8951,60.6659,989.96886528,2.5358,1.152899999999999,1.3829000000000011,1.2232345098425874,26.13765870033353,1.5066412996664695,1.5066412996664695
TRN-0347,31.3892,61.6279,30.734,59.4728,19.219,17.6853,24.8014,77.0681,23.7916,Valid,0.313524866444979,0.313524866444979,0.1870454031256831,2,0,0,0,0,0,0,0,19.219,17.6853,24.8014,77.0681,1934.4504786799998,5.5824,7.116099999999999,-1.5336999999999996,1.2904618916374986,23.086963434321937,0.7046365656780615,0.7046365656780615
TRN-0022,10.984,63.6764,34.8429,45.5198,9.0669,10.3063,11.1205,29.858,21.5988,Valid,-0.0276808547882616,0.0276808547882616,-0.016826437256061,2,0,0,0,0,0,0,0,9.0669,10.3063,11.1205,29.858,699.4215776,2.0535999999999994,0.8141999999999996,1.2393999999999998,1.2264928183912711,22.036420208961502,-0.43762020896150133,0.43762020896150133
TRN-0534,9.9767,102.2508,27.3341,52.6467,10.9906,13.3539,12.5827,12.1712,38.8217,Valid,0.043424414914126,0.043424414914126,0.0256592577160835,1,0,0,0,0,0,0,0,10.9906,13.3539,12.5827,12.1712,1020.1255563599999,1.5921000000000003,-0.7711999999999986,2.363299999999999,1.1448591115506783,39.3787795202716,-0.5570795202715999,0.5570795202715999
TRN-0690,19.3418,107.1489,26.47,17.3647,15.2982,16.7083,,58.3653,45.6354,Invalid,-1.7085986922812246,1.7085986922812246,-1.0211818502355974,0,0,0,1,0,0,0,1,15.2982,16.7083,16.9269,58.3653,2072.4525940199997,1.6287000000000003,0.21859999999999857,1.4101000000000017,1.1064627822470734,45.97500227921495,-0.3396022792149509,0.3396022792149509
TRN-0021,25.4376,105.8126,24.01,17.6411,17.9464,18.4169,21.6122,51.5824,45.8638,Valid,-0.670858606265103,0.670858606265103,-0.4011278241502773,1,0,0,0,0,0,0,0,17.9464,18.4169,21.6122,51.5824,2691.61859376,3.665800000000001,3.195300000000003,0.4704999999999977,1.2042631367499128,46.79037091642673,-0.9265709164267335,0.9265709164267335
TRN-0280,27.7531,100.6147,29.6118,29.7973,19.0287,19.2137,23.3513,64.087,43.5179,Valid,-0.3769087626735334,0.3769087626735334,-0.2254915675941523,0,0,0,0,0,0,0,0,19.0287,19.2137,23.3513,64.087,2792.36983057,4.322599999999998,4.137599999999999,0.18499999999999872,1.2271614838840887,43.62205656347903,-0.10415656347903024,0.10415656347903024
TRN-0366,24.3028,79.2742,39.3552,10.3422,16.3572,16.5962,20.5079,46.8445,30.8484,Valid,0.3107111918607756,0.3107111918607756,0.1853642208358799,0,0,0,0,0,0,0,0,16.3572,16.5962,20.5079,46.8445,1926.58502776,4.1507000000000005,3.9116999999999997,0.23900000000000077,1.2537529321932042,30.002203172431734,0.8461968275682672,0.8461968275682672
TRN-0775,29.5407,41.2186,43.8119,6.1275,16.6176,15.0835,21.8808,48.6293,22.324,Valid,0.3765403963435751,0.3765403963435751,0.224697444851782,0,0,0,0,0,0,0,0,16.6176,15.0835,21.8808,48.6293,1217.62629702,5.263200000000001,6.7973,-1.5340999999999987,1.3167236443748531,22.18492138788863,0.13907861211137273,0.13907861211137273
TRN-0274,30.8093,80.8853,32.2866,32.2677,19.4915,18.5482,24.6741,53.8304,31.928,Valid,-0.0307689548685132,0.0307689548685132,-0.0186715899233972,1,0,0,0,0,0,0,0,19.4915,18.5482,24.6741,53.8304,2492.01947329,5.182600000000001,6.125899999999998,-0.9432999999999971,1.265889610399605,30.83324074065706,1.0947592593429398,1.0947592593429398
TRN-0404,23.7474,48.4547,23.1116,46.5521,14.4691,13.4609,18.3451,48.0412,19.5522,Valid,-0.2373761324872667,0.2373761324872667,-0.1421202395678736,1,0,0,0,0,0,0,0,14.4691,13.4609,18.3451,48.0412,1150.67314278,3.8759999999999994,4.884199999999998,-1.0081999999999987,1.2678803326534942,19.167539374028998,0.3846606259710015,0.3846606259710015
TRN-0139,20.8691,25.8051,33.1449,7.2908,11.1923,10.2307,14.7645,59.8275,16.6329,Valid,-0.5578530365970771,0.5578530365970771,-0.3336065253328429,2,0,0,0,0,0,0,0,11.1923,10.2307,14.7645,59.8275,538.52921241,3.5722000000000005,4.533799999999999,-0.9615999999999989,1.3191646764608915,16.50948181838185,0.12341818161814899,0.12341818161814899
TRN-0325,26.5393,44.1499,20.0222,45.7095,15.6498,13.8113,20.1295,60.542,19.3421,Valid,-0.0143638545423563,0.0143638545423563,-0.0088694741117033,1,0,0,0,0,0,0,0,15.6498,13.8113,20.1295,60.542,1171.7074410700002,4.479699999999999,6.318200000000001,-1.8385000000000016,1.286245647710739,18.669524325504142,0.6725756744958566,0.6725756744958566
TRN-0155,25.4113,48.2705,35.1281,17.6202,15.2911,14.2782,19.8332,46.3663,20.6212,Valid,0.4179925747947095,0.4179925747947095,0.2494652942246486,1,0,0,0,0,0,0,0,15.2911,14.2782,19.8332,46.3663,1226.61615665,4.542100000000001,5.5550000000000015,-1.0129000000000001,1.2970412219910785,20.368955367368837,0.2522446326311645,0.2522446326311645
TRN-0756,18.5486,32.1192,32.1721,47.2999,11.1649,10.5368,14.573,52.4955,17.5281,Valid,-0.0153145509403103,0.0153145509403103,-0.0094375191714246,1,0,0,0,0,0,0,0,11.1649,10.5368,14.573,52.4955,595.76619312,3.408100000000001,4.036200000000001,-0.6280999999999999,1.305250109494837,17.9748706439479,-0.4467706439479002,0.4467706439479002
TRN-0679,30.3557,91.8033,35.0595,45.8747,19.865,19.5118,24.6688,53.0942,39.1206,Valid,-0.4642454261752213,0.4642454261752213,-0.2776755880042871,1,0,0,0,0,0,0,0,19.865,19.5118,24.6688,53.0942,2786.7534338099995,4.8038000000000025,5.157,-0.3531999999999975,1.2418216753980997,38.5296026837253,0.5909973162747022,0.5909973162747022
TRN-0837,22.8665,30.6578,36.9534,24.3963,15.1315,16.2079,16.7916,45.8619,18.3588,Invalid,-0.2118695594305926,0.2118695594305926,-0.1268799558701072,1,0,0,0,0,0,0,0,15.1315,16.2079,16.7916,45.8619,701.0365836999999,1.6600999999999981,0.5837000000000003,1.0763999999999978,1.1097107955517989,19.32427502046957,-0.9654750204695723,0.9654750204695723
TRN-0160,30.0586,32.3412,37.7249,9.3042,16.3571,14.3251,21.5508,54.612,21.2713,Valid,-0.1366362626910309,0.1366362626910309,-0.081927747540061,0,0,0,0,0,0,0,0,16.3571,14.3251,21.5508,54.612,972.13119432,5.1937,7.225699999999998,-2.0319999999999983,1.3175188037495622,21.041675525276652,0.22962447472334802,0.22962447472334802
TRN-0058,31.3506,109.6014,35.8066,50.6344,21.7,21.5969,27.0793,57.1371,55.8411,Valid,0.3235092182731911,0.3235092182731911,0.1930110949519494,1,0,0,0,0,0,0,0,21.7,21.5969,27.0793,57.1371,3436.06965084,5.379300000000001,5.482399999999998,-0.10309999999999775,1.2478934341504913,53.48121783682031,2.359882163179684,2.359882163179684
TRN-0357,13.0874,48.0294,42.0912,28.1127,9.6031,10.4584,12.469,52.8484,17.6333,Invalid,0.8664002868951037,0.8664002868951037,0.5173907709044009,0,0,0,0,0,0,0,0,9.6031,10.4584,12.469,52.8484,628.5799695600001,2.8659,2.0106,0.8552999999999997,1.298433528304893,27.685528879488892,-10.052228879488894,10.052228879488894
TRN-0964,17.1665,43.9713,47.3783,13.5215,10.8962,11.3229,14.2006,,19.9834,Valid,0.3275892450926942,0.3275892450926942,0.1954489279797561,2,0,0,0,1,0,0,0,10.8962,11.3229,14.2006,49.4543,754.83332145,3.3043999999999993,2.877699999999999,0.4267000000000003,1.3032604914919959,20.70352901687563,-0.7201290168756316,0.7201290168756316
TRN-0594,31.7607,60.7084,33.7976,47.1394,19.2807,17.6694,24.8962,49.0986,24.0277,Valid,0.4455257035877302,0.4455257035877302,0.2659164534203752,1,0,0,0,0,0,0,0,19.2807,17.6694,24.8962,49.0986,1928.14127988,5.615500000000001,7.226800000000001,-1.6113,1.2912491293111095,24.203327233093123,-0.1756272330931239,0.1756272330931239
TRN-0520,20.2427,35.2642,36.7994,8.5725,11.3985,11.1055,14.7262,66.0157,17.8961,Valid,-0.5837962501984748,0.5837962501984748,-0.3491077035757428,0,0,0,0,0,0,0,0,11.3985,11.1055,14.7262,66.0157,713.84262134,3.3277,3.620700000000001,-0.29300000000000104,1.291940788752214,18.423450245113944,-0.5273502451139436,0.5273502451139436
TRN-0495,22.6527,78.1419,34.0494,41.5444,15.8485,16.0008,20.0946,47.2861,28.8206,Valid,0.581621683235646,0.581621683235646,0.3472343684280498,2,0,0,0,0,0,0,0,15.8485,16.0008,20.0946,47.2861,1770.1250181300002,4.2461,4.093799999999998,0.1523000000000021,1.26791729948115,28.926658174424343,-0.10605817442434429,0.10605817442434429
TRN-0328,8.935,70.4062,39.5264,32.159,8.5375,10.6639,10.031,45.449,23.2713,Valid,-0.0744464939945466,0.0744464939945466,-0.0447691015735113,1,0,0,0,0,0,0,0,8.5375,10.6639,10.031,45.449,629.079397,1.493500000000001,-0.6328999999999994,2.1264000000000003,1.1749327379997214,22.421803788430864,0.8494962115691358,0.8494962115691358
TRN-0152,30.236,74.725,22.1657,13.3417,19.1212,17.8014,23.953,34.737,26.2554,Valid,0.1209634706434279,0.1209634706434279,0.0719891666515477,1,0,0,0,0,0,0,0,19.1212,17.8014,23.953,34.737,2259.3851,4.831799999999998,6.151599999999998,-1.3198000000000008,1.25269269047304,25.838539387036505,0.41686061296349664,0.41686061296349664
TRN-0962,19.9277,91.0498,37.7678,56.4853,15.2122,16.215,18.7176,44.0866,36.8685,Valid,0.2023706011091626,0.2023706011091626,0.1206302663618922,2,0,0,0,0,0,0,0,15.2122,16.215,18.7176,44.0866,1814.4130994600002,3.5054000000000016,2.502600000000001,1.0028000000000006,1.2304326590285042,36.58414902607438,0.28435097392561914,0.28435097392561914
TRN-0990,26.8625,67.5097,36.0548,44.896,17.1685,16.3352,21.811,34.2837,28.0254,Valid,0.0334587452123678,0.0334587452123678,0.0197047285382295,2,0,0,0,0,0,0,0,17.1685,16.3352,21.811,34.2837,1813.47931625,4.642499999999998,5.4758,-0.8333000000000013,1.2704072747139967,27.953583314431256,0.07181668556874499,0.07181668556874499
TRN-0740,28.0295,103.8628,36.1283,6.1492,19.0844,19.44,23.6415,48.6006,48.3109,Valid,-0.1070831430551138,0.1070831430551138,-0.0642696353975694,2,0,0,0,0,0,0,0,19.0844,19.44,23.6415,48.6006,2911.2223526,4.557100000000002,4.201499999999999,0.3556000000000026,1.238786003863887,47.98115140882142,0.32974859117857847,0.32974859117857847
TRN-0812,8.5155,86.0259,29.6979,10.0395,8.8374,11.0558,10.0591,57.7836,26.1854,Valid,-0.3572797348454095,0.3572797348454095,-0.2137631416645983,0,0,0,0,0,0,0,0,8.8374,11.0558,10.0591,57.7836,732.5535514499999,1.2217000000000002,-0.9966999999999988,2.218399999999999,1.138240728901341,26.503985316429965,-0.3185853164299637,0.3185853164299637
TRN-0079,21.2508,94.7546,38.0479,17.6921,15.5653,16.2966,18.7659,23.5672,38.6996,Valid,-0.3290308110285451,0.3290308110285451,-0.1968842919591123,0,0,0,0,0,0,0,0,15.5653,16.2966,18.7659,23.5672,2013.6110536800002,3.200599999999998,2.469299999999997,0.731300000000001,1.2056232738056614,39.552570801627745,-0.8529708016277482,0.8529708016277482
TRN-0008,16.3568,100.6456,27.8161,43.0531,13.7975,15.3252,16.3612,64.6641,40.05,Valid,-0.275094334260924,0.275094334260924,-0.1646570223149277,2,0,0,0,0,0,0,0,13.7975,15.3252,16.3612,64.6641,1646.23995008,2.5637000000000008,1.0359999999999996,1.5277000000000012,1.1858081639368263,38.99418862477391,1.0558113752260851,1.0558113752260851
TRN-0865,9.9448,45.6114,22.4851,47.8265,7.713,8.1738,9.3757,51.8502,14.7227,Valid,-0.2591219304312506,0.2591219304312506,-0.1551134444631074,2,0,0,0,0,0,0,0,7.713,8.1738,9.3757,51.8502,453.59625072000006,1.6627,1.2019000000000002,0.4607999999999999,1.2155695377031794,14.6420379409564,0.08066205904360046,0.08066205904360046
TRN-0909,10.9793,47.4117,37.106,33.0558,8.1981,9.362,10.0748,55.9068,16.3132,Valid,-0.2131677576019051,0.2131677576019051,-0.1276556346875933,1,0,0,0,0,0,0,0,8.1981,9.362,10.0748,55.9068,520.5472778100001,1.8766999999999996,0.7127999999999997,1.1639,1.2289173968146316,15.747173873828444,0.566026126171554,0.566026126171554
TRN-0693,16.6508,72.2498,37.118,36.5301,12.4433,13.3031,15.5018,77.6366,25.539,Valid,0.3261467690741746,0.3261467690741746,0.1945870425472984,0,0,0,0,0,0,0,0,12.4433,13.3031,15.5018,77.6366,1203.01696984,3.0584999999999987,2.1986999999999988,0.8597999999999999,1.245793924606877,25.242439266827795,0.2965607331722069,0.2965607331722069
TRN-0427,21.5946,80.6941,19.9261,48.8104,15.272,15.2728,18.9574,48.5895,25.4469,Valid,0.117862235557375,0.117862235557375,0.0701361657635062,0,0,0,0,0,0,0,0,15.272,15.2728,18.9574,48.5895,1742.5568118600002,3.6853999999999996,3.6845999999999997,0.0007999999999999119,1.241316630882248,26.331065241084485,-0.8841652410844851,0.8841652410844851
TRN-0595,8.7473,59.1484,29.0356,9.764,7.646,9.0648,9.2381,55.1136,15.0574,Valid,0.0801444748245394,0.0801444748245394,0.0475996465401809,0,0,0,0,0,0,0,0,7.646,9.0648,9.2381,55.1136,517.38879932,1.5920999999999994,0.17329999999999934,1.4188,1.2082249434672463,15.147252872829705,-0.08985287282970589,0.08985287282970589
TRN-0086,8.299,38.1623,29.2119,41.8582,6.5322,7.5852,7.9413,57.9677,14.3793,Valid,-0.1887073285534395,0.1887073285534395,-0.1130404263944449,1,0,0,0,0,0,0,0,6.5322,7.5852,7.9413,57.9677,316.7089277,1.4091000000000005,0.35609999999999964,1.0530000000000008,1.2157141304397747,14.767744036878293,-0.3884440368782922,0.3884440368782922
TRN-0338,23.8341,19.4216,36.1564,8.3279,12.4987,11.0045,16.7929,39.7972,17.556,Valid,-0.016779112124194,0.016779112124194,-0.0103126005822253,2,0,0,0,0,0,0,0,12.4987,11.0045,16.7929,39.7972,462.89635656,4.2942,5.788399999999999,-1.4941999999999993,1.34357065649175,18.112116310891658,-0.5561163108916567,0.5561163108916567
TRN-0745,16.5307,105.1387,45.288,58.565,14.3957,16.4442,17.1558,35.4316,18.6752,Invalid,-0.0466372541691129,0.0466372541691129,-0.0281529648852495,1,0,0,0,0,0,0,0,14.3957,16.4442,17.1558,35.4316,1738.01630809,2.7600999999999996,0.7116000000000007,2.048499999999999,1.1917300362399632,49.859025268078085,-31.183825268078085,31.183825268078085
TRN-0256,17.645,28.3906,40.9344,39.962,10.5166,10.0301,14.1336,18.6089,17.3983,Valid,0.406540904311889,0.406540904311889,0.2426228733873322,1,0,0,0,0,0,0,0,10.5166,10.0301,14.1336,18.6089,500.952137,3.616999999999999,4.1035,-0.48650000000000126,1.3439311717369,17.592007256637743,-0.1937072566377438,0.1937072566377438
TRN-0412,30.6871,101.6972,34.5462,27.1574,20.6696,20.5741,25.6762,43.8239,46.3496,Valid,0.006406084479007,0.006406084479007,0.0035406510104583,1,0,0,0,0,0,0,0,20.6696,20.5741,25.6762,43.8239,3120.79214612,5.006600000000002,5.1021,-0.0954999999999977,1.2422198580427983,47.41013947942598,-1.0605394794259766,1.0605394794259766
TRN-0073,25.9467,99.2373,38.3006,24.3131,18.2167,18.773,22.4057,42.8541,44.0862,Valid,-0.0546750631109453,0.0546750631109453,-0.0329555892248574,2,0,0,0,0,0,0,0,18.2167,18.773,22.4057,42.8541,2574.88045191,4.189,3.6327,0.5563000000000002,1.229953158391389,42.74046877274997,1.3457312272500275,1.3457312272500275
TRN-0836,11.3923,89.2344,39.1595,59.9745,10.9529,13.1016,13.2032,58.1531,32.8614,Valid,0.0581692682667593,0.0581692682667593,0.0344693690421636,2,0,0,0,0,0,0,0,10.9529,13.1016,13.2032,58.1531,1016.58505512,2.250300000000001,0.10160000000000124,2.1487,1.2054513366767372,26.196924580536177,6.664475419463827,6.664475419463827
TRN-0907,9.433,32.4186,50.2549,16.8465,11.9059,7.6211,8.2026,50.3169,20.0939,Invalid,-0.2443992019920671,0.2443992019920671,-0.1463165528650173,0,0,0,0,0,0,0,0,11.9059,7.6211,8.2026,50.3169,305.8046538,-3.7033000000000005,0.5815000000000001,-4.284800000000001,0.6889519574732212,21.26744073992303,-1.1735407399230269,1.1735407399230269
TRN-0010,28.6079,69.1926,27.2581,40.2768,17.9159,16.5888,22.8275,53.0851,25.8781,Valid,0.0502187568766139,0.0502187568766139,0.0297189053534936,1,0,0,0,0,0,0,0,17.9159,16.5888,22.8275,53.0851,1979.45498154,4.9116,6.2387000000000015,-1.3271000000000015,1.274146833736048,26.331458671189477,-0.45335867118947704,0.45335867118947704
TRN-0569,27.6118,92.0571,36.6811,42.2679,18.5669,18.6258,22.8757,40.0431,38.7324,Valid,-0.5680187918218031,0.5680187918218031,-0.339680606444509,2,0,0,0,0,0,0,0,18.5669,18.6258,22.8757,40.0431,2541.86223378,4.308799999999998,4.249899999999997,0.058900000000001285,1.2320682332170512,39.169628909883954,-0.4372289098839559,0.4372289098839559
TRN-0528,8.5617,24.5077,44.9333,6.3482,5.669,6.6036,7.5,61.0969,14.2798,Valid,0.2782935418643175,0.2782935418643175,0.1659945398652863,0,0,0,0,0,0,0,0,5.669,6.6036,7.5,61.0969,209.82757509,1.8310000000000004,0.8963999999999999,0.9346000000000005,1.3229823196642803,15.370470176780545,-1.0906701767805451,1.0906701767805451
TRN-0983,29.4688,17.7436,33.5759,43.7144,15.3535,13.0609,20.5369,47.1622,20.0059,Valid,-0.4218485642810101,0.4218485642810101,-0.2523432863372967,2,0,0,0,0,0,0,0,15.3535,13.0609,20.5369,47.1622,522.88259968,5.183399999999999,7.475999999999999,-2.2926,1.337602932489053,19.851293131464036,0.15460686853596428,0.15460686853596428
TRN-0760,31.1008,93.8091,38.0847,57.8627,20.76,20.5065,25.8765,55.4406,42.5878,Valid,-0.1728862571305889,0.1728862571305889,-0.1035872702863657,2,0,0,0,0,0,0,0,20.76,20.5065,25.8765,55.4406,2917.53805728,5.1164999999999985,5.370000000000001,-0.2535000000000025,1.246458937158508,39.88842833456174,2.699371665438264,2.699371665438264
TRN-0547,8.4849,99.8539,44.2752,43.2362,9.9363,12.819,11.4051,50.535,40.8455,Valid,-0.013773843442479,0.013773843442479,-0.0085169400207072,1,0,0,0,0,0,0,0,9.9363,12.819,11.4051,50.535,847.25035611,1.4687999999999999,-1.4139000000000017,2.8827000000000016,1.1478204685642859,38.9734958327609,1.8720041672391048,1.8720041672391048
TRN-0376,17.5322,81.2201,46.1176,40.8133,13.0548,14.5056,15.8591,79.6941,32.7707,Valid,-0.4390029764232661,0.4390029764232661,-0.262593119081801,0,0,0,0,0,0,0,0,13.0548,14.5056,15.8591,79.6941,1423.96703722,2.8042999999999996,1.3535000000000004,1.4507999999999992,1.214808947813105,29.45216431286291,3.3185356871370892,3.3185356871370892
TRN-0600,14.0661,84.1703,25.8325,46.2828,11.8873,13.3135,14.1282,36.08,26.6367,Valid,-0.0923047545549753,0.0923047545549753,-0.0554394866811002,1,0,0,0,0,0,0,0,11.8873,13.3135,14.1282,36.08,1183.94785683,2.2409,0.8147000000000002,1.4261999999999997,1.188511109746444,26.660514114053363,-0.02381411405336209,0.02381411405336209
TRN-0029,21.3349,46.1014,34.2588,5.2606,12.5252,12.1878,16.1059,63.5447,18.5534,Valid,-0.3968198520944916,0.3968198520944916,-0.2373885265008916,1,0,0,0,0,0,0,0,12.5252,12.1878,16.1059,63.5447,983.56875886,3.5806999999999984,3.918099999999999,-0.3374000000000006,1.2858786399589308,18.761128217121986,-0.20772821712198564,0.20772821712198564
TRN-0039,15.0679,82.3924,27.7559,53.5868,10.1403,19.8333,15.3618,57.5077,27.3712,Invalid,0.482765105081965,0.482765105081965,0.2881671510051163,2,0,0,0,0,0,0,0,10.1403,19.8333,15.3618,57.5077,1241.48044396,5.221500000000001,-4.471500000000001,9.693000000000001,1.5149240999535518,27.796838619579514,-0.4256386195795123,0.4256386195795123
TRN-0033,20.2632,93.7754,33.5299,33.6812,15.3049,16.2077,18.5165,72.5603,37.2946,Valid,-0.1104609872376407,0.1104609872376407,-0.0662879113734983,1,0,0,0,0,0,0,0,15.3049,16.2077,18.5165,72.5603,1900.1896852800003,3.2116000000000007,2.3088000000000015,0.9027999999999992,1.2098405021656449,37.53922592808088,-0.2446259280808789,0.2446259280808789
TRN-0833,9.3932,15.4321,32.6449,7.6237,5.4199,5.5241,7.3907,47.3802,12.4673,Valid,0.1638137895417184,0.1638137895417184,0.0975924107682177,2,0,0,0,0,0,0,0,5.4199,5.5241,7.3907,47.3802,144.95680172000002,1.9707999999999997,1.8666,0.10419999999999963,1.3636204291215168,13.061793940354667,-0.594493940354667,0.594493940354667
TRN-0390,19.3037,86.3268,39.0552,48.9097,14.7924,15.7134,17.9805,22.1999,33.9185,Valid,0.2159026502841712,0.2159026502841712,0.1287157221375866,0,0,0,0,0,0,0,0,14.7924,15.7134,17.9805,22.1999,1666.4266491600001,3.1880999999999986,2.2670999999999992,0.9209999999999994,1.215522014330322,34.39047244077511,-0.4719724407751116,0.4719724407751116
TRN-0044,29.26,109.6202,29.7864,22.7548,20.2331,20.4709,24.7869,35.2815,52.5159,Valid,-0.2665012825538717,0.2665012825538717,-0.1595226381091755,0,0,0,0,0,0,0,0,20.2331,20.4709,24.7869,35.2815,3207.487052,4.553799999999999,4.315999999999999,0.2378,1.2250662404346144,51.92993160570277,0.5859683942972325,0.5859683942972325
TRN-0452,19.0424,94.3785,41.6341,21.8384,14.7669,16.189,17.6107,47.4642,39.034,Valid,-0.1433372469051406,0.1433372469051406,-0.0859316135337548,0,0,0,0,0,0,0,0,14.7669,16.189,17.6107,47.4642,1797.1931484000002,2.8438000000000017,1.4217000000000013,1.4221000000000004,1.1925785421594635,39.45409989909898,-0.4200998990989788,0.4200998990989788
TRN-0228,10.1831,25.6679,37.4147,15.7114,6.1981,6.7544,8.0825,60.7987,13.6425,Valid,-0.3864029159593691,0.3864029159593691,-0.2311643637484892,2,0,0,0,0,0,0,0,6.1981,6.7544,8.0825,60.7987,261.37879248999997,1.8843999999999994,1.3280999999999992,0.5563000000000002,1.3040265500289605,14.080442439658594,-0.4379424396585936,0.4379424396585936
TRN-0432,10.4138,55.6913,32.6882,40.139,10.7131,2.667,10.4162,58.3703,15.8323,Invalid,-0.038454892559498,0.038454892559498,-0.0232639697242311,1,0,0,0,0,0,0,0,10.7131,2.667,10.4162,58.3703,579.95805994,-0.29690000000000083,7.7492,-8.046100000000001,0.9722853587800367,15.617222563214794,0.2150774367852062,0.2150774367852062
TRN-0898,26.7175,47.5673,35.3142,45.1466,16.3394,14.9931,21.1996,33.4623,21.6868,Valid,0.6852739294195551,0.6852739294195551,0.4091670174845701,1,0,0,0,0,0,0,0,16.3394,14.9931,21.1996,33.4623,1270.87933775,4.860199999999999,6.2065,-1.3463000000000012,1.2974519887805005,21.008883732896148,0.6779162671038534,0.6779162671038534
TRN-0204,24.7316,43.7365,37.4064,31.1994,14.6743,13.4906,19.0906,60.7113,20.4819,Valid,0.0802011069740693,0.0802011069740693,0.0476334844855345,2,0,0,0,0,0,0,0,14.6743,13.4906,19.0906,60.7113,1081.6736234,4.416299999999998,5.599999999999998,-1.1837,1.3009538438263877,20.22266268885409,0.25923731114590964,0.25923731114590964
TRN-0121,19.018,17.826,43.742,43.2296,1.7456,10.1924,14.6032,35.4098,18.3173,Invalid,0.7129760708848814,0.7129760708848814,0.4257191624563446,2,0,0,0,0,0,0,0,1.7456,10.1924,14.6032,35.4098,339.01486800000004,12.8576,4.4108,8.4468,8.365671599039876,17.284158662982883,1.033141337017117,1.033141337017117
TRN-0902,28.3028,73.1395,45.6515,57.1996,18.1078,17.6794,23.3092,41.0806,32.6957,Valid,0.327670942620756,0.327670942620756,0.1954977425932402,1,0,0,0,0,0,0,0,18.1078,17.6794,23.3092,41.0806,2070.0526406,5.2014,5.6297999999999995,-0.4283999999999999,1.2872456691339262,32.67053466679148,0.02516533320851977,0.02516533320851977
TRN-0183,30.8671,51.742,18.0,17.4126,18.049,15.8019,23.282,26.729,21.0361,Valid,0.0981181231834718,0.0981181231834718,0.0583389763382443,0,0,0,0,0,0,0,0,18.049,15.8019,23.282,26.729,1597.1254882,5.2330000000000005,7.4801,-2.2470999999999997,1.2899322455913096,21.535874633675544,-0.49977463367554265,0.49977463367554265
TRN-0634,13.8956,58.478,45.3235,55.4579,10.3178,11.3468,12.8722,68.3149,19.5508,Valid,-0.2356909331160235,0.2356909331160235,-0.1411133259206353,2,0,0,0,0,0,0,0,10.3178,11.3468,12.8722,68.3149,812.5868968,2.5543999999999993,1.5253999999999994,1.029,1.247570947710803,20.441854400084264,-0.8910544000842648,0.8910544000842648
TRN-0378,21.3745,17.0531,38.5025,54.46,11.9475,10.3384,16.2741,42.3971,17.8967,Valid,0.6807324127359209,0.6807324127359209,0.4064534423397266,2,0,0,0,0,0,0,0,11.9475,10.3384,16.2741,42.3971,364.50148595,4.326600000000001,5.935700000000001,-1.6090999999999998,1.3621331976286273,16.577563964131265,1.319136035868734,1.319136035868734
TRN-0814,30.3615,58.1783,33.7793,29.3668,18.1696,16.7122,23.3428,41.7268,23.0081,Valid,0.1055723179896688,0.1055723179896688,0.0627928887996494,1,0,0,0,0,0,0,0,18.1696,16.7122,23.3428,41.7268,1766.38045545,5.173200000000001,6.630600000000001,-1.4573999999999998,1.2847166229764977,23.021667523408656,-0.013567523408656967,0.013567523408656967
TRN-0396,30.3569,41.0262,28.9521,19.2467,16.9297,14.9258,22.1304,37.034,20.9096,Valid,-0.2568767787525274,0.2568767787525274,-0.1537719569785978,0,0,0,0,0,0,0,0,16.9297,14.9258,22.1304,37.034,1245.42825078,5.200700000000001,7.204600000000001,-2.0039,1.3071930942703687,20.657688744470878,0.25191125552912297,0.25191125552912297
TRN-0663,31.9783,109.3958,31.4348,44.0483,21.8455,21.4674,27.2844,44.6375,54.3652,Valid,0.2119780086486677,0.2119780086486677,0.1263707324047739,1,0,0,0,0,0,0,0,21.8455,21.4674,27.2844,44.6375,3498.2917111399997,5.4389,5.817,-0.3780999999999999,1.2489706122676925,52.77444943847651,1.5907505615234925,1.5907505615234925
TRN-0193,8.8136,104.1247,23.7841,53.9583,10.6197,13.0278,11.8825,66.9895,39.5565,Valid,0.0087477081173883,0.0087477081173883,0.004939780892902,1,0,0,0,0,0,0,0,10.6197,13.0278,11.8825,66.9895,917.71345592,1.2628000000000004,-1.1452999999999989,2.4080999999999992,1.11891002673331,40.15887290067007,-0.6023729006700691,0.6023729006700691
TRN-0163,26.8467,50.4581,37.9266,8.6355,15.6853,14.5305,20.1717,54.5794,20.7763,Valid,-0.3188693611085611,0.3188693611085611,-0.1908127832849715,0,0,0,0,0,0,0,0,15.6853,14.5305,20.1717,54.5794,1354.63347327,4.4864000000000015,5.641200000000001,-1.1547999999999998,1.28602494945908,20.934380241327,-0.15808024132699927,0.15808024132699927
TRN-0951,16.8647,40.1412,23.5961,19.1775,10.2588,9.7996,13.1537,53.8028,15.8285,Valid,-0.295852324902663,0.295852324902663,-0.1770600082304701,0,0,0,0,0,0,0,0,10.2588,9.7996,13.1537,53.8028,676.9692956399999,2.8949,3.3541000000000007,-0.45920000000000094,1.282185750589006,16.026208635708873,-0.19770863570887265,0.19770863570887265
TRN-0453,31.6677,82.2572,33.8737,25.2574,20.0473,19.1506,25.5127,65.8802,33.1281,Valid,0.2802616324693296,0.2802616324693296,0.1671704822036258,0,0,0,0,0,0,0,0,20.0473,19.1506,25.5127,65.8802,2604.8963324399997,5.465399999999999,6.362099999999998,-0.8966999999999992,1.27262460649334,32.68870090323803,0.4393990967619743,0.4393990967619743
TRN-0247,30.139,68.3414,19.0017,23.2784,18.2733,16.743,23.1979,36.1587,22.9371,Valid,-0.4090711149362214,0.4090711149362214,-0.2447087071048873,0,0,0,0,0,0,0,0,18.2733,16.743,23.1979,36.1587,2059.7414545999995,4.924600000000002,6.454900000000002,-1.5303000000000004,1.2694963309876537,25.453048578963664,-2.5159485789636626,2.5159485789636626
TRN-0892,20.9863,19.4037,37.8768,46.298,11.6783,10.6496,15.2556,31.9236,17.6804,Valid,-0.3474841149841143,0.3474841149841143,-0.2079102179750888,1,0,0,0,0,0,0,0,11.6783,10.6496,15.2556,31.9236,407.21186931,3.5772999999999993,4.606,-1.0287000000000006,1.3063191506305278,18.198865279473,-0.518465279473002,0.518465279473002
TRN-0841,29.8949,91.0083,27.9446,15.6917,19.3979,18.9882,24.2031,42.8908,35.6834,Valid,-0.1916212067154141,0.1916212067154141,-0.1147814807395561,0,0,0,0,0,0,0,0,19.3979,18.9882,24.2031,42.8908,2720.68402767,4.805199999999999,5.2149,-0.40970000000000084,1.2477168932116913,35.953654571161216,-0.2702545711612174,0.2702545711612174
TRN-0233,15.3672,38.6916,36.452,59.6472,6.9692,3.8644,12.7546,41.3043,17.8643,Invalid,-0.2503976170418287,0.2503976170418287,-0.1499006308551178,1,0,0,0,0,0,0,0,6.9692,3.8644,12.7546,41.3043,594.58155552,5.7854,8.8902,-3.1048,1.8301356968723859,16.890711904611884,0.9735880953881164,0.9735880953881164
TRN-0896,16.8148,26.4401,32.9144,53.3421,10.6575,9.7959,13.985,46.5964,16.8823,Valid,0.8686315638474102,0.8686315638474102,0.5187239681820549,2,0,0,0,0,0,0,0,10.6575,9.7959,13.985,46.5964,444.58499348000004,3.327499999999999,4.1891,-0.861600000000001,1.312220209035694,16.38965797169074,0.4926420283092625,0.4926420283092625
TRN-0572,9.7781,45.8148,36.6675,50.8468,7.8509,8.7594,9.9697,30.3101,16.5207,Valid,0.3814411362580934,0.3814411362580934,0.2276256573741099,2,0,0,0,0,0,0,0,7.8509,8.7594,9.9697,30.3101,447.98169588,2.1187999999999994,1.2103000000000002,0.9084999999999992,1.2698782688885746,15.692873734343252,0.8278262656567499,0.8278262656567499
TRN-0377,25.8767,71.6325,26.5204,14.8354,16.5446,15.9533,20.6098,49.2504,24.5441,Valid,-0.2074078400530723,0.2074078400530723,-0.1242140599482151,0,0,0,0,0,0,0,0,16.5446,15.9533,20.6098,49.2504,1853.61271275,4.065200000000001,4.656499999999999,-0.5912999999999986,1.2457108387565499,25.456553602434003,-0.9124536024340024,0.9124536024340024
TRN-0402,20.3494,47.6153,20.0764,38.3104,14.6877,18.0815,16.1271,60.5635,17.3125,Invalid,-0.2991738775932262,0.2991738775932262,-0.1790446498053608,1,0,0,0,0,0,0,0,14.6877,18.0815,16.1271,60.5635,968.9427858199999,1.4393999999999991,-1.9543999999999997,3.393799999999999,1.0979996200905382,18.0592708191124,-0.746770819112399,0.746770819112399
TRN-0692,21.0089,88.0631,36.4225,28.2623,24.9495,16.0915,18.8807,56.9598,33.5906,Invalid,-0.0572785810987213,0.0572785810987213,-0.0345112020724861,0,0,0,0,0,0,0,0,24.9495,16.0915,18.8807,56.9598,1850.10886159,-6.0687999999999995,2.789200000000001,-8.858,0.7567563451145934,35.08516203872736,-1.4945620387273593,1.4945620387273593
TRN-0524,26.783,33.5773,29.6182,6.2275,14.7745,13.1842,19.3179,34.1612,18.9352,Valid,-0.0642369838319538,0.0642369838319538,-0.038668876704125,1,0,0,0,0,0,0,0,14.7745,13.1842,19.3179,34.1612,899.3008259000001,4.543400000000002,6.133700000000001,-1.5902999999999992,1.307515443828594,19.771282303989558,-0.83608230398956,0.83608230398956
TRN-0686,17.2166,40.7619,36.5746,56.3485,10.9047,10.5972,13.8475,47.2079,17.7028,Valid,-0.506992399727725,0.506992399727725,-0.3032170828461669,1,0,0,0,0,0,0,0,10.9047,10.5972,13.8475,47.2079,701.7813275399999,2.9428,3.2502999999999993,-0.3074999999999992,1.269864122934035,18.656934891051115,-0.9541348910511154,0.9541348910511154
TRN-0479,19.153,39.1288,27.4245,59.066,14.4508,18.5147,15.8739,49.9218,18.1799,Invalid,0.4404040854466871,0.4404040854466871,0.262856265237208,1,0,0,0,0,0,0,0,14.4508,18.5147,15.8739,49.9218,749.4339064,1.4231000000000016,-2.6408000000000005,4.063900000000002,1.098478216792,18.649126761621364,-0.4692267616213641,0.4692267616213641
TRN-0731,13.9035,89.1543,36.5661,28.288,11.6396,13.7202,13.5417,53.827,31.8838,Valid,-0.6970688327901833,0.6970688327901833,-0.4167885437278303,0,0,0,0,0,0,0,0,11.6396,13.7202,13.5417,53.827,1239.55681005,1.9021000000000008,-0.17849999999999966,2.0806000000000004,1.1634152690682937,33.85369295609243,-1.9698929560924299,1.9698929560924299
TRN-0099,20.2736,98.1302,26.7456,46.5455,15.4839,16.3896,19.0144,42.5996,38.4013,Valid,0.0302857648322856,0.0302857648322856,0.0178088595380133,2,0,0,0,0,0,0,0,15.4839,16.3896,19.0144,42.5996,1989.45242272,3.530499999999998,2.624799999999997,0.9057000000000013,1.2280102377241924,39.532652105917656,-1.1313521059176566,1.1313521059176566
TRN-0817,10.3326,92.2829,31.1727,49.2921,10.5226,12.7387,12.1273,45.9361,32.0033,Valid,-0.2002235048592684,0.2002235048592684,-0.1199213897298312,2,0,0,0,0,0,0,0,10.5226,12.7387,12.1273,45.9361,953.52229254,1.6046999999999993,-0.6113999999999997,2.216099999999999,1.1524992373565113,32.26416383146121,-0.26086383146120795,0.26086383146120795
TRN-0277,27.884,80.7621,35.9598,51.4908,18.1225,17.7811,22.8208,31.7943,32.0756,Valid,-0.2157752905632932,0.2157752905632932,-0.1292136464986874,1,0,0,0,0,0,0,0,18.1225,17.7811,22.8208,31.7943,2251.9703964,4.6983,5.0397,-0.34140000000000015,1.2592516158081855,31.990792956220815,0.08480704377918613,0.08480704377918613
TRN-0493,20.1257,27.8475,37.8216,40.1598,11.5988,10.7917,15.3087,48.7406,18.2107,Valid,0.1056086523533093,0.1056086523533093,0.0628145987333448,2,0,0,0,0,0,0,0,11.5988,10.7917,15.3087,48.7406,560.45043075,3.7098999999999993,4.5169999999999995,-0.8071000000000002,1.319850915740494,17.481683312672693,0.7290166873273058,0.7290166873273058
TRN-0726,20.0636,36.2696,21.0752,16.9709,11.9,10.664,15.1836,52.3788,16.4284,Valid,-0.053246428056731,0.053246428056731,-0.0321019738262532,2,0,0,0,0,0,0,0,11.9,10.664,15.1836,52.3788,727.69874656,3.2836,4.5196000000000005,-1.2360000000000007,1.2759317008977304,15.491050007137684,0.9373499928623161,0.9373499928623161
TRN-0330,26.031,19.3516,38.3725,38.5153,13.8593,12.1453,18.3326,50.1899,19.5005,Valid,-0.261157372965993,0.261157372965993,-0.1563296298601441,1,0,0,0,0,0,0,0,13.8593,12.1453,18.3326,50.1899,503.7414996,4.4733,6.187299999999999,-1.7139999999999986,1.3227642645990314,19.39738906360954,0.10311093639045765,0.10311093639045765
TRN-0117,23.1148,32.8453,34.0878,15.1929,13.1449,11.8919,17.2516,51.8169,18.1669,Valid,0.0135893743652957,0.0135893743652957,0.0078326966532456,2,0,0,0,0,0,0,0,13.1449,11.8919,17.2516,51.8169,759.21254044,4.1067,5.3597,-1.2530000000000001,1.3124167453409723,18.542822968157754,-0.37592296815775583,0.37592296815775583
TRN-0840,8.9498,57.5485,34.0731,6.2441,7.4276,8.9841,9.0359,49.734,15.7433,Valid,-0.044444967606811,0.044444967606811,-0.0268430645281124,0,0,0,0,0,0,0,0,7.4276,8.9841,9.0359,49.734,515.0475653,1.6082999999999998,0.05180000000000007,1.5564999999999998,1.216528600720824,15.227552002283574,0.5157479977164261,0.5157479977164261
TRN-0640,11.8036,103.8967,40.1589,32.5814,14.9657,18.8878,13.5683,61.162,44.2449,Invalid,-0.2324939127180147,0.2324939127180147,-0.1392030929095233,0,0,0,0,0,0,0,0,14.9657,18.8878,13.5683,61.162,1226.35508812,-1.3973999999999993,-5.319499999999998,3.9220999999999986,0.9066258800952312,44.555930742494965,-0.3110307424949639,0.3110307424949639
TRN-0576,9.2718,33.9917,26.1932,21.3669,6.3612,6.8259,8.2625,60.8207,12.9188,Valid,-0.0583738006821796,0.0583738006821796,-0.0351656003378339,0,0,0,0,0,0,0,0,6.3612,6.8259,8.2625,60.8207,315.16424406000004,1.901299999999999,1.4365999999999994,0.46469999999999967,1.298888104621605,13.945769320203663,-1.0269693202036638,1.0269693202036638
TRN-0815,19.7839,44.4744,35.2429,41.0408,12.316,11.8512,16.0196,42.8264,18.7609,Valid,0.0673619246273897,0.0673619246273897,0.0399620195272284,1,0,0,0,0,0,0,0,12.316,11.8512,16.0196,42.8264,879.87708216,3.7036,4.1684,-0.4648000000000003,1.3007134615837435,19.03665836736462,-0.2757583673646202,0.2757583673646202
TRN-0048,14.4827,83.324,29.2952,44.22,12.0149,13.4732,14.4046,38.866,27.2094,Valid,0.0296680590034146,0.0296680590034146,0.0174397777310281,0,0,0,0,0,0,0,0,12.0149,13.4732,14.4046,38.866,1206.7564948,2.3896999999999995,0.9314,1.4582999999999995,1.198893707901266,25.707409545267783,1.5019904547322156,1.5019904547322156
TRN-0783,21.1949,108.7053,26.2056,47.5161,16.633,17.8845,20.0756,,48.7174,Valid,0.0413057110815948,0.0413057110815948,0.0243933233466339,0,0,0,0,1,0,0,0,16.633,17.8845,20.0756,49.4543,2303.99796297,3.4426000000000023,2.1911000000000023,1.2515,1.2069733620072376,48.503969488242674,0.21343051175732342,0.21343051175732342
TRN-0632,31.9735,69.2267,37.9105,34.68,19.336,18.1544,24.6004,45.4908,29.468,Valid,-0.4328547371678333,0.4328547371678333,-0.2589195205044327,2,0,0,0,0,0,0,0,19.336,18.1544,24.6004,45.4908,2213.4198924499997,5.264400000000002,6.4460000000000015,-1.1815999999999995,1.272258340784888,29.48069221591381,-0.01269221591380898,0.01269221591380898
TRN-0766,23.4755,92.6999,25.5168,7.1791,16.4879,16.7331,19.9848,48.9082,34.1003,Valid,-0.25772676622746,0.25772676622746,-0.1542798280371182,1,0,0,0,0,0,0,0,16.4879,16.7331,19.9848,48.9082,2176.17650245,3.4969,3.2516999999999996,0.24520000000000053,1.2120881300298219,34.389120074169,-0.2888200741690028,0.2888200741690028
TRN-0241,17.2696,76.3134,34.1474,6.8534,12.628,13.5151,15.3496,45.6354,25.6781,Valid,-0.086432007025035,0.086432007025035,-0.0519304955578012,0,0,0,0,0,0,0,0,12.628,13.5151,15.3496,45.6354,1317.9018926400001,2.7216000000000005,1.8345000000000002,0.8871000000000002,1.2155201017420798,26.08421848496415,-0.40611848496414993,0.40611848496414993
TRN-0810,23.8527,97.2547,35.4709,33.6235,17.4008,17.9167,21.4636,64.1445,41.3538,Valid,0.3872176811222267,0.3872176811222267,0.2310771670036731,1,0,0,0,0,0,0,0,17.4008,17.9167,21.4636,64.1445,2319.78718269,4.062799999999999,3.546900000000001,0.5158999999999985,1.2334828091335979,39.91397168722043,1.439828312779568,1.439828312779568
TRN-0301,31.3955,107.7199,28.1927,21.7747,19.3311,28.0601,26.6706,41.9273,51.0155,Invalid,0.311214500561114,0.311214500561114,0.1856649498818268,1,0,0,0,0,0,0,0,19.3311,28.0601,26.6706,41.9273,3381.9201204499996,7.339500000000001,-1.3894999999999982,8.729,1.3796724554358235,50.40527253862833,0.6102274613716716,0.6102274613716716
TRN-0984,28.7539,86.5251,31.709,38.5884,19.0654,18.6212,23.9913,43.3456,34.1487,Valid,0.2309241035917502,0.2309241035917502,0.1376911030894527,1,0,0,0,0,0,0,0,19.0654,18.6212,23.9913,43.3456,2487.93407289,4.925899999999999,5.370099999999997,-0.4441999999999986,1.2583679029194756,33.33514083434314,0.813559165656855,0.813559165656855
TRN-0054,30.4531,88.0644,32.0545,34.9604,19.8072,19.2231,24.8046,80.5923,35.5919,Valid,-0.0864114367512982,0.0864114367512982,-0.0519182047335187,0,0,0,0,0,0,0,0,19.8072,19.2231,24.8046,80.5923,2681.83397964,4.997399999999999,5.581500000000002,-0.584100000000003,1.2523015608962595,35.512899673091646,0.07900032690835701,0.07900032690835701
TRN-0866,10.0427,38.7344,30.3281,48.4402,0.0,7.9897,9.259,30.3878,14.4958,Invalid,-0.0213344281090837,0.0213344281090837,-0.0130344208670762,1,0,0,0,0,0,0,0,0.0,7.9897,9.259,30.3878,388.99795888,9.259,1.2693000000000003,7.9897,925900.0,15.005133956604089,-0.50933395660409,0.50933395660409
TRN-0180,16.0409,26.3495,35.8273,56.5978,9.5647,9.0462,12.8008,33.9355,16.4986,Valid,0.1428894346209528,0.1428894346209528,0.0850900215026484,2,0,0,0,0,0,0,0,9.5647,9.0462,12.8008,33.9355,422.66969455,3.2361000000000004,3.7546,-0.5184999999999995,1.3383364472106316,16.52863368501205,-0.03003368501205017,0.03003368501205017
TRN-0832,26.5757,84.5292,46.3478,32.8302,17.8573,17.963,22.2743,74.1483,37.7818,Valid,0.0439633337184695,0.0439633337184695,0.0259812639475755,0,0,0,0,0,0,0,0,17.8573,17.963,22.2743,74.1483,2246.42266044,4.417000000000002,4.311299999999999,0.10570000000000235,1.247349124812192,36.61391509695339,1.1678849030466054,1.1678849030466054
TRN-0979,9.6624,74.2431,42.9247,42.6739,9.1369,11.4155,10.8367,67.7177,25.671,Valid,-0.0669176383192908,0.0669176383192908,-0.040270578931701,2,0,0,0,0,0,0,0,9.1369,11.4155,10.8367,67.7177,717.36652944,1.6997999999999998,-0.5787999999999993,2.278599999999999,1.1860355415561716,25.419546288344176,0.25145371165582375,0.25145371165582375
TRN-0070,27.0056,63.4253,35.9462,35.4084,16.9847,16.1667,21.572,53.3195,27.8043,Valid,0.1340224400010079,0.1340224400010079,0.0797919552648098,0,0,0,0,0,0,0,0,16.9847,16.1667,21.572,53.3195,1712.8382816800001,4.587299999999999,5.4053,-0.8180000000000014,1.2700835045167094,27.840309534345383,-0.03600953434538212,0.03600953434538212
TRN-0169,15.1614,82.0274,25.1007,7.2104,11.8337,13.0679,14.1548,62.8403,24.6253,Valid,-0.1562666746524446,0.1562666746524446,-0.0936570004950238,0,0,0,0,0,0,0,0,11.8337,13.0679,14.1548,62.8403,1243.65022236,2.3210999999999995,1.0869,1.2341999999999995,1.1961422073043873,24.58602879896163,0.039271201038367565,0.039271201038367565
TRN-0599,19.5873,19.6865,35.3793,12.1957,10.6163,9.7921,14.0789,51.5171,16.4383,Valid,-0.1721332049186958,0.1721332049186958,-0.1031373184514806,2,0,0,0,0,0,0,0,10.6163,9.7921,14.0789,51.5171,385.60538145,3.4626,4.286800000000001,-0.8242000000000012,1.3261575820600566,16.281981662148052,0.1563183378519497,0.1563183378519497
TRN-0998,21.6903,73.4161,34.7918,25.7828,14.9436,15.1886,18.7858,31.6359,26.9214,Valid,0.3254551346910013,0.3254551346910013,0.1941737881210268,0,0,0,0,0,0,0,0,14.9436,15.1886,18.7858,31.6359,1592.41723383,3.8421999999999983,3.597199999999999,0.24499999999999922,1.257112571861819,27.70929269511395,-0.7878926951139533,0.7878926951139533
TRN-0016,19.1531,67.5403,44.1923,16.6557,12.8284,13.5424,15.9988,42.3271,27.0879,Valid,-0.4499649577694704,0.4499649577694704,-0.2691429486192528,2,0,0,0,0,0,0,0,12.8284,13.5424,15.9988,42.3271,1293.60611993,3.170399999999999,2.4563999999999986,0.7140000000000004,1.2471381878190673,25.38883585136619,1.6990641486338127,1.6990641486338127
TRN-0314,17.1067,61.6249,24.8072,10.2851,11.5329,11.9072,14.219,51.8342,17.309,Valid,-0.3302098909298774,0.3302098909298774,-0.1975887971138702,0,0,0,0,0,0,0,0,11.5329,11.9072,14.219,51.8342,1054.1986768299998,2.6860999999999997,2.3118,0.37429999999999986,1.2329065257597607,18.042872540387528,-0.7338725403875266,0.7338725403875266
TRN-0628,17.3905,47.9269,26.7059,58.6967,11.6212,11.3781,15.0085,44.1,17.744,Valid,0.4117842701569465,0.4117842701569465,0.2457558063310208,2,0,0,0,0,0,0,0,11.6212,11.3781,15.0085,44.1,833.47275445,3.3872999999999998,3.6304,-0.2431000000000001,1.2914748120032251,18.060248936977025,-0.3162489369770256,0.3162489369770256
TRN-0586,9.8497,48.8292,49.9941,41.9037,8.1285,9.5477,10.1542,69.9002,21.5495,Valid,0.3084945292641041,0.3084945292641041,0.1840397556966219,2,0,0,0,0,0,0,0,8.1285,9.5477,10.1542,69.9002,480.95297124,2.0256999999999987,0.6064999999999987,1.4192,1.2492080344368155,20.54455899193115,1.0049410080688475,1.0049410080688475
TRN-0145,29.3082,105.8771,43.4125,9.8873,19.8704,20.2378,24.6602,46.3785,52.9031,Valid,-0.159550295844209,0.159550295844209,-0.095618977841306,1,0,0,0,0,0,0,0,19.8704,20.2378,24.6602,46.3785,3103.06722222,4.7898,4.4224,0.36739999999999995,1.2410513924976887,52.63399125888059,0.2691087411194104,0.2691087411194104
TRN-0370,27.8564,48.3216,33.5844,18.1832,16.3613,14.9818,20.9924,31.3304,21.3731,Valid,-0.0565840599490954,0.0565840599490954,-0.0340962227912288,2,0,0,0,0,0,0,0,16.3613,14.9818,20.9924,31.3304,1346.06581824,4.6311,6.0106,-1.3795000000000002,1.2830512960148057,21.1483982708855,0.22470172911449993,0.22470172911449993
TRN-0122,31.8857,49.6381,38.1437,28.7934,18.1299,16.4775,23.5738,47.1112,23.0595,Valid,-0.1755460417412102,0.1755460417412102,-0.1051765026756307,0,0,0,0,0,0,0,0,18.1299,16.4775,23.5738,47.1112,1582.74556517,5.443899999999999,7.096299999999999,-1.6524,1.3002712092889595,23.49728411117701,-0.43778411117700955,0.43778411117700955
TRN-0374,23.1221,109.7203,46.3794,39.7795,17.8087,19.0765,21.4412,50.6761,57.1092,Valid,0.0687062941524097,0.0687062941524097,0.0407652859209698,0,0,0,0,0,0,0,0,17.8087,19.0765,21.4412,50.6761,2536.96374863,3.6324999999999967,2.364699999999999,1.2677999999999976,1.2039726628149932,55.27353536010304,1.8356646398969616,1.8356646398969616
TRN-0878,13.9113,105.5919,33.6955,36.2678,10.5031,20.7532,15.6068,41.2921,45.3496,Invalid,0.4540753876067551,0.4540753876067551,0.2710249252518,2,0,0,0,0,0,0,0,10.5031,20.7532,15.6068,41.2921,1468.92059847,5.1037,-5.1464,10.2501,1.4859217888796747,47.441751262042466,-2.0921512620424636,2.0921512620424636
TRN-0847,10.5879,24.4649,37.1274,49.8712,6.8628,7.1306,8.9615,28.1238,14.8242,Valid,-0.1864305404250252,0.1864305404250252,-0.1116800359994028,1,0,0,0,0,0,0,0,6.8628,7.1306,8.9615,28.1238,259.03191470999997,2.098699999999999,1.8308999999999989,0.26780000000000026,1.305806222232584,14.563799353321969,0.26040064667803087,0.26040064667803087
TRN-0540,31.2972,94.3311,29.0551,52.1742,20.9992,20.3502,26.3378,36.4869,39.5278,Valid,0.4211604104187003,0.4211604104187003,0.25135808921166,1,0,0,0,0,0,0,0,20.9992,20.3502,26.3378,36.4869,2952.29930292,5.338600000000003,5.9876000000000005,-0.6489999999999974,1.2542281352488978,40.43749399329929,-0.9096939932992925,0.9096939932992925
TRN-0808,9.5961,62.7447,45.4544,7.0814,,10.0403,9.9205,53.4667,23.8244,Invalid,-0.0937451968294347,0.0937451968294347,-0.0563001569430064,0,1,0,0,0,1,0,0,13.627749999999999,10.0403,9.9205,53.4667,602.10441567,-3.7072499999999984,-0.11979999999999968,-3.5874499999999987,0.7279626292215303,23.045363920770747,0.7790360792292539,0.7790360792292539
TRN-0886,9.5103,41.0171,26.1524,39.0628,7.2008,7.5552,8.7786,40.1126,14.0527,Valid,-0.2393351006570334,0.2393351006570334,-0.143290731213137,1,0,0,0,0,0,0,0,7.2008,7.5552,8.7786,40.1126,390.08492613000004,1.5778000000000008,1.2234000000000007,0.35440000000000005,1.2191128498043973,15.012759877221491,-0.9600598772214912,0.9600598772214912
TRN-0510,27.9197,27.1864,27.2906,49.5003,15.25,13.1347,20.14,44.8598,19.6898,Valid,-0.1147167029178106,0.1147167029178106,-0.0688307192277212,1,0,0,0,0,0,0,0,15.25,13.1347,20.14,44.8598,759.0361320799999,4.890000000000001,7.0053,-2.1152999999999995,1.3206548717017235,19.46679803622045,0.22300196377955217,0.22300196377955217
TRN-0418,11.9313,52.7544,42.8991,27.5887,8.9263,9.9342,11.1392,55.1761,17.4674,Valid,-0.0106183989658124,0.0106183989658124,-0.0066315487958611,1,0,0,0,0,0,0,0,8.9263,9.9342,11.1392,55.1761,629.4285727199999,2.212900000000001,1.205,1.0079000000000011,1.2479064697506586,18.03026855358936,-0.5628685535893574,0.5628685535893574
TRN-0850,13.3815,37.7292,31.756,45.366,9.0567,9.3006,11.7747,78.4565,16.029,Valid,0.2315678133843288,0.2315678133843288,0.1380757223731225,1,0,0,0,0,0,0,0,9.0567,9.3006,11.7747,78.4565,504.8732898,2.718,2.4741,0.2439,1.30010787581804,15.805640216958562,0.22335978304143822,0.22335978304143822
TRN-0532,26.879,60.1489,22.0906,13.677,16.0546,14.7739,20.373,64.638,20.069,Valid,-0.6029499596034817,0.6029499596034817,-0.3605521247666365,0,0,0,0,0,0,0,0,16.0546,14.7739,20.373,64.638,1616.7422831000001,4.3184000000000005,5.599100000000002,-1.2807000000000013,1.2689813081725436,20.958738590533173,-0.8897385905331738,0.8897385905331738
TRN-0361,27.8914,24.7733,29.776,10.3938,14.7921,12.5916,19.7028,52.313,18.6118,Valid,-0.1682483513742987,0.1682483513742987,-0.1008161022689173,0,0,0,0,0,0,0,0,14.7921,12.5916,19.7028,52.313,690.96201962,4.9107,7.1112,-2.2005,1.3319803597999205,18.988146677500353,-0.37634667750035433,0.37634667750035433
TRN-0161,16.1451,82.5904,26.857,31.5841,12.7468,13.7874,15.18,73.8668,26.1738,Valid,-0.226768849886028,0.226768849886028,-0.1357823440087146,2,0,0,0,0,0,0,0,12.7468,13.7874,15.18,73.8668,1333.43026704,2.4331999999999994,1.3925999999999998,1.0405999999999995,1.190886190348801,25.11134411306063,1.0624558869393717,1.0624558869393717
TRN-0110,24.5955,66.6176,38.2375,53.1687,16.1615,15.8666,20.7128,41.1122,27.8569,Valid,0.4868553541705438,0.4868553541705438,0.2906110918812961,1,0,0,0,0,0,0,0,16.1615,15.8666,20.7128,41.1122,1638.4931808,4.551300000000001,4.846200000000001,-0.29490000000000016,1.281612918594859,28.359568617515343,-0.5026686175153436,0.5026686175153436
TRN-0175,12.5344,101.6442,32.2129,53.5995,12.1063,14.2966,14.2216,,40.8855,Valid,0.0547211815616091,0.0547211815616091,0.0324091228662377,0,0,0,0,1,0,0,0,12.1063,14.2966,14.2216,49.4543,1274.04906048,2.1153000000000013,-0.07499999999999929,2.1903000000000006,1.1747262378049135,39.75860378250274,1.1268962174972614,1.1268962174972614
TRN-0616,20.4904,26.5967,26.2294,14.7813,11.3379,9.9378,14.7259,55.1477,16.6078,Valid,-0.3543350545132657,0.3543350545132657,-0.2120036828944456,0,0,0,0,0,0,0,0,11.3379,9.9378,14.7259,55.1477,544.97702168,3.388,4.7881,-1.4001000000000001,1.298819623722538,15.73920081869699,0.8685991813030114,0.8685991813030114
TRN-0119,15.6102,75.703,26.1544,13.7047,11.7033,12.5963,13.9901,50.7214,22.7052,Valid,-0.3652169479371689,0.3652169479371689,-0.2185056595645632,0,0,0,0,0,0,0,0,11.7033,12.5963,13.9901,50.7214,1181.7389706000001,2.2867999999999995,1.3938000000000006,0.8929999999999989,1.1953968578120207,22.74484505685183,-0.039645056851828286,0.039645056851828286
TRN-0635,28.8943,84.908,34.2153,18.1794,18.634,18.1477,23.4368,56.8268,33.4142,Valid,-0.1105393001127588,0.1105393001127588,-0.0663347036427433,1,0,0,0,0,0,0,0,18.634,18.1477,23.4368,56.8268,2453.3572244,4.802800000000001,5.289100000000001,-0.48629999999999995,1.2577432340113588,34.17141462712995,-0.7572146271299474,0.7572146271299474
TRN-0278,15.1906,103.8022,32.8666,43.5159,13.434,15.3229,15.801,70.573,43.6644,Valid,-0.0886730459348061,0.0886730459348061,-0.0532695256457224,0,0,0,0,0,0,0,0,13.434,15.3229,15.801,70.573,1576.81769932,2.367000000000001,0.4780999999999995,1.8889000000000014,1.1761938542549844,42.47698148970505,1.187418510294954,1.187418510294954
TRN-0225,27.9293,38.0633,39.1615,20.9747,18.3877,21.4138,20.7639,64.6651,21.316,Invalid,0.0471627578031004,0.0471627578031004,0.0278929331714614,0,0,0,0,0,0,0,0,18.3877,21.4138,20.7639,64.6651,1063.08132469,2.3762000000000008,-0.6498999999999988,3.0260999999999996,1.1292270761285663,20.441951270175075,0.8740487298249242,0.8740487298249242
TRN-0959,29.2834,96.4813,26.6221,29.2271,19.7453,19.3891,24.716,44.6016,39.9414,Valid,0.1554321526917483,0.1554321526917483,0.092584347820625,0,0,0,0,0,0,0,0,19.7453,19.3891,24.716,44.6016,2825.3005004200004,4.970700000000001,5.326900000000002,-0.3562000000000012,1.251740286680736,39.75106132234819,0.190338677651809,0.190338677651809
TRN-0349,26.5322,71.4206,39.4889,58.2879,23.7994,17.0447,22.0266,49.1332,29.6685,Invalid,-0.0580413044275225,0.0580413044275225,-0.0349669324400273,2,0,0,0,0,0,0,0,23.7994,17.0447,22.0266,49.1332,1894.9456433199998,-1.7728000000000002,4.9818999999999996,-6.7547,0.9255103382814952,29.35122413505808,0.31727586494192295,0.31727586494192295
TRN-0159,11.4085,75.1307,29.9009,40.9165,9.9183,11.561,11.6384,20.9754,22.5737,Valid,-0.3805234664434742,0.3805234664434742,-0.2276513681606524,1,0,0,0,0,0,0,0,9.9183,11.561,11.6384,20.9754,857.1285909500001,1.7201000000000004,0.0774000000000008,1.6426999999999996,1.1734257146630829,21.429111931159824,1.144588068840175,1.144588068840175
TRN-0032,9.6771,40.9333,42.7255,56.3017,7.5451,8.5237,9.7694,29.2837,16.8355,Valid,0.2608427194211433,0.2608427194211433,0.1555676007307195,1,0,0,0,0,0,0,0,7.5451,8.5237,9.7694,29.2837,396.11563743,2.2242999999999995,1.2456999999999994,0.9786000000000001,1.2947988829851387,17.07890816270678,-0.2434081627067819,0.2434081627067819
TRN-0344,9.1303,20.5699,37.6841,25.2845,5.7455,6.2235,7.4901,51.5441,13.3281,Valid,-0.1010379535245649,0.1010379535245649,-0.0606576094602699,2,0,0,0,0,0,0,0,5.7455,6.2235,7.4901,51.5441,187.80935797,1.7446000000000002,1.2666000000000004,0.47799999999999976,1.3036440629291395,13.623628143962756,-0.2955281439627573,0.2955281439627573
TRN-0391,14.6069,39.0401,34.8904,19.468,9.4995,9.5566,11.9096,63.8012,16.4488,Valid,-0.0460404715378679,0.0460404715378679,-0.0277963847760414,2,0,0,0,0,0,0,0,9.4995,9.5566,11.9096,63.8012,570.25483669,2.4101,2.3529999999999998,0.05710000000000015,1.2537067701386704,16.44980980036272,-0.0010098003627199148,0.0010098003627199148
TRN-0651,16.53,103.9792,43.4328,46.9103,14.2198,16.2414,17.0286,37.4711,46.9167,Valid,0.1208218205531785,0.1208218205531785,0.0719045301323094,1,0,0,0,0,0,0,0,14.2198,16.2414,17.0286,37.4711,1718.7761760000003,2.8088000000000015,0.7872000000000021,2.0215999999999994,1.1975265492295608,43.6633926988628,3.2533073011371982,3.2533073011371982
TRN-0538,31.3956,65.9954,44.7277,20.6592,18.6968,17.6704,24.1282,24.3526,31.1325,Valid,-0.1952594756158454,0.1952594756158454,-0.11695536156973,2,0,0,0,0,0,0,0,18.6968,17.6704,24.1282,24.3526,2071.9651802400003,5.4314,6.457799999999999,-1.0263999999999989,1.290498218680085,29.72062162416212,1.4118783758378797,1.4118783758378797
TRN-0264,8.8333,97.192,40.8705,59.4113,10.141,12.7958,11.5139,62.4186,38.2856,Valid,-0.1711532663747359,0.1711532663747359,-0.1025518010876567,1,0,0,0,0,0,0,0,10.141,12.7958,11.5139,62.4186,858.5260935999999,1.3728999999999996,-1.2819000000000003,2.6548,1.1353800065279493,34.12794781778633,4.157652182213674,4.157652182213674
TRN-0804,25.5109,94.6061,39.9882,26.6325,17.7896,18.352,22.0215,48.7888,41.155,Valid,-0.0196695620587128,0.0196695620587128,-0.0120396564637966,0,0,0,0,0,0,0,0,17.7896,18.352,22.0215,48.7888,2413.48675649,4.2318999999999996,3.6694999999999993,0.5624000000000002,1.237885484841995,40.60078763397464,0.5542123660253608,0.5542123660253608
TRN-0875,11.8252,52.265,18.0,26.9784,8.6729,9.2711,10.5035,55.0555,14.5475,Valid,-0.3639727007647639,0.3639727007647639,-0.2177622166937603,0,0,0,0,0,0,0,0,8.6729,9.2711,10.5035,55.0555,618.044078,1.8306000000000004,1.2324000000000002,0.5982000000000003,1.2110698715886594,14.597313379951093,-0.04981337995109314,0.04981337995109314
TRN-0179,13.3176,109.6532,40.8517,50.3689,12.994,15.6239,15.2389,55.4972,51.3991,Valid,0.0503217203911123,0.0503217203911123,0.0297804264824978,1,0,0,0,0,0,0,0,12.994,15.6239,15.2389,55.4972,1460.31745632,2.2448999999999995,-0.38500000000000156,2.629900000000001,1.1727634502359163,49.57153569334652,1.8275643066534784,1.8275643066534784
TRN-0664,27.1883,36.0978,23.5129,49.3863,15.2966,13.4176,19.7864,44.9089,19.4155,Valid,-0.4235269543708959,0.4235269543708959,-0.2533461314105468,1,0,0,0,0,0,0,0,15.2966,13.4176,19.7864,44.9089,981.43781574,4.489800000000001,6.3688,-1.8789999999999996,1.2935153605929681,19.57601784244961,-0.16051784244960743,0.16051784244960743
TRN-0848,23.3547,85.3049,34.0201,57.2993,16.2814,16.6584,20.1503,56.7314,32.1656,Valid,-0.2386424296200608,0.2386424296200608,-0.1428768573819002,0,0,0,0,0,0,0,0,16.2814,16.6584,20.1503,56.7314,1992.2703480300002,3.8689,3.491900000000001,0.3769999999999989,1.2376262252470762,34.0504803838175,-1.884880383817503,1.884880383817503
TRN-0319,20.7606,77.2405,28.7917,13.6383,14.1857,14.6874,17.3806,53.6133,25.6472,Valid,-0.3937694963753699,0.3937694963753699,-0.2355659262466267,0,0,0,0,0,0,0,0,14.1857,14.6874,17.3806,53.6133,1603.5591243,3.1949000000000005,2.693200000000001,0.5016999999999996,1.225218899864723,26.350704397808354,-0.7035043978083522,0.7035043978083522
TRN-0897,11.6323,73.824,34.9155,48.3119,10.4622,11.8497,12.5183,54.2381,24.3359,Valid,0.3900653197678689,0.3900653197678689,0.2327786429617283,0,0,0,0,0,0,0,0,10.4622,11.8497,12.5183,54.2381,858.7429152000001,2.0561000000000007,0.6685999999999996,1.387500000000001,1.1965253995092817,24.36059027984858,-0.024690279848581298,0.024690279848581298
TRN-0617,15.1971,52.9502,39.526,51.7112,11.2222,11.7197,14.243,74.3364,19.2716,Valid,0.8019749879599498,0.8019749879599498,0.4788963863038701,2,0,0,0,0,0,0,0,11.2222,11.7197,14.243,74.3364,804.6894844200001,3.0207999999999995,2.5233000000000008,0.4974999999999987,1.2691796000965943,19.10687803929438,0.16472196070562006,0.16472196070562006
TRN-0066,25.2849,50.1209,35.0471,10.259,14.9101,14.074,19.4972,36.2356,20.1216,Valid,0.1454696055946982,0.1454696055946982,0.0866316844120972,2,0,0,0,0,0,0,0,14.9101,14.074,19.4972,36.2356,1267.30194441,4.5870999999999995,5.4232,-0.8361000000000001,1.307649641753146,20.340801759108814,-0.21920175910881312,0.21920175910881312
TRN-0329,15.2564,63.7462,31.7923,10.5219,10.7028,11.4641,13.1068,58.1291,21.3423,Valid,-0.4583254479869296,0.4583254479869296,-0.2741383763657936,0,0,0,0,0,0,0,0,10.7028,11.4641,13.1068,58.1291,972.5375256799999,2.404,1.6426999999999996,0.7613000000000003,1.2246129754709278,21.598879313010368,-0.2565793130103664,0.2565793130103664
TRN-0512,13.4272,55.4707,35.9373,17.5331,9.7561,10.4939,12.1206,55.9888,20.0655,Invalid,0.0338693632120925,0.0338693632120925,0.0199500745042795,0,0,0,0,0,0,0,0,9.7561,10.4939,12.1206,55.9888,744.8161830399999,2.3644999999999996,1.6266999999999996,0.7378,1.2423599159911072,17.906956017780022,2.158543982219978,2.158543982219978
TRN-0559,26.2772,84.5838,38.358,28.6853,17.5264,17.5087,21.6766,74.9606,34.3654,Valid,-0.2794562612500755,0.2794562612500755,-0.1672632918688935,1,0,0,0,0,0,0,0,17.5264,17.5087,21.6766,74.9606,2222.62542936,4.150200000000002,4.1678999999999995,-0.01769999999999783,1.2367963547583334,35.07531392873769,-0.7099139287376914,0.7099139287376914
TRN-0843,23.3537,79.7753,25.0997,53.661,16.2534,16.1519,19.9649,35.1917,27.2341,Valid,-0.1739577750245722,0.1739577750245722,-0.1042275066934774,1,0,0,0,0,0,0,0,16.2534,16.1519,19.9649,35.1917,1863.04842361,3.711500000000001,3.812999999999999,-0.10149999999999793,1.2283514659385324,27.15221493784284,0.08188506215716274,0.08188506215716274
TRN-0080,29.3998,97.6878,34.4117,41.896,19.8876,19.9085,24.822,54.2529,43.3474,Valid,0.0507887331088241,0.0507887331088241,0.0300594685275651,1,0,0,0,0,0,0,0,19.8876,19.9085,24.822,54.2529,2872.0017824399997,4.9344,4.913499999999999,0.02090000000000103,1.248113775360639,42.88160417555911,0.46579582444088885,0.46579582444088885
TRN-0401,26.451,76.411,34.296,47.7037,17.666,17.209,13.7836,54.1006,30.3139,Invalid,-8.205978683552658,8.205978683552658,-4.903393472280875,2,0,0,0,0,0,0,0,17.666,17.209,13.7836,54.1006,2021.147361,-3.8824000000000005,-3.4254,-0.45700000000000074,0.7802327746899271,28.94030224996793,1.3735977500320686,1.3735977500320686
TRN-0384,16.7072,31.9859,25.408,37.7306,10.1169,9.5467,13.0626,50.9706,15.7683,Valid,-0.1746787578216047,0.1746787578216047,-0.1046582969193368,1,0,0,0,0,0,0,0,10.1169,9.5467,13.0626,50.9706,534.39482848,2.9457000000000004,3.5159000000000002,-0.5701999999999998,1.2911649901007325,15.842947524934269,-0.07464752493426907,0.07464752493426907
TRN-0047,29.1083,58.7199,37.1572,10.9987,17.5282,16.4304,22.4226,49.4021,23.1457,Valid,0.1298499743747854,0.1298499743747854,0.0772988896647577,2,0,0,0,0,0,0,0,17.5282,16.4304,22.4226,49.4021,1709.23646517,4.894400000000001,5.9922,-1.0977999999999994,1.2792293109222221,23.32594842561395,-0.18024842561395005,0.18024842561395005
TRN-0938,26.2329,96.5506,33.0648,48.832,18.6651,18.7209,22.8946,34.729,41.4065,Valid,0.158233135567329,0.158233135567329,0.0942579467616346,1,0,0,0,0,0,0,0,18.6651,18.7209,22.8946,34.729,2532.80223474,4.229500000000002,4.1737,0.055800000000001404,1.2265987181431024,39.383247979170285,2.023252020829716,2.023252020829716
TRN-0724,16.1649,103.2809,29.1169,27.8213,14.339,15.9315,17.0601,64.6338,42.3237,Valid,0.6175480552250328,0.6175480552250328,0.368700525411709,2,0,0,0,0,0,0,0,14.339,15.9315,17.0601,64.6338,1669.52542041,2.721099999999998,1.1285999999999987,1.5924999999999994,1.1897683312864695,39.94066960201684,2.3830303979831626,2.3830303979831626
TRN-0089,31.414,88.8354,24.8395,59.5524,28.5205,19.4702,25.3351,33.2402,34.707,Invalid,-0.6944910249294658,0.6944910249294658,-0.4152482927882637,2,0,0,0,0,0,0,0,28.5205,19.4702,25.3351,33.2402,2790.6752556,-3.185399999999998,5.864900000000002,-9.0503,0.8883116045260061,34.89618415644758,-0.18918415644758113,0.18918415644758113
TRN-0114,24.4427,39.5791,50.9417,13.3518,14.191,13.5804,18.7265,56.7296,26.4238,Valid,0.2979723105417129,0.2979723105417129,0.1777526861595705,2,0,0,0,0,0,0,0,14.191,13.5804,18.7265,56.7296,967.4200675699999,4.535500000000001,5.146100000000002,-0.6106000000000016,1.3196030444626563,25.801638392046183,0.6221616079538173,0.6221616079538173
TRN-0748,25.3016,95.0191,43.6434,59.1909,18.1013,18.3361,22.5789,47.7604,42.7271,Valid,0.1841131286631743,0.1841131286631743,0.1097213504890009,1,0,0,0,0,0,0,0,18.1013,18.3361,22.5789,47.7604,2404.13526056,4.4776000000000025,4.242800000000003,0.2347999999999999,1.2473627599328447,42.56025803385838,0.16684196614161806,0.16684196614161806
TRN-0459,13.0534,103.6735,32.3023,13.9118,12.2147,14.3912,14.2445,41.7232,41.8715,Valid,0.0550170134841092,0.0550170134841092,0.0325858836727851,2,0,0,0,0,0,0,0,12.2147,14.3912,14.2445,41.7232,1353.2916649000001,2.0298,-0.14669999999999916,2.176499999999999,1.1661758650021163,41.18898604089269,0.682513959107304,0.682513959107304
TRN-0223,28.7214,66.8864,52.6266,35.0011,18.1509,17.5824,23.3627,63.4231,40.5369,Valid,0.4545337300102652,0.4545337300102652,0.2712987867479989,2,0,0,0,0,0,0,0,18.1509,17.5824,23.3627,63.4231,1921.0710489599999,5.2118,5.7803,-0.5685000000000002,1.287136567808446,42.020016487141284,-1.483116487141281,1.483116487141281
TRN-0851,19.5142,22.8595,42.4082,21.103,11.1408,10.0973,14.9382,77.6634,17.5099,Valid,0.5686017005660773,0.5686017005660773,0.339454874523348,1,0,0,0,0,0,0,0,11.1408,10.0973,14.9382,77.6634,446.0848549,3.7973999999999997,4.8408999999999995,-1.0434999999999999,1.3408540312598456,17.87373235768215,-0.3638323576821527,0.3638323576821527
TRN-0582,26.0201,21.9729,49.4476,50.2003,14.1856,12.9194,19.0732,59.4491,24.3289,Valid,0.1577314010322972,0.1577314010322972,0.0939581582860185,1,0,0,0,0,0,0,0,14.1856,12.9194,19.0732,59.4491,571.73705529,4.887599999999999,6.1538,-1.2662000000000013,1.3445456346255114,23.784358798362067,0.5445412016379336,0.5445412016379336
TRN-0007,29.2042,18.0618,43.0245,8.0414,15.1344,12.9107,20.4836,61.0351,20.2753,Valid,0.225833407287844,0.225833407287844,0.1346493908328389,1,0,0,0,0,0,0,0,15.1344,12.9107,20.4836,61.0351,527.4804195600001,5.3492,7.572899999999999,-2.223699999999999,1.3534455588291847,20.448857903807056,-0.17355790380705471,0.17355790380705471
TRN-0947,31.0368,95.4489,32.3525,9.5897,20.0135,19.7332,24.8781,55.2816,40.6902,Valid,-0.4969386714630452,0.4969386714630452,-0.297209938309991,1,0,0,0,0,0,0,0,20.0135,19.7332,24.8781,55.2816,2962.42841952,4.864599999999999,5.1449,-0.28030000000000044,1.2430653093835113,39.87190595633303,0.8182940436669668,0.8182940436669668
TRN-0556,31.1222,48.7828,21.2304,44.2287,18.461,16.124,23.7059,52.5012,21.8063,Valid,0.2861512230066338,0.2861512230066338,0.1706895370940165,1,0,0,0,0,0,0,0,18.461,16.124,23.7059,52.5012,1518.22805816,5.244900000000001,7.581900000000001,-2.3369999999999997,1.284106340877341,21.355765053008714,0.4505349469912865,0.4505349469912865
TRN-0006,18.8185,104.2809,38.6618,41.1927,15.2872,16.8364,18.3224,27.0816,46.7583,Valid,0.0479837393029463,0.0479837393029463,0.0283834730389877,0,0,0,0,0,0,0,0,15.2872,16.8364,18.3224,27.0816,1962.41011665,3.035199999999998,1.485999999999997,1.5492000000000008,1.1985444041129807,44.38996890125486,2.368331098745138,2.368331098745138
TRN-0036,16.9204,43.4907,39.3973,33.6326,10.7918,10.9189,13.9573,28.7296,18.2157,Valid,0.09641189331378,0.09641189331378,0.0573194968805403,2,0,0,0,0,0,0,0,10.7918,10.9189,13.9573,28.7296,735.88004028,3.1654999999999998,3.0383999999999993,0.12710000000000043,1.2933233628093896,18.54132172476525,-0.3256217247652522,0.3256217247652522
TRN-0655,21.322,83.0772,45.3964,35.2913,15.2434,15.9841,19.0301,67.443,34.4756,Valid,0.199533488261931,0.199533488261931,0.1189350796122527,2,0,0,0,0,0,0,0,15.2434,15.9841,19.0301,67.443,1771.3720584,3.7867000000000015,3.046000000000001,0.7407000000000004,1.2484148887945679,33.302299830603175,1.1733001693968248,1.1733001693968248
TRN-0419,8.5951,98.1424,45.6516,9.1583,9.5852,12.6494,10.9585,63.7497,39.859,Valid,0.0110797034934329,0.0110797034934329,0.0063331578484746,0,0,0,0,0,0,0,0,9.5852,12.6494,10.9585,63.7497,843.54374224,1.3733000000000004,-1.6908999999999992,3.0641999999999996,1.1432717697369177,41.571557772973144,-1.7125577729731418,1.7125577729731418
TRN-0800,19.7012,86.7513,31.5115,52.1103,14.9638,15.6935,18.3355,37.307,31.5476,Valid,0.1666520393368031,0.1666520393368031,0.0992882768489376,1,0,0,0,0,0,0,0,14.9638,15.6935,18.3355,37.307,1709.10471156,3.371699999999999,2.6419999999999995,0.7296999999999993,1.2253229625342743,31.597050678290227,-0.049450678290227756,0.049450678290227756
TRN-0298,18.1743,69.2155,40.5882,54.384,13.1973,13.8308,16.659,68.1312,26.9194,Valid,0.3398907189842219,0.3398907189842219,0.2027991098952561,1,0,0,0,0,0,0,0,13.1973,13.8308,16.659,68.1312,1257.94326165,3.4616999999999987,2.828199999999999,0.6334999999999997,1.2623026965343693,25.330116765712024,1.5892832342879757,1.5892832342879757
TRN-0146,11.0542,26.6928,44.529,46.8693,7.4141,7.7295,9.7895,38.8963,15.9725,Valid,0.4056360599326005,0.4056360599326005,0.2420822250998478,2,0,0,0,0,0,0,0,7.4141,7.7295,9.7895,38.8963,295.06754975999996,2.3754,2.0600000000000005,0.31539999999999946,1.320387747146994,16.76216409267053,-0.789664092670531,0.789664092670531
TRN-0074,30.0968,32.2241,35.629,38.7023,16.5086,5.949,22.018,41.9803,21.1645,Invalid,-0.0725617500302249,0.0725617500302249,-0.0436429592003241,0,0,0,0,0,0,0,0,16.5086,5.949,22.018,41.9803,969.8422928800001,5.509399999999999,16.069000000000003,-10.559600000000001,1.333728278758781,20.115415948234798,1.0490840517652025,1.0490840517652025
TRN-0358,21.9169,69.2729,27.4127,57.3516,23.2412,14.8395,18.8472,57.6618,24.2571,Invalid,-0.0733726608943818,0.0733726608943818,-0.0441274818210577,1,0,0,0,0,0,0,0,23.2412,14.8395,18.8472,57.6618,1518.24722201,-4.393999999999998,4.007700000000002,-8.4017,0.8109388452666622,24.77720042773323,-0.5201004277332295,0.5201004277332295
TRN-0521,30.8301,49.2877,22.913,21.7955,17.7515,15.7744,22.803,47.6397,21.1624,Valid,-0.1343152575612727,0.1343152575612727,-0.0805409373024454,1,0,0,0,0,0,0,0,17.7515,15.7744,22.803,47.6397,1519.54471977,5.051500000000001,7.028600000000001,-1.9771,1.2845667776994747,21.248408680690815,-0.08600868069081358,0.08600868069081358
TRN-0598,21.3932,55.3268,23.3942,48.6738,14.2356,13.521,18.1062,32.255,19.6008,Valid,0.5282172112996619,0.5282172112996619,0.3153249738878518,1,0,0,0,0,0,0,0,14.2356,13.521,18.1062,32.255,1183.61729776,3.8706000000000014,4.5852,-0.714599999999999,1.2718949170425435,19.469932006260297,0.13086799373970237,0.13086799373970237
TRN-0242,30.3616,64.6342,31.7954,28.9432,18.6656,17.155,23.9571,62.4181,26.6204,Valid,0.2585579389122578,0.2585579389122578,0.1542024348550383,0,0,0,0,0,0,0,0,18.6656,17.155,23.9571,62.4181,1962.3977267200003,5.291499999999999,6.802099999999999,-1.5106000000000002,1.2834887260582428,27.463401419205038,-0.8430014192050379,0.8430014192050379
TRN-0285,17.7964,18.2136,35.4373,55.6627,10.1469,9.1725,13.6656,68.1464,16.6974,Valid,0.1481199835960058,0.1481199835960058,0.0882152963130962,1,0,0,0,0,0,0,0,10.1469,9.1725,13.6656,68.1464,324.13651103999996,3.518699999999999,4.4931,-0.974400000000001,1.34677453530188,16.36228114938047,0.33511885061952995,0.33511885061952995
TRN-0786,11.544,102.3093,38.2807,43.7299,11.7398,14.1771,13.633,64.3894,42.5382,Valid,0.0563251701493427,0.0563251701493427,0.0333675127318902,2,0,0,0,0,0,0,0,11.7398,14.1771,13.633,64.3894,1181.0585592,1.8931999999999984,-0.5441000000000003,2.4372999999999987,1.1612624054392702,41.89490461506668,0.6432953849333245,0.6432953849333245
TRN-0976,24.2635,37.3892,33.5862,45.49,14.1304,12.7538,18.4596,45.4709,19.2066,Valid,0.0577244551970252,0.0577244551970252,0.034203591379278,2,0,0,0,0,0,0,0,14.1304,12.7538,18.4596,45.4709,907.1928542,4.329199999999998,5.705799999999998,-1.3765999999999998,1.3063739834866785,20.110168056367044,-0.9035680563670425,0.9035680563670425
TRN-0467,28.4198,43.3529,39.5156,49.0356,16.6095,14.8325,21.9299,57.9675,22.49,Valid,0.2591194265517949,0.2591194265517949,0.154537926059612,2,0,0,0,0,0,0,0,16.6095,14.8325,21.9299,57.9675,1232.0807474199999,5.320399999999999,7.0974,-1.777000000000001,1.3203219119648923,21.764404538129725,0.7255954618702738,0.7255954618702738
TRN-0186,22.8272,95.3947,34.7263,28.3226,16.8659,17.4628,20.8694,32.5902,39.037,Valid,0.5404276862226354,0.5404276862226354,0.3226207835404105,0,0,0,0,0,0,0,0,16.8659,17.4628,20.8694,32.5902,2177.59389584,4.003499999999999,3.4065999999999974,0.5969000000000015,1.2373717160829152,39.26448983759121,-0.22748983759121444,0.22748983759121444
TRN-0592,22.821,20.5096,25.9169,35.7305,12.4104,10.5864,16.6569,55.5549,16.7186,Valid,0.0269871818646905,0.0269871818646905,0.0158379424683204,0,0,0,0,0,0,0,0,12.4104,10.5864,16.6569,55.5549,468.0495816,4.246500000000001,6.070500000000001,-1.8239999999999998,1.3421716123802518,17.370422740078094,-0.6518227400780958,0.6518227400780958
TRN-1000,26.6318,52.237,18.0,19.3886,15.6335,14.2114,19.7274,53.1397,19.2422,Valid,-0.6380344929046942,0.6380344929046942,-0.3815152796258227,2,0,0,0,0,0,0,0,15.6335,14.2114,19.7274,53.1397,1391.1653366,4.0939,5.516,-1.4221000000000004,1.261866337118152,19.02379721424052,0.2184027857594799,0.2184027857594799
TRN-0852,27.0525,96.1578,35.4219,5.1608,18.2324,18.3623,22.7426,,40.6205,Valid,0.0305629976986878,0.0305629976986878,0.0179745073310323,2,0,0,0,1,0,0,0,18.2324,18.3623,22.7426,49.4543,2601.3088844999997,4.510200000000001,4.380299999999998,0.1299000000000028,1.2473721246944316,41.129599300591515,-0.5090993005915152,0.5090993005915152
TRN-0955,26.4383,82.8779,55.0,30.3299,17.6575,18.2482,22.4962,52.7821,49.6297,Valid,0.401704944465358,0.401704944465358,0.2397333672255919,1,0,0,0,0,0,0,0,17.6575,18.2482,22.4962,52.7821,2191.15078357,4.838700000000003,4.248000000000001,0.5907000000000018,1.2740301435479864,42.28467441466615,7.34502558533385,7.34502558533385
TRN-0125,19.6803,26.1334,47.9709,25.1259,11.2459,10.6531,14.9109,48.4915,20.6012,Valid,0.1883980765870934,0.1883980765870934,0.1122816247306868,2,0,0,0,0,0,0,0,11.2459,10.6531,14.9109,48.4915,514.31315202,3.664999999999999,4.2578,-0.5928000000000004,1.325895369961168,19.98179156356231,0.6194084364376877,0.6194084364376877
TRN-0570,28.9539,53.4652,32.5587,57.3032,9.9563,16.426,22.727,59.2031,22.9629,Invalid,0.4707010372490998,0.4707010372490998,0.280958820199036,1,0,0,0,0,0,0,0,9.9563,16.426,22.727,59.2031,1548.0260542800002,12.7707,6.301000000000002,6.469699999999998,2.2826729983297023,21.74054181000541,1.2223581899945906,1.2223581899945906
TRN-0189,28.0795,87.7125,35.8628,8.9414,18.1591,18.0504,22.5456,39.2104,35.0691,Valid,-0.4991113457799692,0.4991113457799692,-0.2985081202687824,1,0,0,0,0,0,0,0,18.1591,18.0504,22.5456,39.2104,2462.9231437500002,4.386500000000002,4.4952000000000005,-0.10869999999999891,1.24155864466926,34.793525185209816,0.27557481479018264,0.27557481479018264
TRN-0470,13.4852,26.4721,36.3935,26.4129,8.1837,8.2053,10.4649,77.6793,15.044,Valid,-0.2422498274576909,0.2422498274576909,-0.1450322926233979,0,0,0,0,0,0,0,0,8.1837,8.2053,10.4649,77.6793,356.98156292000004,2.2812,2.2596000000000007,0.021599999999999397,1.2787476584580832,15.37138844033299,-0.32738844033298875,0.32738844033298875
TRN-0003,31.005,101.7031,29.9077,29.4333,20.8706,20.494,25.705,51.6998,45.8035,Valid,-0.1573070586128118,0.1573070586128118,-0.094278634247052,0,0,0,0,0,0,0,0,20.8706,20.494,25.705,51.6998,3153.3046155,4.834399999999999,5.2109999999999985,-0.3765999999999998,1.2316362578765068,45.6569021893304,0.1465978106695971,0.1465978106695971
TRN-0442,30.6434,53.8376,32.1864,19.2467,17.7871,16.0427,22.9994,67.4393,22.3594,Valid,-0.0720697657081821,0.0720697657081821,-0.043348996517602,1,0,0,0,0,0,0,0,17.7871,16.0427,22.9994,67.4393,1649.76711184,5.212300000000003,6.956700000000001,-1.7443999999999988,1.2930374861346223,22.724170889108322,-0.36477088910832123,0.36477088910832123
TRN-0716,8.1937,31.9047,40.42,53.7509,6.1854,7.2116,7.7697,55.6906,14.421,Valid,-0.0788665910945898,0.0788665910945898,-0.0474101280111536,2,0,0,0,0,0,0,0,6.1854,7.2116,7.7697,55.6906,261.41754039,1.5843000000000007,0.5581000000000005,1.0262000000000002,1.256133384852419,15.503933346801354,-1.0829333468013544,1.0829333468013544
TRN-0678,22.2523,57.734,28.2572,33.8496,14.4608,13.6746,18.2936,45.7141,19.8362,Valid,0.1846691344827178,0.1846691344827178,0.1100535662832836,0,0,0,0,0,0,0,0,14.4608,13.6746,18.2936,45.7141,1284.7142882,3.8328000000000007,4.6190000000000015,-0.7862000000000009,1.265046702086536,19.71777400719138,0.11842599280862132,0.11842599280862132
TRN-0978,29.6916,34.0954,36.4183,7.569,16.4078,14.5572,21.9698,77.4425,20.8658,Valid,0.7268908881996445,0.7268908881996445,0.4340333237906949,0,0,0,0,0,0,0,0,16.4078,14.5572,21.9698,77.4425,1012.34697864,5.561999999999998,7.412599999999999,-1.8506000000000018,1.338984300768963,21.103495550022355,-0.2376955500223552,0.2376955500223552
TRN-0350,21.452,28.3591,30.3015,6.641,11.9595,10.8367,15.791,59.1218,17.1638,Valid,0.1392714965000419,0.1392714965000419,0.0829282883979647,1,0,0,0,0,0,0,0,11.9595,10.8367,15.791,59.1218,608.3594132000001,3.8315,4.9543,-1.1227999999999998,1.3203718212535465,17.427310882921287,-0.2635108829212882,0.2635108829212882
TRN-0924,16.0857,15.5071,28.7113,49.5399,8.8379,7.913,11.7744,40.6311,14.9855,Valid,-0.2675714481640234,0.2675714481640234,-0.1601620665210624,2,0,0,0,0,0,0,0,8.8379,7.913,11.7744,40.6311,249.44255846999997,2.9365000000000006,3.8613999999999997,-0.9248999999999992,1.3322606815412243,14.780720292250788,0.2047797077492124,0.2047797077492124
TRN-0918,22.5775,45.7229,27.6436,22.427,,12.7552,17.5525,48.2208,18.8499,Invalid,0.0336954713495778,0.0336954713495778,0.0198461733917479,2,1,0,0,0,1,0,0,13.627749999999999,12.7552,17.5525,48.2208,1032.30877475,3.9247499999999995,4.797299999999998,-0.8725499999999986,1.2879959729258514,19.05382677793104,-0.20392677793103786,0.20392677793103786
TRN-0552,31.7367,93.174,36.9449,26.5721,21.0587,20.5685,26.6096,49.686,40.9406,Valid,0.7008293114460358,0.7008293114460358,0.418461423071081,1,0,0,0,0,0,0,0,21.0587,20.5685,26.6096,49.686,2957.0352858,5.550899999999999,6.0411,-0.4902000000000015,1.2635911696395457,39.247202434372426,1.6933975656275777,1.6933975656275777
TRN-0999,17.3189,39.7274,22.4561,25.1758,10.7576,10.0099,13.8466,61.3193,15.8237,Valid,0.1138076775823382,0.1138076775823382,0.0677135504764073,2,0,0,0,0,0,0,0,10.7576,10.0099,13.8466,61.3193,688.0348678600001,3.0890000000000004,3.8367000000000004,-0.7477,1.2871446352860907,15.803653890283092,0.020046109716908234,0.020046109716908234
TRN-0444,22.1475,17.4918,48.452,25.6791,11.9534,10.9397,16.1779,39.0296,21.4587,Valid,0.3255035045411087,0.3255035045411087,0.1942026893080431,1,0,0,0,0,0,0,0,11.9534,10.9397,16.1779,39.0296,387.39964050000003,4.224500000000001,5.238200000000001,-1.0137,1.3534129591472226,20.382321316657983,1.0763786833420177,1.0763786833420177
TRN-0118,17.225,17.998,31.2125,18.4846,13.2507,2.3372,12.8889,33.3767,15.7524,Invalid,0.3118171750196374,0.3118171750196374,0.1860250503823875,2,0,0,0,0,0,0,0,13.2507,2.3372,12.8889,33.3767,310.01555,-0.36180000000000057,10.5517,-10.913499999999999,0.9726950480389353,16.090280009084555,-0.3378800090845555,0.3378800090845555
TRN-0950,13.3577,103.8261,34.66,27.5427,12.3709,14.5408,24.5374,70.1512,42.9187,Invalid,10.000850314340555,10.000850314340555,5.975262729321478,0,0,0,0,0,0,0,0,12.3709,14.5408,24.5374,70.1512,1386.8778959699998,12.166500000000001,9.9966,2.1699,1.9834757507733871,42.819528509973665,0.09917149002633607,0.09917149002633607
TRN-0642,26.0234,20.5917,25.5081,18.3233,14.0169,19.2132,18.5738,72.7639,17.9536,Invalid,0.1941291397654971,0.1941291397654971,0.1157059588634856,1,0,0,0,0,0,0,0,14.0169,19.2132,18.5738,72.7639,535.8660457799999,4.556899999999999,-0.639400000000002,5.196300000000001,1.3250994691412015,18.457081518867074,-0.5034815188670727,0.5034815188670727
TRN-0953,25.3769,64.1776,55.0,36.5896,16.4129,16.417,21.1623,46.4387,43.8394,Valid,0.6683191960057826,0.6683191960057826,0.3990364936124782,2,0,0,0,0,0,0,0,16.4129,16.417,21.1623,46.4387,1628.62853744,4.749399999999998,4.745299999999997,0.004100000000001103,1.2893691612273508,41.04570485801524,2.793695141984756,2.793695141984756
TRN-0821,22.0135,69.1617,44.4028,12.3592,14.6651,15.0965,18.624,64.6883,28.3474,Valid,0.3559500667091697,0.3559500667091697,0.2123946370868339,1,0,0,0,0,0,0,0,14.6651,15.0965,18.624,64.6883,1522.49108295,3.958899999999998,3.527499999999998,0.4314,1.2699529700084076,29.2401300968053,-0.8927300968052982,0.8927300968052982
TRN-0487,21.9062,62.304,32.0312,24.7918,14.2662,14.1283,18.2479,36.3827,23.6253,Valid,0.3369269008301785,0.3369269008301785,0.2010282161967633,1,0,0,0,0,0,0,0,14.2662,14.1283,18.2479,36.3827,1364.8438847999998,3.981700000000002,4.119600000000002,-0.13790000000000013,1.279099354348492,23.023131657874544,0.6021683421254558,0.6021683421254558
TRN-0871,29.6718,78.684,39.5392,15.528,18.6499,18.1576,23.9128,45.0982,32.4221,Valid,0.0858795827704206,0.0858795827704206,0.0510263974384037,0,0,0,0,0,0,0,0,18.6499,18.1576,23.9128,45.0982,2334.6959112,5.262900000000002,5.755200000000002,-0.4923000000000002,1.28219385509099,32.334615592929154,0.08748440707084626,0.08748440707084626
TRN-0683,21.9239,53.253,38.5191,9.8962,17.3202,7.0374,17.6327,39.7699,20.5016,Invalid,0.1050540769869741,0.1050540769869741,0.0624832376408154,2,0,0,0,0,0,0,0,17.3202,7.0374,17.6327,39.7699,1167.5134467,0.3125,10.5953,-10.2828,1.0180419290528233,19.239520768658792,1.2620792313412075,1.2620792313412075
TRN-0555,28.8941,48.0674,24.3217,27.9187,16.9022,14.9453,22.1869,31.0964,20.6918,Valid,0.3858709619405296,0.3858709619405296,0.2302724966802751,2,0,0,0,0,0,0,0,16.9022,14.9453,22.1869,31.0964,1388.86426234,5.284700000000001,7.241600000000002,-1.956900000000001,1.3126626636398435,21.316769063201235,-0.6249690632012346,0.6249690632012346
TRN-0085,11.2378,16.8026,28.0457,14.052,6.7369,6.2907,9.02,61.471,12.9026,Valid,0.3902053249993749,0.3902053249993749,0.2328622966710126,0,0,0,0,0,0,0,0,6.7369,6.2907,9.02,61.471,188.82425828,2.2830999999999992,2.7292999999999994,-0.44620000000000015,1.3388927564714386,12.968712845282722,-0.06611284528272243,0.06611284528272243
TRN-0685,31.8763,87.9656,35.5841,42.6868,20.5022,19.7731,25.75,52.2359,37.7807,Valid,-0.2743748583602006,0.2743748583602006,-0.1642271324658928,0,0,0,0,0,0,0,0,20.5022,19.7731,25.75,52.2359,2804.01785528,5.247800000000002,5.9769000000000005,-0.729099999999999,1.2559621621278878,36.66227524844127,1.1184247515587344,1.1184247515587344
TRN-0888,29.1316,87.2646,32.8035,33.0805,21.8279,24.0598,24.2703,61.1365,35.2834,Invalid,0.1927839094103056,0.1927839094103056,0.1149021781201293,0,0,0,0,0,0,0,0,21.8279,24.0598,24.2703,61.1365,2542.1574213599997,2.4423999999999992,0.2104999999999997,2.2318999999999996,1.11189298471544,34.315259383378745,0.9681406166212554,0.9681406166212554
TRN-0609,28.7022,49.8082,35.574,32.2327,16.4982,15.1114,21.3608,42.7087,21.5634,Valid,-0.4073995948955655,0.4073995948955655,-0.2437099669146824,1,0,0,0,0,0,0,0,16.4982,15.1114,21.3608,42.7087,1429.60491804,4.8626000000000005,6.249400000000001,-1.386800000000001,1.2947343984589843,22.046089212566883,-0.482689212566882,0.482689212566882
TRN-0182,28.9134,69.877,35.6098,49.2626,18.3843,17.4357,23.2013,41.1466,28.8087,Valid,0.0833168043454435,0.0833168043454435,0.0494951266493258,1,0,0,0,0,0,0,0,18.3843,17.4357,23.2013,41.1466,2020.3816517999999,4.817,5.765599999999999,-0.948599999999999,1.2620163606901755,29.87757818005354,-1.068878180053538,1.068878180053538
TRN-0211,29.5815,96.4859,33.6394,22.865,19.5361,19.4533,24.3634,21.8384,41.8311,Valid,-0.2439617430426253,0.2439617430426253,-0.146055169319654,1,0,0,0,0,0,0,0,19.5361,19.4533,24.3634,21.8384,2854.1976508499997,4.8272999999999975,4.9101,-0.08280000000000243,1.247095762667184,40.45311947979501,1.3779805202049857,1.3779805202049857
TRN-0574,26.7868,108.7878,45.2297,26.2494,19.1576,20.2134,23.4315,52.4351,56.3026,Valid,-0.0988923016907818,0.0988923016907818,-0.0593755735477689,1,0,0,0,0,0,0,0,19.1576,20.2134,23.4315,52.4351,2914.07704104,4.273900000000001,3.2180999999999997,1.0558000000000014,1.223090980555508,56.16333239193555,0.1392676080644506,0.1392676080644506
TRN-0648,12.2535,84.2097,34.1778,23.3351,10.7455,12.535,12.8661,49.7019,27.754,Valid,-0.0278077557605147,0.0278077557605147,-0.0169022611158309,0,0,0,0,0,0,0,0,10.7455,12.535,12.8661,49.7019,1031.86355895,2.1205999999999996,0.3310999999999993,1.7895000000000003,1.1973466126782255,28.61538406526974,-0.8613840652697391,0.8613840652697391
TRN-0665,10.6599,55.4415,45.4533,57.3204,8.7772,10.33,10.7495,50.0292,15.8353,Invalid,0.0316149192867136,0.0316149192867136,0.0186030348636685,2,0,0,0,0,0,0,0,8.7772,10.33,10.7495,50.0292,591.00084585,1.9722999999999988,0.4194999999999993,1.5527999999999995,1.2247058005903926,17.817945956290643,-1.9826459562906429,1.9826459562906429
TRN-0966,10.2322,24.649,29.244,29.8759,6.378,6.8095,8.3687,35.6748,13.3057,Valid,-0.2064404614510682,0.2064404614510682,-0.1236360472020523,2,0,0,0,0,0,0,0,6.378,6.8095,8.3687,35.6748,252.21349780000003,1.9907000000000004,1.5592000000000006,0.4314999999999998,1.3121177295112427,13.891819573786758,-0.5861195737867586,0.5861195737867586
TRN-0064,29.9458,73.9712,26.1227,21.0852,18.5312,17.6543,23.3809,46.6224,26.9808,Valid,-0.3884151774026811,0.3884151774026811,-0.232366698346791,0,0,0,0,0,0,0,0,18.5312,17.6543,23.3809,46.6224,2215.12676096,4.849700000000002,5.726600000000001,-0.8768999999999991,1.261703903846538,27.22695703801484,-0.246157038014843,0.246157038014843
TRN-0499,16.3503,36.5196,38.889,45.5942,10.4687,9.9585,24.1552,37.4683,17.1232,Invalid,10.88702213917152,10.88702213917152,6.504754087701245,2,0,0,0,0,0,0,0,10.4687,9.9585,24.1552,37.4683,597.10641588,13.6865,14.1967,-0.5101999999999993,2.3073712042840047,18.82906474328213,-1.705864743282131,1.705864743282131
TRN-0334,14.8769,107.2819,28.9216,39.1291,13.3181,15.2609,15.5173,60.8696,45.5134,Valid,-0.4573563264454634,0.4573563264454634,-0.2735593222060385,2,0,0,0,0,0,0,0,13.3181,15.2609,15.5173,60.8696,1596.02209811,2.199200000000001,0.25640000000000107,1.9428,1.165127784648122,44.50015540259538,1.013244597404615,1.013244597404615
TRN-0352,10.5874,42.421,34.8628,33.0266,7.567,8.2445,9.545,51.1579,15.1699,Valid,-0.2143506412441116,0.2143506412441116,-0.1283624125933754,1,0,0,0,0,0,0,0,7.567,8.2445,9.545,51.1579,449.1280954,1.9779999999999998,1.3004999999999995,0.6775000000000002,1.2613965093213833,15.72090111163572,-0.5510011116357205,0.5510011116357205
TRN-0448,30.1259,65.5198,38.2584,11.9638,18.4846,17.4073,23.6323,39.9026,28.5721,Valid,0.3178044352855558,0.3178044352855558,0.1896024633426551,2,0,0,0,0,0,0,0,18.4846,17.4073,23.6323,39.9026,1973.8429428200002,5.1477,6.225000000000001,-1.077300000000001,1.2784851830793293,28.44929092347192,0.12280907652807826,0.12280907652807826
TRN-0701,8.0832,102.2184,27.279,41.7623,9.837,12.5588,11.2025,50.148,38.0511,Valid,-0.000326431917017,0.000326431917017,-0.0004820555933369,1,0,0,0,0,0,0,0,9.837,12.5588,11.2025,50.148,826.25177088,1.3655000000000008,-1.3562999999999992,2.7218,1.1388114884502507,38.59580601558315,-0.5447060155831522,0.5447060155831522
TRN-0077,28.6141,92.9727,24.1137,57.8035,1.0,18.8709,24.1812,38.1393,36.4665,Invalid,0.4067592656283203,0.4067592656283203,0.2427533451839015,1,0,0,0,0,0,0,0,1.0,18.8709,24.1812,38.1393,2660.3301350700003,23.1812,5.310300000000002,17.8709,24.180958190418096,34.89448123831795,1.5720187616820525,1.5720187616820525
TRN-0900,14.0411,33.1688,32.8892,5.0829,8.7505,8.8766,11.533,55.739,15.1575,Valid,0.4140083474724036,0.4140083474724036,0.2470847017956534,2,0,0,0,0,0,0,0,8.7505,8.8766,11.533,55.739,465.72643767999995,2.782499999999999,2.6563999999999997,0.1260999999999992,1.3179803234325769,15.445326806545147,-0.28782680654514614,0.28782680654514614
TRN-0034,11.1801,81.6207,24.0033,51.6781,10.9195,12.251,12.6476,57.4131,23.8279,Valid,0.3139688403904532,0.3139688403904532,0.1873106794083264,1,0,0,0,0,0,0,0,10.9195,12.251,12.6476,57.4131,912.52758807,1.7281000000000013,0.3966000000000012,1.3315000000000001,1.1582571012801859,23.964974262436304,-0.13707426243630394,0.13707426243630394
TRN-0239,16.2927,22.5266,18.0,56.5085,9.3918,8.2446,12.2663,53.6154,14.4998,Valid,-0.41121133008388,0.41121133008388,-0.245987494574772,1,0,0,0,0,0,0,0,9.3918,8.2446,12.2663,53.6154,367.01913582,2.8744999999999994,4.021699999999999,-1.1471999999999998,1.3060634744527413,14.763125373781563,-0.2633253737815622,0.2633253737815622
TRN-0535,26.1926,94.0394,24.7273,10.6431,17.7601,8.933,21.8885,29.1698,35.5601,Invalid,-0.2691448334601638,0.2691448334601638,-0.1611021707924513,0,0,0,0,0,0,0,0,17.7601,8.933,21.8885,29.1698,2463.13638844,4.128399999999999,12.9555,-8.827100000000002,1.232452952149508,35.88395102808233,-0.32385102808233057,0.32385102808233057
TRN-0373,22.3964,35.4825,35.1415,9.346,13.1843,12.0804,17.3384,57.9593,18.6685,Valid,0.5949522006531538,0.5949522006531538,0.3551994081387715,0,0,0,0,0,0,0,0,13.1843,12.0804,17.3384,57.9593,794.6802630000001,4.1541,5.258000000000001,-1.1039000000000012,1.315078301405231,18.691746136820367,-0.023246136820365138,0.023246136820365138
TRN-0539,9.3981,58.666,37.814,54.2995,7.9371,9.6094,9.7017,51.1548,16.8214,Valid,-0.351367131181636,0.351367131181636,-0.210230336335237,1,0,0,0,0,0,0,0,7.9371,9.6094,9.7017,51.1548,551.3489345999999,1.7646000000000006,0.09229999999999983,1.6723000000000008,1.2223214746929298,16.117210393215984,0.7041896067840163,0.7041896067840163
TRN-0141,16.714,29.6168,30.5975,6.9082,9.8028,9.156,12.851,54.5636,15.9219,Valid,0.158363492085261,0.158363492085261,0.0943358353243483,1,0,0,0,0,0,0,0,9.8028,9.156,12.851,54.5636,495.0151952,3.0482000000000014,3.6950000000000003,-0.6467999999999989,1.3109506355830627,16.212618427500818,-0.290718427500817,0.290718427500817
