Test_ID,total_attention_score,negative_sensor_flag_contrib,sentinel_flag_contrib,s3_s1_inconsistency_flag_contrib,z_score_magnitude_contrib,imputation_count_contrib,missing_count_contrib,model_uncertainty_contrib,centroid_distance_contrib,P_invalid,validity_decision,validity_margin,threshold_margin,regression_prediction,operating_space_support,cv_model_disagreement,cv_regression_model_disagreement,imputation_count,missing_count,CP5_residual,CP5_z_score
TRN-0889,1.4267774855902569,0.0,0.0,0.0,0.2590583471143497,0.0,0.0,0.0,1.1677191384759071,0.0,Valid,0.5,0.236,35.43622573827584,0.41614043076204643,0.003313804102786033,0.43162733897907213,0.0,0.0,0.434047781457533,0.2590583471143497
TRN-0820,1.311142741089767,0.0,0.0,0.0,0.2234565020912836,0.0,0.0,0.0,1.0876862389984834,0.0,Valid,0.5,0.236,31.393775092892493,0.45615688050075825,0.0016959549953503314,0.4144281242742091,0.0,0.0,0.3744635191799013,0.2234565020912836
TRN-0411,2.422710114534424,0.0,0.0,0.0,0.1306662295704408,0.0,0.0,0.8799999999999999,1.4120438849639831,0.22,Valid,0.28,0.015999999999999986,46.57062765705268,0.29397805751800843,0.01152525820974876,0.3540207403462348,0.0,0.0,0.2191670751019963,0.1306662295704408
TRN-0754,1.3756453582278743,0.0,0.0,0.0,0.0901584318131979,0.0,0.0,0.15999999999999992,1.1254869264146765,0.04,Valid,0.46,0.19599999999999998,24.88097833957459,0.4372565367926617,0.002344953745533599,0.3703832503842338,0.0,0.0,-0.1504113704175331,-0.0901584318131979
TRN-0707,1.6705198501825023,0.0,0.0,0.0,0.2402867534535105,0.0,0.0,0.1200000000000001,1.3102330967289917,0.03,Valid,0.47,0.206,48.289218399914894,0.34488345163550416,0.0013398386046519271,0.25192225236556415,0.0,0.0,-0.4016704073051294,-0.2402867534535105
TRN-0140,2.6198851646322208,0.0,0.0,0.0,0.0547316022881487,0.0,1.0,0.15999999999999992,1.4051535623440718,0.04,Valid,0.46,0.19599999999999998,21.26944714187549,0.2974232188279641,0.007802165277440596,0.3402887332056515,0.0,1.0,0.0920807191838992,0.0547316022881487
TRN-0881,1.3583802670148515,0.0,0.0,0.0,0.3228567904642472,0.0,0.0,0.0,1.0355234765506043,0.0,Valid,0.5,0.236,24.60179867000107,0.48223826172469786,0.0021565351150934476,0.24288561714891627,0.0,0.0,0.5408226741352031,0.3228567904642472
TRN-0381,1.3970421631488936,0.0,0.0,0.0,0.1480461984519119,0.0,0.0,0.0,1.2489959646969817,0.0,Valid,0.5,0.236,20.81662194340313,0.37550201765150915,0.0011726271556509234,0.13343980927611984,0.0,0.0,0.2482546862507924,0.1480461984519119
TRN-0095,1.7407316721286827,0.0,0.0,0.0,0.2911344370061339,0.0,0.0,0.0,1.4495972351225488,0.0,Valid,0.5,0.236,50.07134937081547,0.27520138243872566,0.002268550508635861,0.27639670520924564,0.0,0.0,-0.4867705393642012,-0.2911344370061339
TRN-0135,1.460814751152233,0.0,0.0,0.0,0.0976319475552009,0.0,0.0,0.08000000000000007,1.283182803597032,0.98,Invalid,0.48,0.744,17.8499402495523,0.35840859820148396,0.007410256228509545,0.14145154643183463,0.0,0.0,-0.162919259315398,-0.0976319475552009
TRN-0633,1.5585732371175696,0.0,0.0,0.0,0.1067020310785378,0.0,0.0,0.0,1.4518712060390317,0.0,Valid,0.5,0.236,18.74697797576327,0.27406439698048407,0.003950666598259417,0.18416070081452737,0.0,0.0,-0.178099209545067,-0.1067020310785378
TRN-0138,1.19353344844905,0.0,0.0,0.0,0.1715923701329404,0.0,0.0,0.040000000000000036,0.9819410783161096,0.01,Valid,0.49,0.22599999999999998,17.950305454607125,0.5090294608419452,0.0013800561188453875,0.2290701731442661,0.0,0.0,0.2876622301061058,0.1715923701329404
TRN-0591,1.6502455251760781,0.0,0.0,0.0,0.0789536507867997,0.0,0.0,0.15999999999999992,1.4112918743892786,0.04,Valid,0.46,0.19599999999999998,31.524727978521348,0.29435406280536064,0.007657271343401491,0.2870835383739272,0.0,0.0,0.1326194297397727,0.0789536507867997
TRN-0262,1.6658160417687935,0.0,0.0,0.0,0.2916383857945122,0.0,0.0,0.0,1.3741776559742813,0.0,Valid,0.5,0.236,21.56738328614979,0.31291117201285934,0.0030713959022689225,0.061308328990473705,0.0,0.0,0.4885746625356475,0.2916383857945122
TRN-0729,1.9244960469520649,0.0,0.0,0.0,0.4668308336678914,0.0,0.0,0.08000000000000007,1.3776652132841734,0.02,Valid,0.48,0.216,22.06145480584445,0.3111673933579134,0.017913240714196393,0.13255071759932013,0.0,0.0,0.7817817352697887,0.4668308336678914
TRN-0307,1.5656323852622442,0.0,0.0,0.0,0.1186309700062669,0.0,0.0,0.0,1.4470014152559774,0.0,Valid,0.5,0.236,48.32692180333822,0.2764992923720113,0.004290778365082394,0.2945488327506905,0.0,0.0,-0.1980638216403996,-0.1186309700062669
TRN-0091,1.1916998766923603,0.0,0.0,0.0,0.2231520616070206,0.0,0.0,0.0,0.9685478150853397,0.0,Valid,0.5,0.236,23.670639867017087,0.5157260924573301,0.0038930588906648847,0.5693766359221525,0.0,0.0,-0.3729932987910569,-0.2231520616070206
TRN-0542,1.7354205573185513,0.0,0.0,0.0,0.1893377800207969,0.0,0.0,0.040000000000000036,1.5060827772977543,0.01,Valid,0.49,0.22599999999999998,27.421861044439574,0.24695861135112282,0.010246844786471697,0.6644455603912681,0.0,0.0,0.3173614537361473,0.1893377800207969
TRN-0937,1.5900560117723899,0.0,0.0,0.0,0.218359123482903,0.0,0.0,0.08000000000000007,1.2916968882894868,0.02,Valid,0.48,0.216,43.43219196211161,0.3541515558552566,0.004389183931577872,0.34575407923777657,0.0,0.0,-0.3649717009754702,-0.218359123482903
TRN-0092,1.423802870557769,0.0,0.0,0.0,0.119538475285028,0.0,0.0,0.040000000000000036,1.264264395272741,0.01,Valid,0.49,0.22599999999999998,17.37607096860193,0.36786780236362954,0.0025593763511581927,0.23862544501704394,0.0,0.0,0.2005433484531806,0.119538475285028
TRN-0268,1.6639646122669816,0.0,0.0,0.0,0.1309648091805373,0.0,0.0,0.1200000000000001,1.4129998030864441,0.03,Valid,0.47,0.206,20.29134195973416,0.29350009845677794,0.006918629951057138,0.23847084126812176,0.0,0.0,0.2196667864452486,0.1309648091805373
TRN-0782,1.4607026605012798,0.0,0.0,0.0,0.0340806816742093,0.0,0.0,0.08000000000000007,1.3466219788270706,0.02,Valid,0.48,0.216,36.50798780992939,0.3266890105864647,0.004773223668418519,0.4188948123556342,0.0,0.0,-0.0565580498928195,-0.0340806816742093
TRN-0919,1.2804565285921927,0.0,0.0,0.0,0.1211924051481418,0.0,0.0,0.0,1.1592641234440508,0.0,Valid,0.5,0.236,21.8653364109942,0.4203679382779746,0.0011585975233938872,0.099687132531041,0.0,0.0,0.2033114125995396,0.1211924051481418
TRN-0053,1.4450195645079287,0.0,0.0,0.0,0.0692206772159043,0.0,0.0,0.040000000000000036,1.3357988872920243,0.01,Valid,0.49,0.22599999999999998,49.175377685543296,0.33210055635398783,0.003329482068411224,0.45851940430601085,0.0,0.0,-0.115369347718385,-0.0692206772159043
TRN-0408,1.5847941204220806,0.0,0.0,0.0,0.1471936247353283,0.0,0.0,0.040000000000000036,1.3976004956867523,0.01,Valid,0.49,0.22599999999999998,21.35052355964941,0.3011997521566239,0.0021170285134783228,0.13405304989529618,0.0,0.0,0.2468277945852897,0.1471936247353283
TRN-0501,1.3901619921135235,0.0,0.0,0.0,0.0798980887799709,0.0,0.0,0.15999999999999992,1.1502639033335527,0.04,Valid,0.46,0.19599999999999998,30.6360091873108,0.42486804833322367,0.0038597895024291883,0.3836569488581194,0.0,0.0,0.1342000680761739,0.0798980887799709
TRN-0311,1.3292373174478602,0.0,0.0,0.0,0.1232026356952796,0.0,0.0,0.0,1.2060346817525807,0.0,Valid,0.5,0.236,31.933576290512224,0.39698265912370967,0.002673771986613363,0.3000146652863461,0.0,0.0,-0.2057150916036079,-0.1232026356952796
TRN-0562,1.4650957016700983,0.0,0.0,0.0,0.1115199652396965,0.0,0.0,0.0,1.3535757364304017,0.0,Valid,0.5,0.236,23.747904148532168,0.32321213178479913,0.0025365267194167344,0.1275766326579554,0.0,0.0,0.1871233415600741,0.1115199652396965
TRN-0126,1.5307999643505397,0.0,0.0,0.0,0.3564870494367935,0.0,0.0,0.0,1.1743129149137461,0.0,Valid,0.5,0.236,20.36731088259174,0.41284354254312694,0.0017359626946687494,0.24021573350154865,0.0,0.0,0.597107233819866,0.3564870494367935
TRN-0676,1.5101928735299257,0.0,0.0,0.0,0.1181268408484599,0.0,0.0,0.0,1.3920660326814658,0.0,Valid,0.5,0.236,43.37138409450528,0.30396698365926705,0.002800901026845927,0.4972289925161938,0.0,0.0,0.1981807968367093,0.1181268408484599
TRN-0360,1.7583774260781908,0.0,0.0,0.0,0.0959432999545607,0.0,0.0,0.28,1.3824341261236301,0.07,Valid,0.43,0.16599999999999998,29.11221499054591,0.3087829369381849,0.003705427429193182,0.05853524218060137,0.0,0.0,0.1610537906938454,0.0959432999545607
TRN-0367,1.5934868708441483,0.0,0.0,0.0,0.1811597102276798,0.0,0.0,0.08000000000000007,1.3323271606164684,0.02,Valid,0.48,0.216,44.516473010565846,0.3338364196917658,0.005347876333112418,0.3237121055172408,0.0,0.0,0.3036744031026153,0.1811597102276798
TRN-0405,2.5258956691901386,0.0,0.0,0.0,0.2776965293069345,0.0,1.0,0.0,1.2481991398832042,0.0,Valid,0.5,0.236,21.127323313344423,0.37590043005839796,0.0029220629559475004,0.1846099516422344,0.0,1.0,0.4652411742556239,0.2776965293069345
TRN-0868,1.7618267684309565,0.0,0.0,0.0,0.2361714962444009,0.0,0.0,0.0,1.5256552721865557,0.0,Valid,0.5,0.236,54.536660994230026,0.23717236390672214,0.005406799756090851,0.28682911466037214,0.0,0.0,-0.3947829955788933,-0.2361714962444009
TRN-0020,1.8623194043612137,0.0,0.0,0.0,0.2917883944448555,0.0,0.0,0.15999999999999992,1.4105310099163584,0.04,Valid,0.46,0.19599999999999998,13.53252449859243,0.2947344950418208,0.00519863389468837,0.10008570889124492,0.0,0.0,0.4888257212872426,0.2917883944448555
TRN-0316,1.540587072388384,0.0,0.0,0.0,0.4027370312088837,0.0,0.0,0.040000000000000036,1.0978500411795005,0.01,Valid,0.49,0.22599999999999998,19.251662435944784,0.45107497941024977,0.002801581813281619,0.2231358912034272,0.0,0.0,-0.6735518210514968,-0.4027370312088837
TRN-0067,1.691259923066367,0.0,0.0,0.0,0.1234278687487075,0.0,0.0,0.08000000000000007,1.4878320543176593,0.02,Valid,0.48,0.216,19.55259118689247,0.25608397284117035,0.020550829089950148,0.3064791674988631,0.0,0.0,-0.2060920480596664,-0.1234278687487075
TRN-0317,1.5630947202171939,0.0,0.0,0.0,0.1406497218296653,0.0,0.0,0.08000000000000007,1.3424449983875286,0.02,Valid,0.48,0.216,25.683795957742877,0.32877750080623563,0.001335866829622433,0.36468372650125885,0.0,0.0,0.235875732218922,0.1406497218296653
TRN-0087,9.920883022686757,0.0,0.0,2.0,6.457281919229795,0.0,0.0,0.040000000000000036,1.4236011034569622,0.99,Invalid,0.49,0.754,20.302440553360952,0.28819944827151883,0.007483314773547889,0.2699677143897101,0.0,0.0,-10.806610665215404,-6.457281919229795
TRN-0801,1.7440876914277457,0.0,0.0,0.0,0.2177263075925812,0.0,0.0,0.08000000000000007,1.4463613838351645,0.02,Valid,0.48,0.216,41.85042220640778,0.27681930808241767,0.0009671138021780646,0.8430996295031281,0.0,0.0,0.3648733023894142,0.2177263075925812
TRN-0012,1.4100180391840407,0.0,0.0,0.0,0.0937484035754504,0.0,0.0,0.040000000000000036,1.2762696356085903,0.01,Valid,0.49,0.22599999999999998,21.033912644571775,0.3618651821957048,0.0020533304151127392,0.0987244036964496,0.0,0.0,-0.1564196494523066,-0.0937484035754504
TRN-0578,1.4342753983397587,0.0,0.0,0.0,0.0606307915262876,0.0,0.0,0.08000000000000007,1.293644606813471,0.02,Valid,0.48,0.216,23.156595129838585,0.35317769659326453,0.0026343331897982986,0.13825467186563098,0.0,0.0,-0.1009930702660959,-0.0606307915262876
TRN-0859,1.8739068731786301,0.0,0.0,0.0,0.0500319760175928,0.0,0.0,0.3599999999999999,1.4638748971610376,0.09,Valid,0.41000000000000003,0.146,14.27629345964962,0.26806255141948127,0.0070265014912712235,0.20003235255352642,0.0,0.0,0.0842152907452824,0.0500319760175928
TRN-0533,4.195561135112927,0.0,0.0,0.0,0.5582189114886876,1.0,1.0,0.6800000000000002,0.9573422236242388,0.83,Invalid,0.32999999999999996,0.594,30.79526326963533,0.5213288881878806,0.05357961688812335,2.736775583185649,1.0,1.0,0.9347314263432428,0.5582189114886876
TRN-0967,1.3722163441561828,0.0,0.0,0.0,0.0570367454494394,0.0,0.0,0.0,1.3151795987067434,0.0,Valid,0.5,0.236,19.304272932212765,0.34241020064662836,0.0025608116119127905,0.07217155649028127,0.0,0.0,-0.0949779723423205,-0.0570367454494394
TRN-0788,1.30974391024501,0.0,0.0,0.0,0.0572224510217058,0.0,0.0,0.0,1.252521459223304,0.0,Valid,0.5,0.236,18.261750920695924,0.37373927038834803,0.0031126492347388055,0.1835241613565834,0.0,0.0,-0.0952887744796022,-0.0572224510217058
TRN-0700,1.347604333003912,0.0,0.0,0.0,0.1943416327767217,0.0,0.0,0.1200000000000001,1.0332627002271901,0.03,Valid,0.47,0.206,20.71446757567994,0.4833686498864049,0.0027702933891970384,0.1523820816833156,0.0,0.0,-0.3247753441697902,-0.1943416327767217
TRN-0151,1.6985308850328775,0.0,0.0,0.0,0.3579724133119359,0.0,0.0,0.040000000000000036,1.3005584717209415,0.01,Valid,0.49,0.22599999999999998,18.5749362226014,0.3497207641395293,0.003333946627190471,0.1241899979075126,0.0,0.0,0.5995931811255986,0.3579724133119359
TRN-0236,1.2375795540233785,0.0,0.0,0.0,0.0894612992208841,0.0,0.0,0.0,1.1481182548024944,0.0,Valid,0.5,0.236,18.83894189195904,0.4259408725987528,0.0020690255259341837,0.18643663574997574,0.0,0.0,0.1502053295663685,0.0894612992208841
TRN-0130,1.6390238419808356,0.0,0.0,0.0,0.2228406482314531,0.0,0.0,0.040000000000000036,1.3761831937493825,0.01,Valid,0.49,0.22599999999999998,19.143983059680405,0.31190840312530876,0.0063890611024086125,0.05904158721885799,0.0,0.0,0.3734328086118097,0.2228406482314531
TRN-0558,1.758461209281091,0.0,0.0,0.0,0.2615861250534263,0.0,0.0,0.08000000000000007,1.4168750842276645,0.02,Valid,0.48,0.216,15.613209550103834,0.2915624578861677,0.0025164786346266272,0.17470079602248542,0.0,0.0,0.4382783426434482,0.2615861250534263
TRN-0335,1.4880826473692972,0.0,0.0,0.0,0.0006716868574344,0.0,0.0,0.1200000000000001,1.3674109605118627,0.03,Valid,0.47,0.206,52.87912081672809,0.31629451974406864,0.004099335176945098,0.7063961056929254,0.0,0.0,-0.0006438042040066,-0.0006716868574344
TRN-0747,2.041640830782038,0.0,0.0,0.0,0.1219805350778634,0.0,0.0,0.48,1.4396602957041744,0.12,Valid,0.38,0.11599999999999999,12.96078922464554,0.2801698521479128,0.015837087648696013,0.12903046700335216,0.0,0.0,-0.2036697491874886,-0.1219805350778634
TRN-0065,1.4094759074198704,0.0,0.0,0.0,0.0749397393545604,0.0,0.0,0.08000000000000007,1.25453616806531,0.02,Valid,0.48,0.216,37.05991004732289,0.37273191596734495,0.003016048044633086,0.3583060921196651,0.0,0.0,-0.1249409330738906,-0.0749397393545604
TRN-0257,2.338696863153128,0.0,0.0,0.0,0.0034399054838051,0.0,1.0,0.0,1.335256957669323,0.0,Valid,0.5,0.236,21.19486512298582,0.3323715211653385,0.0035440063094461897,0.16962456853922062,0.0,1.0,0.0062374738949344,0.0034399054838051
TRN-0443,1.4265490890866896,0.0,0.0,0.0,0.0968909690825179,0.0,0.0,0.040000000000000036,1.2896581200041717,0.01,Valid,0.49,0.22599999999999998,33.76452206567415,0.3551709399979141,0.00765358602457561,0.16983304967498358,0.0,0.0,0.1626398367494932,0.0968909690825179
TRN-0507,1.778485514133449,0.0,0.0,0.0,0.1634267897852052,0.0,0.0,0.24,1.3750587243482437,0.06,Valid,0.44,0.176,22.68489746806605,0.3124706378258782,0.015949340626543553,0.13202221829178518,0.0,0.0,0.273996082164242,0.1634267897852052
TRN-0943,1.229570900265639,0.0,0.0,0.0,0.1483072640751051,0.0,0.0,0.040000000000000036,1.0412636361905339,0.01,Valid,0.49,0.22599999999999998,25.444176307283712,0.479368181904733,0.002200054601313471,0.2888532871060012,0.0,0.0,-0.2477309129970457,-0.1483072640751051
TRN-0438,1.6288331593741414,0.0,0.0,0.0,0.128076012846507,0.0,0.0,0.08000000000000007,1.4207571465276343,0.02,Valid,0.48,0.216,14.6921763845249,0.28962142673618285,0.009420535012598718,0.2642194897763463,0.0,0.0,-0.2138713144670134,-0.128076012846507
TRN-0323,1.6047219438449827,0.0,0.0,0.0,0.2358389341593601,0.0,0.0,0.040000000000000036,1.3288830096856226,0.99,Invalid,0.49,0.754,40.36011643693533,0.3355584951571887,0.01255515488618007,0.1910363656664612,0.0,0.0,-0.3942264101972696,-0.2358389341593601
TRN-0541,1.3733256398838813,0.0,0.0,0.0,0.0870203538914347,0.0,0.0,0.0,1.2863052859924466,0.0,Valid,0.5,0.236,37.63110606963642,0.3568473570037766,0.0018618646079222733,0.3782597819911031,0.0,0.0,-0.1451593937905677,-0.0870203538914347
TRN-0513,2.6494665075749415,0.0,0.0,0.0,0.1135422409892202,0.0,0.0,1.12,1.415924266585721,0.28,Invalid,0.21999999999999997,0.04400000000000004,14.412002984329376,0.29203786670713955,0.01376621788338571,0.20211637383164793,0.0,0.0,0.1905078798776598,0.1135422409892202
TRN-0830,1.5442968784880402,0.0,0.0,0.0,0.0630421625628675,0.0,0.0,0.1200000000000001,1.3612547159251727,0.03,Valid,0.47,0.206,53.02304706293679,0.31937264203741367,0.004774928504132339,0.3319262990464122,0.0,0.0,-0.105028809543068,-0.0630421625628675
TRN-0124,4.574748657933032,0.0,3.0,0.0,0.1100977124029475,0.0,0.0,0.2400000000000002,1.224650945530084,0.94,Invalid,0.43999999999999995,0.704,19.806134259120554,0.38767452723495793,0.023902314435582873,0.26501952456276473,0.0,0.0,0.1847430186864969,0.1100977124029475
TRN-0434,2.5501997772431473,0.0,0.0,0.0,0.0095795946592175,0.0,1.0,0.040000000000000036,1.5006201825839298,0.01,Valid,0.49,0.22599999999999998,43.05811278987792,0.24968990870803506,0.0037910271912262906,2.831585977404008,0.0,1.0,-0.0155523325250115,-0.0095795946592175
TRN-0742,1.6108462352544974,0.0,0.0,0.0,0.2122452703238158,0.0,0.0,0.0,1.3986009649306816,0.0,Valid,0.5,0.236,20.76832521997532,0.3006995175346592,0.0017264613938472715,0.12712474543103594,0.0,0.0,0.3557000822384921,0.2122452703238158
TRN-0351,1.938174857029306,0.0,0.0,0.0,0.0758102523003878,0.0,0.0,0.3599999999999999,1.5023646047289183,0.09,Valid,0.41000000000000003,0.146,41.89733428018942,0.24881769763554087,0.02039503683414237,0.9828241456246981,0.0,0.0,-0.1263978483446202,-0.0758102523003878
TRN-0736,1.423427208615808,0.0,0.0,0.0,0.004022155665159,0.0,0.0,0.040000000000000036,1.379405052950649,0.01,Valid,0.49,0.22599999999999998,20.346404373581866,0.31029747352467557,0.0027634715542236917,0.0929935835761022,0.0,0.0,-0.0062512442696309,-0.004022155665159
TRN-0518,1.528612520850587,0.0,0.0,0.0,0.2533690037413225,0.0,0.0,0.040000000000000036,1.2352435171092644,0.99,Invalid,0.49,0.754,26.9002891849586,0.3823782414453678,0.008404029534271102,0.2834458149856085,0.0,0.0,-0.4235652341554115,-0.2533690037413225
TRN-0097,10.335841429102677,0.0,0.0,2.0,7.007186487816954,0.0,0.0,0.040000000000000036,1.2886549412857218,0.99,Invalid,0.49,0.754,17.07649862969029,0.3556725293571391,0.010954451150103333,0.34845096564222083,0.0,0.0,-11.726946620308087,-7.007186487816954
TRN-0220,1.624131707654544,0.0,0.0,0.0,0.1428198741325739,0.0,0.0,0.19999999999999996,1.2813118335219702,0.05,Valid,0.45,0.186,16.736433654528952,0.35934408323901484,0.00319631299747868,0.12546643701719995,0.0,0.0,0.2395077609498805,0.1428198741325739
TRN-0713,2.0255124263587985,0.0,0.0,0.0,0.1433336977775839,0.0,0.0,0.43999999999999995,1.4421787285812147,0.11,Valid,0.39,0.126,43.11856749656752,0.2789106357093926,0.027629287292456898,2.0683402489224822,0.0,0.0,-0.2394070107235908,-0.1433336977775839
TRN-0890,1.5271466966657359,0.0,0.0,0.0,0.1901152358281344,0.0,0.0,0.08000000000000007,1.2570314608376014,0.02,Valid,0.48,0.216,29.349301796713156,0.37148426958119934,0.0035749396763091823,0.17505947850579284,0.0,0.0,-0.3177019258087235,-0.1901152358281344
TRN-0531,1.5231660541925145,0.0,0.0,0.0,0.1942381940322855,0.0,0.0,0.0,1.328927860160229,0.0,Valid,0.5,0.236,40.28716459823776,0.33553606991988555,0.0035861219704208937,0.35032800862070645,0.0,0.0,0.3255629262592805,0.1942381940322855
TRN-0369,1.5767814754272789,0.0,0.0,0.0,0.3017439930292676,0.0,0.0,0.0,1.2750374823980113,0.0,Valid,0.5,0.236,24.94034749192404,0.36248125880099435,0.0017208890143982569,0.2803058351797602,0.0,0.0,-0.5045269946356079,-0.3017439930292676
TRN-0781,1.3078425386705854,0.0,0.0,0.0,0.0497639625491302,0.0,0.0,0.040000000000000036,1.2180785761214552,0.01,Valid,0.49,0.22599999999999998,23.352607561771585,0.39096071193927245,0.002599104161808586,0.28932304500644573,0.0,0.0,0.083766735767627,0.0497639625491302
TRN-0928,1.4263214304132235,0.0,0.0,0.0,0.0375379050983623,0.0,0.0,0.08000000000000007,1.308783525314861,0.02,Valid,0.48,0.216,37.11399936385853,0.3456082373425695,0.0024681130276115156,0.19949126122820388,0.0,0.0,0.0633048576459742,0.0375379050983623
TRN-0194,2.7419579479043596,0.0,0.0,0.0,0.0484098340800027,0.0,0.0,1.28,1.4135481138243566,0.32,Invalid,0.18,0.08400000000000002,48.587143883649695,0.2932259430878217,0.0216503257134244,0.8494053759623398,0.0,0.0,0.0815004277768522,0.0484098340800027
TRN-0743,3.4093109207438856,0.0,0.0,0.0,0.2034472883841881,0.0,0.0,1.96,1.2458636323596974,0.51,Invalid,0.010000000000000009,0.274,16.248551007321712,0.37706818382015134,0.015164120874902931,0.16337082486831744,0.0,0.0,-0.3400148288530573,-0.2034472883841881
TRN-0294,1.6468233208772434,0.0,0.0,0.0,0.3203573303472226,0.0,0.0,0.0,1.326465990530021,0.0,Valid,0.5,0.236,20.8597089523411,0.3367670047349896,0.0022414507618575244,0.18269441829838604,0.0,0.0,-0.5356788063435829,-0.3203573303472226
TRN-0304,3.4440200400024894,0.0,0.0,0.0,0.00368275684697,0.0,0.0,1.96,1.4803372831555193,0.49,Invalid,0.010000000000000009,0.254,17.442373423029657,0.25983135842224037,0.11405671302818143,0.4224621623681416,0.0,0.0,-0.0056832167366032,-0.00368275684697
TRN-0382,1.6676950351035793,0.0,0.0,0.0,0.0659473668921257,0.0,0.0,0.24,1.3617476682114535,0.06,Valid,0.44,0.176,42.418256565477904,0.3191261658942733,0.00914908805870291,0.12422271722423202,0.0,0.0,-0.109891042290064,-0.0659473668921257
TRN-0417,1.4420340157503306,0.0,0.0,0.0,0.0519114482154474,0.0,0.0,0.28,1.1101225675348831,0.07,Valid,0.43,0.16599999999999998,26.361683366151603,0.4449387162325584,0.0028211968229330405,0.3577690476741826,0.0,0.0,0.087360828969718,0.0519114482154474
TRN-0297,1.824890382594558,0.0,0.0,0.0,0.1805794688302052,0.0,0.0,0.15999999999999992,1.4843109137643529,0.04,Valid,0.46,0.19599999999999998,34.06684152907188,0.2578445431178236,0.0055420002603325655,0.5703582377455712,0.0,0.0,-0.3017425944466865,-0.1805794688302052
TRN-0622,1.6393213308564814,0.0,0.0,0.0,0.309304252438186,0.0,0.0,0.040000000000000036,1.2900170784182954,0.99,Invalid,0.49,0.754,17.631643417111864,0.3549914607908523,0.00681839272750658,0.09719663398297965,0.0,0.0,0.5181407603257018,0.309304252438186
TRN-0563,1.5328721059252353,0.0,0.0,0.0,0.0838637222645356,0.0,0.0,0.08000000000000007,1.3690083836606997,0.02,Valid,0.48,0.216,22.836032209700768,0.31549580816965017,0.0023852050283133183,0.21295884035954443,0.0,0.0,0.1408370652735993,0.0838637222645356
TRN-0920,2.327128353902502,0.0,0.0,0.0,0.1042261787667439,0.0,1.0,0.040000000000000036,1.1829021751357582,0.01,Valid,0.49,0.22599999999999998,20.68773713978544,0.4085489124321209,0.002384823395437354,0.19552139410861613,0.0,1.0,0.1749162526881384,0.1042261787667439
TRN-0568,1.761372530593011,0.0,0.0,0.0,0.1273448001602314,0.0,0.0,0.28,1.3540277304327795,0.07,Valid,0.43,0.16599999999999998,15.331093291565944,0.3229861347836103,0.0029046819042240135,0.19908659774683649,0.0,0.0,0.2136082361995086,0.1273448001602314
TRN-0227,1.5344700135300366,0.0,0.0,0.0,0.1847361781578615,0.0,0.0,0.0,1.349733835372175,0.0,Valid,0.5,0.236,42.17602152066817,0.3251330823139125,0.004938885430208274,0.28338511059722815,0.0,0.0,-0.3086993816196681,-0.1847361781578615
TRN-0581,1.736561913496416,0.0,0.0,0.0,0.3321996290208456,0.0,0.0,0.0,1.4043622844755705,0.0,Valid,0.5,0.236,22.79598168845852,0.2978188577622147,0.004206008412992714,0.24132163042402108,0.0,0.0,0.5564591149604823,0.3321996290208456
TRN-0320,2.620942146848016,0.0,0.0,0.0,0.1219241733170006,0.0,0.0,1.16,1.3390179735310155,0.29,Invalid,0.21000000000000002,0.05399999999999999,28.267905377906786,0.3304910132344923,0.012658555417965239,0.28405567470697773,0.0,0.0,-0.2035754205385238,-0.1219241733170006
TRN-0167,2.4662007484354755,0.0,0.0,0.0,0.0492231322223277,0.0,0.0,1.04,1.3769776162131477,0.74,Invalid,0.24,0.504,14.859768050641028,0.3115111918934262,0.06060911013509498,0.16472310558404377,0.0,0.0,-0.081900886602563,-0.0492231322223277
TRN-0450,1.397023008565868,0.0,0.0,0.0,0.0391641219132316,0.0,0.0,0.08000000000000007,1.2778588866526364,0.02,Valid,0.48,0.216,23.317193240666366,0.36107055667368176,0.005952229229161875,0.2509147935464002,0.0,0.0,0.0660265404451294,0.0391641219132316
TRN-0287,1.6318554761555508,0.0,0.0,0.0,0.163053602040346,0.0,0.0,0.1200000000000001,1.3488018741152046,0.03,Valid,0.47,0.206,55.49283217500654,0.32559906294239777,0.009090768495389541,0.4267625447711243,0.0,0.0,0.2733715045207496,0.163053602040346
TRN-0650,1.5553405094966808,0.0,0.0,0.0,0.1871679842837947,0.0,0.0,0.0,1.368172525212886,0.0,Valid,0.5,0.236,21.59772897709085,0.31591373739355694,0.00276500556906391,0.2813717207138304,0.0,0.0,0.3137300217640497,0.1871679842837947
TRN-0901,1.4115549773720082,0.0,0.0,0.0,0.0324767953804954,0.0,0.0,0.040000000000000036,1.3390781819915127,0.01,Valid,0.49,0.22599999999999998,20.974242882263606,0.3304609090042437,0.003365283758466655,0.2620594629226929,0.0,0.0,-0.0538737400901609,-0.0324767953804954
TRN-0031,1.7625733455235515,0.0,0.0,0.0,0.1520270625898963,0.0,0.0,0.15999999999999992,1.4505462829336553,0.04,Valid,0.46,0.19599999999999998,21.32872278926936,0.27472685853317236,0.03329005516872024,0.173294510805,0.0,0.0,0.2549171739037668,0.1520270625898963
TRN-0199,0.8866459819578872,0.0,0.0,0.0,0.0633344873496916,0.0,0.0,0.040000000000000036,0.7833114946081956,0.01,Valid,0.49,0.22599999999999998,25.71470723654041,0.6083442526959022,0.002679169306578518,0.16361784106766628,0.0,0.0,-0.1055180526358654,-0.0633344873496916
TRN-0630,1.09960542384809,0.0,0.0,0.0,0.0837102175277992,0.0,0.0,0.0,1.0158952063202906,0.0,Valid,0.5,0.236,20.513888100925563,0.4920523968398547,0.001046946953572994,0.15022710075767776,0.0,0.0,0.1405801553721986,0.0837102175277992
TRN-0605,1.6032884980758484,0.0,0.0,0.0,0.0969448840311882,0.0,0.0,0.08000000000000007,1.4263436140446601,0.02,Valid,0.48,0.216,31.226620402830005,0.28682819297766987,0.003442628736129155,0.6787635449358906,0.0,0.0,-0.1617693702242668,-0.0969448840311882
TRN-0704,7.481638263034611,0.0,0.0,0.0,6.351877786360645,0.0,0.0,0.040000000000000036,1.0897604766739657,0.99,Invalid,0.49,0.754,24.912838167879467,0.4551197616630172,0.00489897948556636,0.37735117500450416,0.0,0.0,10.631164005155966,6.351877786360645
TRN-0614,1.5181934391300587,0.0,0.0,0.0,0.1276716369066983,0.0,0.0,0.0,1.3905218022233603,0.0,Valid,0.5,0.236,49.161127118963954,0.3047390988883199,0.0031842516241792173,0.2157853651930005,0.0,0.0,-0.21319453937177,-0.1276716369066983
TRN-0315,1.4292917758772035,0.0,0.0,0.0,0.1179562444768481,0.0,0.0,0.0,1.3113355314003554,0.0,Valid,0.5,0.236,17.57819511119916,0.34433223429982235,0.0027893840169538075,0.35585257907182644,0.0,0.0,-0.1969345817685823,-0.1179562444768481
TRN-0018,3.6434114806430946,0.0,0.0,0.0,0.3976861660370843,0.0,0.0,1.8399999999999999,1.4057253146060105,0.54,Invalid,0.040000000000000036,0.30400000000000005,24.33856369622542,0.29713734269699477,0.047175656209366965,0.4174076406396415,0.0,0.0,0.6660592492990638,0.3976861660370843
TRN-0669,1.6261235185454705,0.0,0.0,0.0,0.4570748002682925,0.0,0.0,0.040000000000000036,1.129048718277178,0.01,Valid,0.49,0.22599999999999998,23.12363483434507,0.435475640861411,0.010630950048583665,0.233333919298723,0.0,0.0,0.7654537597815967,0.4570748002682925
TRN-0168,1.5599396581436897,0.0,0.0,0.0,0.1623061333052127,0.0,0.0,0.15999999999999992,1.237633524838477,0.04,Valid,0.46,0.19599999999999998,42.980509780608976,0.38118323758076145,0.026473265133630478,3.0291515470758084,0.0,0.0,0.2721205195470872,0.1623061333052127
TRN-0397,1.4640330825386454,0.0,0.0,0.0,0.2673680837217547,0.0,0.0,0.0,1.1966649988168907,0.0,Valid,0.5,0.236,17.961247131823587,0.40166750059155465,0.002009434216266403,0.45547617767546145,0.0,0.0,0.4479551934232013,0.2673680837217547
TRN-0324,2.0469253828163545,0.0,0.0,0.0,0.0639507733785366,0.0,1.0,0.08000000000000007,0.9029746094378179,0.02,Valid,0.48,0.216,26.927799519331806,0.548512695281091,0.0037062228571079305,0.5343658800507003,0.0,1.0,-0.1065494864943339,-0.0639507733785366
TRN-0154,2.528203021876922,0.0,0.0,0.0,0.0240386106992626,0.0,0.0,1.44,1.0641644111776598,0.36,Invalid,0.14,0.124,29.18562155577393,0.46791779441117015,0.011481467046715989,0.6885925703563341,0.0,0.0,0.0407120538876917,0.0240386106992626
TRN-0666,1.5378725016734272,0.0,0.0,0.0,0.1181910707316691,0.0,0.0,0.040000000000000036,1.379681430941758,0.01,Valid,0.49,0.22599999999999998,20.732399875055105,0.31015928452912095,0.0030528907056134504,0.21282452030766347,0.0,0.0,0.198288293799429,0.1181910707316691
TRN-0826,1.6669958327584442,0.0,0.0,0.0,0.3662270033811621,0.0,0.0,0.0,1.300768829377282,0.0,Valid,0.5,0.236,19.48526134304419,0.3496155853113589,0.002072546168780064,0.16005383370858917,0.0,0.0,-0.6124475981540272,-0.3662270033811621
TRN-0131,1.270060422313579,0.0,0.0,0.0,0.0195001842021417,0.0,0.0,0.19999999999999996,1.0505602381114374,0.05,Valid,0.45,0.186,34.89742217185579,0.4747198809442813,0.004998592167300913,0.3678870980260791,0.0,0.0,0.0331164139831585,0.0195001842021417
TRN-0206,1.2700982215703267,0.0,0.0,0.0,0.1446742735393675,0.0,0.0,0.08000000000000007,1.045423948030959,0.02,Valid,0.48,0.216,17.468458813727164,0.4772880259845204,0.0023056888640772093,0.37838805290833794,0.0,0.0,0.2426113366367666,0.1446742735393675
TRN-0641,1.4204051624931715,0.0,0.0,0.0,0.0395158076607143,0.0,0.0,0.15999999999999992,1.2208893548324573,0.04,Valid,0.46,0.19599999999999998,38.12823259196456,0.3895553225837713,0.002707669278966912,0.1747126782997356,0.0,0.0,0.0666151317331298,0.0395158076607143
TRN-0478,1.2133148197380115,0.0,0.0,0.0,0.0637606528159247,0.0,0.0,0.0,1.1495541669220868,0.0,Valid,0.5,0.236,29.283074762867145,0.4252229165389566,0.0014699469789191987,0.3178871797113015,0.0,0.0,0.107191995422994,0.0637606528159247
TRN-0026,1.4445155641362903,0.0,0.0,0.0,0.0373999093201586,0.0,0.0,0.1200000000000001,1.2871156548161315,0.03,Valid,0.47,0.206,30.79826861837064,0.3564421725919342,0.0029090797727166396,0.6508712760565029,0.0,0.0,0.0630739039794896,0.0373999093201586
TRN-0363,1.748839749080839,0.0,0.0,0.0,0.3405985706770681,0.0,0.0,0.040000000000000036,1.3682411784037707,0.01,Valid,0.49,0.22599999999999998,37.96308314746824,0.3158794107981146,0.005504463110842926,0.5698276391650299,0.0,0.0,-0.5695551229180946,-0.3405985706770681
TRN-0430,0.9044485951046128,0.0,0.0,0.0,0.0037895343237851,0.0,0.0,0.15999999999999992,0.7406590607808279,0.04,Valid,0.46,0.19599999999999998,19.64736187023724,0.6296704696095861,0.0033576681810252996,0.2023418844466508,0.0,0.0,-0.0058619225643425,-0.0037895343237851
TRN-0936,1.509833239952874,0.0,0.0,0.0,0.1280429593528866,0.0,0.0,0.0,1.3817902805999873,0.0,Valid,0.5,0.236,14.88093915045013,0.3091048597000063,0.003011152354078524,0.13636120060129353,0.0,0.0,-0.2138159951982565,-0.1280429593528866
TRN-0129,2.501977362917626,0.0,0.0,0.0,0.1608647755625624,0.0,1.0,0.08000000000000007,1.2611125873550635,0.02,Valid,0.48,0.216,47.04629487923974,0.36944370632246826,0.004352650343825021,0.4585995640596107,0.0,1.0,-0.2687475220390283,-0.1608647755625624
TRN-0688,1.4153976031313256,0.0,0.0,0.0,0.1161639458455663,0.0,0.0,0.08000000000000007,1.2192336572857592,0.02,Valid,0.48,0.216,17.9806768307973,0.3903831713571204,0.002763815397493696,0.38327751473809035,0.0,0.0,0.194895639828692,0.1161639458455663
TRN-0157,1.6496712971321301,0.0,0.0,0.0,0.2068871124578907,0.0,0.0,0.1200000000000001,1.3227841846742394,0.03,Valid,0.47,0.206,16.9601386117415,0.3386079076628803,0.0032722642528779195,0.3316906511497479,0.0,0.0,-0.3457718164379315,-0.2068871124578907
TRN-0422,1.6875777566852161,0.0,0.0,0.0,0.2511985923574665,0.0,0.0,0.040000000000000036,1.3963791643277497,0.01,Valid,0.49,0.22599999999999998,20.42023226224802,0.3018104178361252,0.0037242120228627956,0.16860217296236896,0.0,0.0,0.4208934719387827,0.2511985923574665
TRN-0561,3.198535298002234,0.0,0.0,0.0,0.0030061537807957,0.0,0.0,1.84,1.355529144221438,0.46,Invalid,0.03999999999999998,0.22400000000000003,18.818855293468665,0.32223542788928095,0.059278940086472214,0.17308579221796405,0.0,0.0,-0.0045508345657729,-0.0030061537807957
TRN-0281,1.339800416860501,0.0,0.0,0.0,0.407622332251132,0.0,0.0,0.0,0.9321780846093692,0.0,Valid,0.5,0.236,24.31797120330415,0.5339109576953154,0.0019135921186288203,0.27583313124218256,0.0,0.0,0.6826887001982627,0.407622332251132
TRN-0108,2.579572760821509,0.0,0.0,0.0,0.0198693307531671,0.0,0.0,1.2799999999999998,1.2797034300683423,0.68,Invalid,0.18000000000000005,0.44400000000000006,31.62320846638972,0.3601482849658288,0.06875687704186588,0.31054318504259243,0.0,0.0,0.0337342281695001,0.0198693307531671
TRN-0332,1.3750329260169314,0.0,0.0,0.0,0.0399025396242217,0.0,0.0,0.0,1.3351303863927098,0.0,Valid,0.5,0.236,38.1916550151042,0.3324348068036451,0.003105748885652351,0.3165976643761223,0.0,0.0,0.0672623773668839,0.0399025396242217
TRN-0185,3.31347428652391,0.0,0.0,0.0,0.5336302031740077,0.0,0.0,1.56,1.2198440833499027,0.61,Invalid,0.10999999999999999,0.374,18.096965575612337,0.3900779583250487,0.07697359950165195,9.274229549661094,0.0,0.0,0.8935790634715755,0.5336302031740077
TRN-0746,1.6718985018076487,0.0,0.0,0.0,0.0451701215050551,0.0,0.0,0.32000000000000006,1.3067283803025935,0.08,Valid,0.42,0.15599999999999997,25.334850338347323,0.3466358098487033,0.003096929049317611,0.1763629009532229,0.0,0.0,-0.0751176523787311,-0.0451701215050551
TRN-0656,1.4782833255158594,0.0,0.0,0.0,0.165463113509687,0.0,0.0,0.1200000000000001,1.1928202120061724,0.03,Valid,0.47,0.206,18.23122230402367,0.40358989399691375,0.002551637918274959,0.30114797424886824,0.0,0.0,0.2774041315730038,0.165463113509687
TRN-0270,1.2151484928064233,0.0,0.0,0.0,0.138300655370337,0.0,0.0,0.0,1.0768478374360864,0.0,Valid,0.5,0.236,18.02087887249334,0.4615760812819568,0.0021590906725822987,0.1866025646677625,0.0,0.0,-0.230983567538173,-0.138300655370337
TRN-0462,1.5069507116560588,0.0,0.0,0.0,0.0835191342301159,0.0,0.0,0.08000000000000007,1.3434315774259429,0.02,Valid,0.48,0.216,14.562686412370322,0.32828421128702856,0.005296186271806382,0.08303876601588454,0.0,0.0,0.1402603529204249,0.0835191342301159
TRN-0245,1.2975343692981145,0.0,0.0,0.0,0.0322571144649974,0.0,0.0,0.1200000000000001,1.145277254833117,0.03,Valid,0.47,0.206,25.27010305264137,0.4273613725834416,0.0033915812270775268,0.21862585963993136,0.0,0.0,0.0544667759699315,0.0322571144649974
TRN-0986,1.739987978095698,0.0,0.0,0.0,0.2177783929522191,0.0,0.0,0.15999999999999992,1.362209585143479,0.04,Valid,0.46,0.19599999999999998,17.365395527084402,0.3188952074282605,0.002597210180589739,0.2069085576723239,0.0,0.0,0.3649604739314362,0.2177783929522191
TRN-0905,1.3974443363335571,0.0,0.0,0.0,0.129571050304837,0.0,0.0,0.040000000000000036,1.22787328602872,0.01,Valid,0.49,0.22599999999999998,20.950774863224968,0.38606335698564004,0.0031321323136769383,0.07123493088184468,0.0,0.0,-0.2163734517572102,-0.129571050304837
TRN-0355,1.4045764739982398,0.0,0.0,0.0,0.0417009742316803,0.0,0.0,0.040000000000000036,1.3228754997665595,0.01,Valid,0.49,0.22599999999999998,24.21282982316147,0.33856225011672025,0.003966013868108065,0.16387627193980472,0.0,0.0,-0.0693115886513435,-0.0417009742316803
TRN-0684,1.3624151469333414,0.0,0.0,0.0,0.0955783555895887,0.0,0.0,0.15999999999999992,1.1068367913437527,0.04,Valid,0.46,0.19599999999999998,22.77380924571908,0.4465816043281236,0.0017412497671163486,0.20533895873207783,0.0,0.0,0.1604430094058209,0.0955783555895887
TRN-0433,1.6276712540024563,0.0,0.0,0.0,0.3018849631403754,0.0,0.0,0.1200000000000001,1.205786290862081,0.03,Valid,0.47,0.206,16.980867153631877,0.3971068545689595,0.001549376427153277,0.1214313099216561,0.0,0.0,0.5057236263499778,0.3018849631403754
TRN-0205,1.9904765824393904,0.0,0.0,0.0,0.2690791594043036,0.0,0.0,0.28,1.4413974230350868,0.07,Valid,0.43,0.16599999999999998,36.8158791713778,0.27930128848245667,0.004596276308411981,0.719621649507209,0.0,0.0,0.4508188984412928,0.2690791594043036
TRN-0806,1.598826604441107,0.0,0.0,0.0,0.174248204759951,0.0,0.0,0.0,1.424578399681156,0.0,Valid,0.5,0.236,45.80116334506223,0.287710800159422,0.003498773912525261,0.4535558221909868,0.0,0.0,0.2921071106138235,0.174248204759951
TRN-0177,1.6904808056102978,0.0,0.0,0.0,0.1646622947692788,0.0,0.0,0.15999999999999992,1.365818510841019,0.04,Valid,0.46,0.19599999999999998,37.29879239592599,0.3170907445794905,0.006586191147436408,0.5038840160277102,0.0,0.0,0.2760638585103461,0.1646622947692788
TRN-0744,1.7995343787675089,0.0,0.0,0.0,0.1205452636749073,0.0,0.0,0.15999999999999992,1.5189891150926016,0.04,Valid,0.46,0.19599999999999998,49.00743653896405,0.24050544245369926,0.0030410185405325167,0.6944261599701643,0.0,0.0,0.2022283381901388,0.1205452636749073
TRN-0295,1.611622102710461,0.0,0.0,0.0,0.3448131969402708,0.0,0.0,0.040000000000000036,1.22680890577019,0.01,Valid,0.49,0.22599999999999998,33.10114569839535,0.386595547114905,0.00271884792826792,0.23908524853162086,0.0,0.0,0.5775695416442908,0.3448131969402708
TRN-0948,1.501337623512778,0.0,0.0,0.0,0.2694173216138156,0.0,0.0,0.0,1.2319203018989624,0.0,Valid,0.5,0.236,21.27102594571788,0.38403984905051874,0.0021820631580534633,0.14712960647041642,0.0,0.0,0.4513848563508027,0.2694173216138156
TRN-0844,1.2677976131983053,0.0,0.0,0.0,0.1208632087725491,0.0,0.0,0.0,1.1469344044257561,0.0,Valid,0.5,0.236,36.817579701426745,0.42653279778712194,0.0018858487843795276,0.13799748355021155,0.0,0.0,0.2027604601651518,0.1208632087725491
TRN-0035,1.483478749130215,0.0,0.0,0.0,0.0417559468288698,0.0,0.0,0.15999999999999992,1.2817228023013454,0.04,Valid,0.46,0.19599999999999998,34.55211689095116,0.3591385988493273,0.0034562708408211497,0.4373660683521593,0.0,0.0,-0.0694035923564015,-0.0417559468288698
TRN-0971,1.748442535108218,0.0,0.0,0.0,0.3616780922171961,0.0,0.0,0.040000000000000036,1.346764442891022,0.01,Valid,0.49,0.22599999999999998,16.44814704085354,0.32661777855448904,0.007105667457981458,0.05721576646890118,0.0,0.0,0.6057951109318953,0.3616780922171961
TRN-0455,1.5143073437387486,0.0,0.0,0.0,0.1719166553944462,0.0,0.0,0.040000000000000036,1.3023906883443024,0.01,Valid,0.49,0.22599999999999998,47.582400973411296,0.34880465582784886,0.0035987100628065193,0.25841134699734675,0.0,0.0,0.2882049631600196,0.1719166553944462
TRN-0792,1.6473080961809023,0.0,0.0,0.0,0.3000162008474428,0.0,0.0,0.0,1.3472918953334596,0.0,Valid,0.5,0.236,24.49399756574567,0.32635405233327025,0.0018268474061600476,0.11438434298195818,0.0,0.0,0.5025960125275901,0.3000162008474428
TRN-0662,1.6794815947686454,0.0,0.0,0.0,0.1630104921495972,0.0,0.0,0.19999999999999996,1.3164711026190483,0.05,Valid,0.45,0.186,20.341987897520127,0.3417644486904758,0.002370847677223224,0.2888460071957071,0.0,0.0,-0.2723386544596238,-0.1630104921495972
TRN-0266,1.4235220532882777,0.0,0.0,0.0,0.1034333339687322,0.0,0.0,0.0,1.3200887193195456,0.0,Valid,0.5,0.236,38.23844436964958,0.3399556403402272,0.004434208671888877,0.28704037248198466,0.0,0.0,-0.1726286249231012,-0.1034333339687322
TRN-0326,1.6767198184297816,0.0,0.0,0.0,0.2015707990316374,0.0,0.0,0.1200000000000001,1.355149019398144,0.03,Valid,0.47,0.206,37.05618466539263,0.3224254903009281,0.004142733151571579,0.14894260965999837,0.0,0.0,0.337834982923102,0.2015707990316374
TRN-0173,1.4357798228474747,0.0,0.0,0.0,0.1206556738131515,0.0,0.0,0.040000000000000036,1.2751241490343233,0.01,Valid,0.49,0.22599999999999998,15.205708149048442,0.3624379254828384,0.0026253210632142293,0.1430084134325479,0.0,0.0,0.2024131237435558,0.1206556738131515
TRN-0473,1.3473226328088772,0.0,0.0,0.0,0.1037456120980941,0.0,0.0,0.040000000000000036,1.203577020710783,0.01,Valid,0.49,0.22599999999999998,30.304418764996026,0.39821148964460856,0.002909580309745941,0.18182268374062702,0.0,0.0,-0.1731512624985249,-0.1037456120980941
TRN-0759,1.409398706905807,0.0,0.0,0.0,0.0558798933240063,0.0,0.0,0.19999999999999996,1.1535188135818006,0.05,Valid,0.45,0.186,23.439532856818666,0.4232405932090996,0.0050437172821849435,0.19838396365410477,0.0,0.0,0.0940025317811752,0.0558798933240063
TRN-0090,1.3650013919315858,0.0,0.0,0.0,0.0687008682268038,0.0,0.0,0.0,1.296300523704782,0.0,Valid,0.5,0.236,19.035368954892142,0.351849738147609,0.0019763570852350605,0.2143099373625681,0.0,0.0,-0.1144993805826715,-0.0687008682268038
TRN-0346,2.697593781843526,0.0,0.0,0.0,0.0241119093758851,0.0,0.0,1.52,1.1534818724676408,0.62,Invalid,0.12,0.384,18.384069412092604,0.4232590637661796,0.00675421442517587,0.2868752765725583,0.0,0.0,0.0408347286414763,0.0241119093758851
TRN-0250,1.6832570046512132,0.0,0.0,0.0,0.2924417292649251,0.0,0.0,0.040000000000000036,1.350815275386288,0.01,Valid,0.49,0.22599999999999998,27.60690933780348,0.32459236230685595,0.002346188028809249,0.3309347799037757,0.0,0.0,0.4899191610583813,0.2924417292649251
TRN-0585,0.9732489191686406,0.0,0.0,0.0,0.0600294522317724,0.0,0.0,0.040000000000000036,0.8732194669368682,0.01,Valid,0.49,0.22599999999999998,20.234201715467403,0.5633902665315659,0.0019958125233887065,0.06475882742682794,0.0,0.0,0.1009473518076831,0.0600294522317724
TRN-0057,1.4446870282991593,0.0,0.0,0.0,0.2327975754299522,0.0,0.0,0.0,1.211889452869207,0.0,Valid,0.5,0.236,22.3085820214437,0.3940552735653965,0.0024023202734083284,0.16109387457669094,0.0,0.0,0.3900970056861546,0.2327975754299522
TRN-0187,1.501973861890727,0.0,0.0,0.0,0.0222183866182141,0.0,0.0,0.1200000000000001,1.3597554752725127,0.03,Valid,0.47,0.206,32.35317901386297,0.3201222623637437,0.003285435106906622,0.3926042425139351,0.0,0.0,0.0376656749997721,0.0222183866182141
TRN-0557,1.558333970897583,0.0,0.0,0.0,0.293665460128554,0.0,0.0,0.040000000000000036,1.224668510769029,0.99,Invalid,0.49,0.754,16.130367410971726,0.38766574461548553,0.012194370767818851,0.4187318678633435,0.0,0.0,0.4919672319010146,0.293665460128554
TRN-0098,0.6861909704211895,0.0,0.0,0.0,0.2062437293736479,0.0,0.0,0.0,0.4799472410475416,0.0,Valid,0.5,0.236,24.51888546983107,0.7600263794762292,0.0018091372132045605,0.24686554934157462,0.0,0.0,0.3456557322950253,0.2062437293736479
TRN-0734,5.7583935782060625,0.0,0.0,0.0,4.306386108923429,0.0,0.0,0.08000000000000007,1.3720074692826336,0.98,Invalid,0.48,0.744,29.724233012613173,0.3139962653586832,0.04373700779683387,0.5954825162802014,0.0,0.0,-7.206810148974728,-4.306386108923429
TRN-0718,5.202855015588454,0.0,0.0,0.0,0.0462604034978829,1.0,1.0,1.7999999999999998,1.3565946120905708,0.55,Invalid,0.050000000000000044,0.31400000000000006,44.44174668573824,0.3217026939547146,0.10307810488587082,0.604743878119613,1.0,1.0,0.0779030795082551,0.0462604034978829
TRN-0389,1.5417772545765998,0.0,0.0,0.0,0.2791796503692285,0.0,0.0,0.040000000000000036,1.2225976042073712,0.01,Valid,0.49,0.22599999999999998,22.00313492462852,0.38870119789631447,0.005217625679586943,0.17468883332789664,0.0,0.0,-0.4667626678062806,-0.2791796503692285
TRN-0680,1.514415308709904,0.0,0.0,0.0,0.1959209916063412,0.0,0.0,0.1200000000000001,1.1984943171035627,0.03,Valid,0.47,0.206,22.228983478936883,0.4007528414482187,0.0027962759526693804,0.3529720029211644,0.0,0.0,-0.3274186041096492,-0.1959209916063412
TRN-0709,1.775562332743187,0.0,0.0,0.0,0.0317791716373972,0.0,0.0,0.24,1.50378316110579,0.06,Valid,0.44,0.176,53.65846917118232,0.2481084194471051,0.007074181155308778,0.3603626558529956,0.0,0.0,0.0536668772350488,0.0317791716373972
TRN-0406,1.5889698299381498,0.0,0.0,0.0,0.1996912797941253,0.0,0.0,0.1200000000000001,1.2692785501440245,0.97,Invalid,0.47,0.734,21.46705990287296,0.3653607249279878,0.016995327436975283,0.360172055095478,0.0,0.0,0.3346893659717551,0.1996912797941253
TRN-0496,2.007588337483019,0.0,0.0,0.0,0.4736198176559046,0.0,0.0,0.1200000000000001,1.4139685198271144,0.03,Valid,0.47,0.206,14.653711242920735,0.2930157400864429,0.006603173099268022,0.14554345364261215,0.0,0.0,-0.792183272199388,-0.4736198176559046
TRN-0500,1.2311778138670206,0.0,0.0,0.0,0.2901605884047441,0.0,0.0,0.0,0.9410172254622766,0.0,Valid,0.5,0.236,24.473646616261984,0.5294913872688617,0.002321666455034394,0.31212769045757227,0.0,0.0,-0.4851406785958527,-0.2901605884047441
TRN-0238,1.5567437152599406,0.0,0.0,0.0,0.0547685200196621,0.0,0.0,0.1200000000000001,1.3819751952402783,0.03,Valid,0.47,0.206,39.13158913833658,0.30901240237986083,0.0044043946241595884,0.10721262558731293,0.0,0.0,-0.0911818056317166,-0.0547685200196621
TRN-0494,1.4297539424120302,0.0,0.0,0.0,0.2118375488738355,0.0,0.0,0.08000000000000007,1.1379163935381946,0.02,Valid,0.48,0.216,33.42174756316685,0.43104180323090263,0.003098204478041606,0.30854212787673485,0.0,0.0,0.355017708002098,0.2118375488738355
TRN-0597,1.5350770548413406,0.0,0.0,0.0,0.3104462281007677,0.0,0.0,0.0,1.224630826740573,0.0,Valid,0.5,0.236,15.385885697522726,0.3876845866297135,0.0036155172155051514,0.05879946195095072,0.0,0.0,-0.5190913032147257,-0.3104462281007677
TRN-0749,1.3276773122585888,0.0,0.0,0.0,0.2280070232386761,0.0,0.0,0.0,1.0996702890199126,0.0,Valid,0.5,0.236,18.797355475487773,0.4501648554900437,0.0010741106309680045,0.12491231980278619,0.0,0.0,0.3820794010357566,0.2280070232386761
TRN-0973,1.2529999831414258,0.0,0.0,0.0,0.0252827363375931,0.0,0.0,0.0,1.2277172468038327,0.0,Valid,0.5,0.236,21.657576441014264,0.3861413765980836,0.0027103368326106513,0.15812807504394916,0.0,0.0,0.0427942580063991,0.0252827363375931
TRN-0995,2.9232215992937762,0.0,0.0,0.0,0.2714899505934974,0.0,1.0,0.24,1.411731648700279,0.06,Valid,0.44,0.176,35.80509019720408,0.2941341756498605,0.004001134983745161,0.19646067849190998,0.0,1.0,0.4548536672691572,0.2714899505934974
TRN-0420,2.0771692172276857,0.0,0.0,0.0,0.1691441237024692,0.0,0.0,0.56,1.3480250935252163,0.14,Valid,0.36,0.09599999999999997,41.17834192283875,0.3259874532373918,0.0032858621466282513,0.2734423341049955,0.0,0.0,0.2835647751191814,0.1691441237024692
TRN-0621,1.6763879585096504,0.0,0.0,0.0,0.0525356606947372,0.0,0.0,0.32000000000000006,1.3038522978149132,0.08,Valid,0.42,0.15599999999999997,52.13512938531472,0.3480738510925434,0.008565420845241983,0.5009417402207469,0.0,0.0,0.088405528761509,0.0525356606947372
TRN-0128,1.5629255522163337,0.0,0.0,0.0,0.047625309202866,0.0,0.0,0.24,1.2753002430134677,0.06,Valid,0.44,0.176,50.76859575190422,0.3623498784932662,0.006806092821623617,0.7162071759643686,0.0,0.0,0.0801874245880469,0.047625309202866
TRN-0436,1.7607565146649957,0.0,0.0,0.0,0.1278386172370008,0.0,0.0,0.1200000000000001,1.5129178974279949,0.03,Valid,0.47,0.206,13.487397489636974,0.24354105128600262,0.005249035851575558,0.1734918392556657,0.0,0.0,0.2144347025301254,0.1278386172370008
TRN-0733,1.6566309931158085,0.0,0.0,0.0,0.2705257532082777,0.0,0.0,0.0,1.3861052399075309,0.0,Valid,0.5,0.236,35.397155257905915,0.3069473800462346,0.0028283988546908227,0.4763613562649762,0.0,0.0,-0.4522792589316093,-0.2705257532082777
TRN-0451,1.4753696000441987,0.0,0.0,0.0,0.0260772311717267,0.0,0.0,0.15999999999999992,1.289292368872472,0.04,Valid,0.46,0.19599999999999998,16.06355363140375,0.355353815563764,0.0031767113274146067,0.2036703147918223,0.0,0.0,0.0441239471993206,0.0260772311717267
TRN-0061,1.6329126190466488,0.0,0.0,0.0,0.0261903749697649,0.0,0.0,0.28,1.3267222440768838,0.07,Valid,0.43,0.16599999999999998,31.403022103389645,0.3366388779615581,0.0030308507709405526,0.27413921530461416,0.0,0.0,0.0443133078836623,0.0261903749697649
TRN-0051,2.3483028244357342,0.0,0.0,0.0,0.1464191908429644,0.0,0.0,0.72,1.4818836335927696,0.18,Valid,0.32,0.055999999999999994,42.061838514472186,0.2590581832036151,0.012215381366279667,0.3524347354522691,0.0,0.0,-0.2445709798365491,-0.1464191908429644
TRN-0093,1.6587552226646762,0.0,0.0,0.0,0.2910315026788895,0.0,0.0,0.0,1.3677237199857868,0.0,Valid,0.5,0.236,17.873334392357272,0.31613814000710655,0.0038864603911667396,0.10705552088858919,0.0,0.0,0.4875589656606767,0.2910315026788895
TRN-0457,1.5944124066498362,0.0,0.0,0.0,0.1154861150243028,0.0,0.0,0.1200000000000001,1.3589262916255334,0.03,Valid,0.47,0.206,39.818820421656206,0.3205368541872334,0.004882104720996322,0.29403932501547997,0.0,0.0,-0.1928005027323749,-0.1154861150243028
TRN-0939,1.223998629588998,0.0,0.0,0.0,0.0676769921916253,0.0,0.0,0.08000000000000007,1.0763216373973725,0.02,Valid,0.48,0.216,19.356322170927456,0.46183918130131374,0.0017396269294280313,0.1490709884460946,0.0,0.0,-0.1127857924756412,-0.0676769921916253
TRN-0872,4.004404938786946,0.0,0.0,0.0,0.4287909552637313,1.0,1.0,0.3599999999999999,1.215613983523215,0.91,Invalid,0.41000000000000003,0.674,21.91102598119288,0.39219300823839254,0.04427288679350325,0.2509582720490603,1.0,1.0,0.7181171108556832,0.4287909552637313
TRN-0652,2.3192544399416573,0.0,0.0,0.0,0.364171843312547,0.0,0.0,0.6800000000000002,1.27508259662911,0.83,Invalid,0.32999999999999996,0.594,27.033946252571823,0.362458701685445,0.034289693380284425,0.5141348157147784,0.0,0.0,0.6099687238225826,0.364171843312547
TRN-0084,1.9947201471851406,0.0,0.0,0.0,0.1078905776214844,0.0,0.0,0.43999999999999995,1.4468295695636564,0.11,Valid,0.39,0.126,48.34951381535966,0.27658521521817186,0.008812711068450206,0.7101035655326235,0.0,0.0,0.1810490950256422,0.1078905776214844
TRN-0461,1.3882277875541142,0.0,0.0,0.0,0.0628692851843995,0.0,0.0,0.040000000000000036,1.2853585023697147,0.01,Valid,0.49,0.22599999999999998,15.47609055366687,0.35732074881514264,0.0025505254566039084,0.15691954164781127,0.0,0.0,-0.1047394770364569,-0.0628692851843995
TRN-0615,1.1913904633723331,0.0,0.0,0.0,0.0125049424594365,0.0,0.0,0.0,1.1788855209128966,0.0,Valid,0.5,0.236,21.72807709192489,0.41055723954355167,0.0025065592501373963,0.1804434012028548,0.0,0.0,-0.0204482779589803,-0.0125049424594365
TRN-0828,2.2554080273129395,0.0,0.0,0.0,0.1114610526234451,0.0,1.0,0.0,1.1439469746894941,0.0,Valid,0.5,0.236,18.183343746848355,0.42802651265525293,0.003262795438976226,0.0930246514342058,0.0,1.0,0.1870247437268464,0.1114610526234451
TRN-0082,1.1769932849828355,0.0,0.0,0.0,0.0118093136670963,0.0,0.0,0.1200000000000001,1.0451839713157391,0.03,Valid,0.47,0.206,20.2825046746294,0.4774080143421304,0.0028014839993764154,0.166674087950924,0.0,0.0,0.0202447539103012,0.0118093136670963
TRN-0969,2.4886440563686887,0.0,0.0,0.0,0.0191351381508873,0.0,1.0,0.08000000000000007,1.3895089182178013,0.02,Valid,0.48,0.216,20.15025641897772,0.30524554089109934,0.003872408906524309,0.05203469279891328,0.0,1.0,-0.0315447623904887,-0.0191351381508873
TRN-0675,1.3863000799967984,0.0,0.0,0.0,0.0905555558828776,0.0,0.0,0.0,1.2957445241139207,0.0,Valid,0.5,0.236,21.186572905472108,0.35212773794303964,0.001301409672795131,0.07960026089937564,0.0,0.0,0.1520367086958778,0.0905555558828776
TRN-0458,1.9676717115551339,0.0,0.0,0.0,0.0154542943112685,0.0,0.0,0.6400000000000001,1.3122174172438652,0.84,Invalid,0.33999999999999997,0.604,23.66932701706079,0.34389129137806745,0.08054795439622296,0.48641646916815123,0.0,0.0,0.0263450973772911,0.0154542943112685
TRN-0190,1.3688371161684092,0.0,0.0,0.0,0.2469410727730779,0.0,0.0,0.0,1.1218960433953313,0.0,Valid,0.5,0.236,23.245742114644276,0.4390519783023343,0.0027228502439872087,0.15185323460392403,0.0,0.0,-0.4128072657280377,-0.2469410727730779
TRN-0202,1.4522798134495645,0.0,0.0,0.0,0.0301361743125676,0.0,0.0,0.1200000000000001,1.3021436391369967,0.97,Invalid,0.47,0.734,50.9569735423092,0.3489281804315016,0.014638537547304509,0.4374089983828976,0.0,0.0,-0.0499564099766907,-0.0301361743125676
TRN-0068,1.581021528922564,0.0,0.0,0.0,0.1958360711584933,0.0,0.0,0.0,1.3851854577640708,0.0,Valid,0.5,0.236,17.240598390438105,0.3074072711179646,0.003394342604152163,0.3638077585207325,0.0,0.0,0.3282371789479743,0.1958360711584933
TRN-0214,1.579634590915181,0.0,0.0,0.0,0.0792725042147122,0.0,0.0,0.08000000000000007,1.4203620867004687,0.02,Valid,0.48,0.216,18.40445577456913,0.28981895664976565,0.0028511518195157995,0.09126934573570043,0.0,0.0,0.1331530719222087,0.0792725042147122
TRN-0477,1.2893911008731083,0.0,0.0,0.0,0.0341465623009732,0.0,0.0,0.08000000000000007,1.175244538572135,0.02,Valid,0.48,0.216,15.769842248532225,0.4123777307139324,0.0035436493061860508,0.12026710659247257,0.0,0.0,-0.056668309586989,-0.0341465623009732
TRN-0394,1.6393555506027542,0.0,0.0,0.0,0.2488773588907688,0.0,0.0,0.040000000000000036,1.3504781917119852,0.01,Valid,0.49,0.22599999999999998,15.78852612422522,0.32476090414400743,0.001756063894275395,0.0695418865064817,0.0,0.0,0.4170085894671658,0.2488773588907688
TRN-0530,1.767545266387328,0.0,0.0,0.0,0.1214169058123054,0.0,0.0,0.28,1.3661283605750225,0.07,Valid,0.43,0.16599999999999998,40.68768633164184,0.3169358197124887,0.006194863607200788,0.2613763775610599,0.0,0.0,-0.202726443188471,-0.1214169058123054
TRN-0037,1.9967976423595537,0.0,0.0,0.0,0.3569643994995349,0.0,0.0,0.28,1.3598332428600188,0.07,Valid,0.43,0.16599999999999998,39.621403821955,0.32008337856999053,0.003833074397128915,0.15734971944024942,0.0,0.0,-0.5969454403670049,-0.3569643994995349
TRN-0267,3.0906146325161314,0.0,0.0,0.0,0.0796144232327688,0.0,0.0,1.6,1.411000209283363,0.6,Invalid,0.09999999999999998,0.364,27.504985411235964,0.29449989535831855,0.023882042021183558,3.1459517995913004,0.0,0.0,0.1337253173335462,0.0796144232327688
TRN-0440,1.5558763288217157,0.0,0.0,0.0,0.0459569953024627,0.0,0.0,0.040000000000000036,1.4699193335192529,0.01,Valid,0.49,0.22599999999999998,19.926331374958743,0.26504033324037357,0.005715123161214519,0.25989142441801716,0.0,0.0,0.0773952869070182,0.0459569953024627
TRN-0697,1.548437078865282,0.0,0.0,0.0,0.061077043430968,0.0,0.0,0.3599999999999999,1.127360035434314,0.09,Valid,0.41000000000000003,0.146,22.90631161529098,0.43631998228284297,0.0035185353896052696,0.127969261996322,0.0,0.0,0.1027006302889574,0.061077043430968
TRN-0974,1.2387783378194646,0.0,0.0,0.0,0.0539916323330119,0.0,0.0,0.040000000000000036,1.1447867054864527,0.01,Valid,0.49,0.22599999999999998,16.194624385988465,0.4276066472567736,0.005253405174068036,0.11045302515635039,0.0,0.0,0.090842284382111,0.0539916323330119
TRN-0869,1.5893006820144797,0.0,0.0,0.0,0.3100624931448031,0.0,0.0,0.040000000000000036,1.2392381888696766,0.01,Valid,0.49,0.22599999999999998,29.395596299133555,0.38038090556516163,0.004671224890074597,0.32013923610238115,0.0,0.0,-0.5184490734581928,-0.3100624931448031
TRN-0025,3.2720378763389797,0.0,0.0,0.0,0.0720658935138593,0.0,0.0,1.92,1.2799719828251204,0.52,Invalid,0.020000000000000018,0.28400000000000003,22.4172708679526,0.3600140085874398,0.08803224970722834,0.30648389415145083,0.0,0.0,-0.1201311827868796,-0.0720658935138593
TRN-0523,6.598675023890278,0.0,3.0,2.0,0.1661284741000946,0.0,0.0,0.0,1.4325465497901835,1.0,Invalid,0.5,0.764,15.221550385067763,0.2837267251049082,0.02484819205578598,0.37878162454964354,0.0,0.0,-0.2775569978964594,-0.1661284741000946
TRN-0172,1.5212777836196723,0.0,0.0,0.0,0.2302273091491371,0.0,0.0,0.0,1.2910504744705351,0.0,Valid,0.5,0.236,19.777982336939147,0.35447476276473244,0.002323944542706555,0.20348599084237642,0.0,0.0,-0.3848346346812477,-0.2302273091491371
TRN-0723,1.4124718195307266,0.0,0.0,0.0,0.0573606785131126,0.0,0.0,0.08000000000000007,1.275111141017614,0.02,Valid,0.48,0.216,18.277198015244284,0.36244442949119304,0.0032873164927609104,0.21095315442642204,0.0,0.0,-0.0955201159479059,-0.0573606785131126
TRN-0041,1.3753221947570033,0.0,0.0,0.0,0.0824725999544998,0.0,0.0,0.040000000000000036,1.2528495948025036,0.01,Valid,0.49,0.22599999999999998,15.899949612830303,0.3735752025987482,0.005992922580228722,0.3074717205138839,0.0,0.0,-0.1375481432169838,-0.0824725999544998
TRN-0958,1.5328213347197592,0.0,0.0,0.0,0.1606685860232835,0.0,0.0,0.08000000000000007,1.2921527486964757,0.02,Valid,0.48,0.216,21.2163873967833,0.3539236256517622,0.0028977978326999816,0.32513752401447854,0.0,0.0,-0.2684191736358219,-0.1606685860232835
TRN-0364,1.6136279092719115,0.0,0.0,0.0,0.0899178566145729,0.0,0.0,0.15999999999999992,1.3637100526573387,0.04,Valid,0.46,0.19599999999999998,36.86234702922945,0.3181449736713307,0.006039063001480121,0.29887116816993503,0.0,0.0,0.1509694370296959,0.0899178566145729
TRN-0553,1.7558740004929831,0.0,0.0,0.0,0.1732433372406117,0.0,0.0,0.15999999999999992,1.4226306632523715,0.04,Valid,0.46,0.19599999999999998,31.42145668750081,0.28868466837381423,0.004906192917814837,0.6173348761667332,0.0,0.0,0.2904253357005348,0.1732433372406117
TRN-0253,1.613702897674288,0.0,0.0,0.0,0.1113531024531877,0.0,0.0,0.08000000000000007,1.4223497952211002,0.02,Valid,0.48,0.216,21.904073920935957,0.28882510238945,0.001687355990230702,0.1112388631038504,0.0,0.0,0.186844075245947,0.1113531024531877
TRN-0566,1.2431707044540872,0.0,0.0,0.0,0.0664194855950412,0.0,0.0,0.0,1.1767512188590459,0.0,Valid,0.5,0.236,26.85823175896273,0.4116243905704771,0.0037782113691102585,0.07849838270504393,0.0,0.0,0.1116418937235064,0.0664194855950412
TRN-0777,2.58667789445797,0.0,0.0,0.0,0.2588477163039202,0.0,0.0,0.7999999999999998,1.5278301781540495,0.8,Invalid,0.30000000000000004,0.5640000000000001,41.9596557524503,0.23608491092297526,0.12074395068591635,0.20741855160958006,0.0,0.0,-0.4327345636118505,-0.2588477163039202
TRN-0485,1.6720926396673426,0.0,0.0,0.0,0.255217857603432,0.0,0.0,0.08000000000000007,1.3368747820639104,0.02,Valid,0.48,0.216,14.929697856591098,0.3315626089680448,0.0028201777144452344,0.09656573162444237,0.0,0.0,-0.4266595286606982,-0.255217857603432
TRN-0076,9.670800877627112,0.0,3.0,0.0,5.381221613235163,0.0,0.0,0.1200000000000001,1.1695792643919494,0.97,Invalid,0.47,0.734,20.162785836449515,0.4152103678040253,0.008541662601625057,0.59785667683254,0.0,0.0,9.006646175716515,5.381221613235163
TRN-0234,1.6396695521022036,0.0,0.0,0.0,0.2706014739877388,0.0,0.0,0.0,1.3690680781144646,0.0,Valid,0.5,0.236,38.21796538934353,0.31546596094276763,0.0032884858470821907,0.4735990054762382,0.0,0.0,-0.4524059873857204,-0.2706014739877388
TRN-0176,1.5684985641296718,0.0,0.0,0.0,0.0242703742705322,0.0,0.0,0.15999999999999992,1.3842281898591398,0.04,Valid,0.46,0.19599999999999998,21.927095585856563,0.3078859050704302,0.0031911395864716373,0.13519806743267054,0.0,0.0,-0.0401392398849065,-0.0242703742705322
TRN-0931,1.4042537298899211,0.0,0.0,0.0,0.0410205938203698,0.0,0.0,0.040000000000000036,1.3232331360695513,0.01,Valid,0.49,0.22599999999999998,15.711142869261662,0.3383834319652244,0.002941473298075462,0.09906130908340283,0.0,0.0,0.0691335847276466,0.0410205938203698
TRN-0945,2.5364177631906837,0.0,0.0,0.0,0.0522555311340194,0.0,0.0,1.48,1.0041622320566643,0.37,Invalid,0.13,0.134,28.09121690601943,0.49791888397166784,0.006742399494852771,4.476005269589774,0.0,0.0,0.0879366959466168,0.0522555311340194
TRN-0715,1.5200501494244147,0.0,0.0,0.0,0.3283316143198485,0.0,0.0,0.0,1.1917185351045663,0.0,Valid,0.5,0.236,36.50644393283546,0.4041407324477168,0.004308976158025577,0.4942080487270948,0.0,0.0,-0.5490247952212215,-0.3283316143198485
TRN-0103,1.5742808644310868,0.0,0.0,0.0,0.2685364319610906,0.0,0.0,0.040000000000000036,1.2657444324699962,0.01,Valid,0.49,0.22599999999999998,16.92482624838746,0.3671277837650019,0.0026292046338735383,0.27636044301454676,0.0,0.0,0.4499105743277329,0.2685364319610906
TRN-0522,1.3436318386149815,0.0,0.0,0.0,0.0159000999632089,0.0,0.0,0.24,1.0877317386517726,0.06,Valid,0.44,0.176,27.105647436349045,0.4561341306741137,0.002755451776790549,0.22696519066636403,0.0,0.0,-0.02613051029968,-0.0159000999632089
TRN-0612,1.7093876496160123,0.0,0.0,0.0,0.1801041028966483,0.0,0.0,0.08000000000000007,1.4492835467193639,0.02,Valid,0.48,0.216,36.26257106819159,0.27535822664031806,0.004282889013002603,0.2682548317344033,0.0,0.0,0.3019077085946868,0.1801041028966483
TRN-0706,1.6582466832337306,0.0,0.0,0.0,0.2708228426709552,0.0,0.0,0.1200000000000001,1.2674238405627754,0.03,Valid,0.47,0.206,16.817662908145916,0.3662880797186123,0.0025483114350114996,0.2728559241616925,0.0,0.0,-0.4527764763216808,-0.2708228426709552
TRN-0409,1.437329585410604,0.0,0.0,0.0,0.0733065613135685,0.0,0.0,0.040000000000000036,1.3240230240970354,0.01,Valid,0.49,0.22599999999999998,18.618862664129665,0.33798848795148234,0.0075303559026599935,0.13711941772704436,0.0,0.0,0.1231682998879275,0.0733065613135685
TRN-0741,1.5494286063452751,0.0,0.0,0.0,0.120367052382079,0.0,0.0,0.08000000000000007,1.349061553963196,0.02,Valid,0.48,0.216,38.80654712240183,0.325469223018402,0.008079254368013858,0.1151472487609706,0.0,0.0,0.2019300786924684,0.120367052382079
TRN-0162,1.575205726179893,0.0,0.0,0.0,0.0256523037474667,0.0,0.0,0.1200000000000001,1.4295534224324262,0.03,Valid,0.47,0.206,13.884984039946934,0.2852232887837869,0.006947842641751301,0.24909596510390097,0.0,0.0,0.043412776554101,0.0256523037474667
TRN-0980,1.566377887351097,0.0,0.0,0.0,0.2005116163524772,0.0,0.0,0.0,1.3658662709986198,0.0,Valid,0.5,0.236,34.167480136505546,0.3170668645006901,0.005769788250941493,0.39108373777846483,0.0,0.0,-0.3351016044910828,-0.2005116163524772
TRN-0072,2.1336754551502857,0.0,0.0,0.0,0.0034951347201536,0.0,0.0,0.6800000000000002,1.450180320430132,0.17,Valid,0.32999999999999996,0.06599999999999998,17.535281865692475,0.274909839784934,0.005705367207926054,0.24598074238354062,0.0,0.0,0.0063299071186015,0.0034951347201536
TRN-0670,1.2406449712079897,0.0,0.0,0.0,0.0429524840768029,0.0,0.0,0.1200000000000001,1.0776924871311866,0.03,Valid,0.47,0.206,16.150560084285125,0.4611537564344067,0.0034109356603117067,0.23514443042131394,0.0,0.0,-0.0714061511889454,-0.0429524840768029
TRN-0884,1.3107447134289996,0.0,0.0,0.0,0.1372485761075349,0.0,0.0,0.1200000000000001,1.0534961373214646,0.03,Valid,0.47,0.206,18.51947728004645,0.4732519313392677,0.0026925864085395137,0.37924242479647596,0.0,0.0,-0.2292227777057629,-0.1372485761075349
TRN-0765,1.7875957978004955,0.0,0.0,0.0,0.0111174331255986,0.0,0.0,0.43999999999999995,1.336478364674897,0.89,Invalid,0.39,0.654,18.70807199537237,0.3317608176625515,0.06845822827062233,0.3707863441791402,0.0,0.0,0.0190868029214499,0.0111174331255986
TRN-0208,1.420505141597558,0.0,0.0,0.0,0.127943220379691,0.0,0.0,0.0,1.292561921217867,0.0,Valid,0.5,0.236,31.72459143504976,0.3537190393910665,0.0021102683648975408,0.34875517238515225,0.0,0.0,-0.2136490692107315,-0.127943220379691
TRN-0116,0.8770799988826433,0.0,0.0,0.0,0.0971971262914199,0.0,0.0,0.0,0.7798828725912235,0.0,Valid,0.5,0.236,18.606101237657683,0.6100585637043883,0.0015853302712379184,0.16518138726193463,0.0,0.0,0.1631522301780243,0.0971971262914199
TRN-0807,1.4491562245481697,0.0,0.0,0.0,0.279337379033326,0.0,0.0,0.0,1.1698188455148437,0.0,Valid,0.5,0.236,24.483813037686968,0.4150905772425781,0.004665775325650687,0.14668294959578387,0.0,0.0,-0.4670266469928705,-0.279337379033326
TRN-0515,1.5497764870035589,0.0,0.0,0.0,0.1736216012538264,0.0,0.0,0.0,1.3761548857497325,0.0,Valid,0.5,0.236,48.71231735424836,0.3119225571251337,0.002601056462881889,0.34884176481797674,0.0,0.0,0.2910584091313914,0.1736216012538264
TRN-0771,1.5068437089273874,0.0,0.0,0.0,0.041224115517814,0.0,0.0,0.19999999999999996,1.2656195934095735,0.05,Valid,0.45,0.186,21.45606022026635,0.3671902032952133,0.002217517325829061,0.27647770239687747,0.0,0.0,0.0694742044396825,0.041224115517814
TRN-0252,1.4825742886304698,0.0,0.0,0.0,0.0021671861525174,0.0,0.0,0.1200000000000001,1.3604071024779523,0.03,Valid,0.47,0.206,46.12524165436054,0.3197964487610238,0.013172279483470762,0.5594863405493541,0.0,0.0,-0.0031467144373529,-0.0021671861525174
TRN-0762,1.5639495492162336,0.0,0.0,0.0,0.1717730035928102,0.0,0.0,0.0,1.3921765456234234,0.0,Valid,0.5,0.236,56.0379566659758,0.30391172718828824,0.006684559242963296,0.202065942986651,0.0,0.0,0.2879645434115545,0.1717730035928102
TRN-0722,1.4189622819818495,0.0,0.0,0.0,0.0713960741671188,0.0,0.0,0.040000000000000036,1.3075662078147308,0.01,Valid,0.49,0.22599999999999998,16.110124381630357,0.34621689609263456,0.001827094091853067,0.20422543136151264,0.0,0.0,0.1199708541617763,0.0713960741671188
TRN-0309,1.4828870239672793,0.0,0.0,0.0,0.1588775791532935,0.0,0.0,0.040000000000000036,1.2840094448139858,0.01,Valid,0.49,0.22599999999999998,36.80957386735605,0.35799527759300714,0.0047728614893954545,0.5139231253803149,0.0,0.0,-0.2654216935048517,-0.1588775791532935
TRN-0454,1.1495362306254264,0.0,0.0,0.0,0.1476405742347234,0.0,0.0,0.040000000000000036,0.9618956563907031,0.01,Valid,0.49,0.22599999999999998,24.476554588208483,0.5190521718046485,0.002268460711698969,0.17139651740383763,0.0,0.0,0.2475758220029575,0.1476405742347234
TRN-0312,1.9783242582943188,0.0,0.0,0.0,0.0521385432417096,0.0,0.0,0.43999999999999995,1.4861857150526092,0.11,Valid,0.39,0.126,44.06373139151056,0.2569071424736954,0.007924413842259885,0.6264844299550311,0.0,0.0,-0.0867802015569818,-0.0521385432417096
TRN-0191,1.661923185090977,0.0,0.0,0.0,0.276970995169933,0.0,0.0,0.08000000000000007,1.304952189921044,0.02,Valid,0.48,0.216,16.50642698102845,0.34752390503947805,0.0019409845492245734,0.31829274205928326,0.0,0.0,0.4640268996504044,0.276970995169933
TRN-0913,1.4447685245450408,0.0,0.0,0.0,0.0645631188532819,0.0,0.0,0.040000000000000036,1.340205405691759,0.01,Valid,0.49,0.22599999999999998,22.60471253019149,0.32989729715412053,0.0024118549729617764,0.2130348872698999,0.0,0.0,-0.1075743253291783,-0.0645631188532819
TRN-0426,1.7323890520677705,0.0,0.0,0.0,0.2971824565248679,0.0,0.0,0.08000000000000007,1.3552065955429025,0.02,Valid,0.48,0.216,36.99340889165603,0.32239670222854877,0.0045031297062705315,0.3406010576417212,0.0,0.0,-0.4968926771643911,-0.2971824565248679
TRN-0286,1.75278645931439,0.0,0.0,0.0,0.2643453213425263,0.0,0.0,0.040000000000000036,1.4484411379718638,0.01,Valid,0.49,0.22599999999999998,14.130507174521592,0.2757794310140681,0.0035338404414429624,0.10747813443048493,0.0,0.0,-0.4419355120544637,-0.2643453213425263
TRN-0400,1.4093850093698814,0.0,0.0,0.0,0.3234178964678385,0.0,0.0,0.040000000000000036,1.045967112902043,0.01,Valid,0.49,0.22599999999999998,18.827508715663004,0.4770164435489785,0.002290539594995558,0.41192531646879177,0.0,0.0,0.5417617571310949,0.3234178964678385
TRN-0498,1.5530718502873104,0.0,0.0,0.0,0.2077258587828151,0.0,0.0,0.0,1.3453459915044954,0.0,Valid,0.5,0.236,13.944374200477808,0.3273270042477523,0.0023072962685028184,0.08424866812595959,0.0,0.0,-0.3471755661867526,-0.2077258587828151
TRN-0379,1.4103803432034288,0.0,0.0,0.0,0.1229516594910383,0.0,0.0,0.0,1.2874286837123905,0.0,Valid,0.5,0.236,28.393447304580985,0.3562856581438047,0.0025797891808275186,0.17841825628845445,0.0,0.0,-0.2052950506768169,-0.1229516594910383
TRN-0120,7.8503887632186515,0.0,0.0,0.0,4.343413407370345,1.0,1.0,0.1200000000000001,1.3869753558483064,0.97,Invalid,0.47,0.734,48.97669375956061,0.3065123220758467,0.009659965635553009,0.14512742401798923,1.0,1.0,-7.268780090719709,-4.343413407370345
TRN-0062,1.6087377586885283,0.0,0.0,0.0,0.1055673515437984,0.0,0.0,0.040000000000000036,1.4631704071447298,0.01,Valid,0.49,0.22599999999999998,26.30570655364552,0.26841479642763516,0.004666584974418619,0.30265702489953594,0.0,0.0,-0.1762001775439117,-0.1055673515437984
TRN-0216,1.7321458214939076,0.0,0.0,0.0,0.096380520299718,0.0,0.0,0.19999999999999996,1.4357653011941898,0.05,Valid,0.45,0.186,13.132614781359877,0.2821173494029051,0.010112024093076271,0.05480027434838178,0.0,0.0,-0.1608248350021703,-0.096380520299718
TRN-0246,1.44408599511731,0.0,0.0,0.0,0.0484161586526472,0.0,0.0,0.040000000000000036,1.3556698364646627,0.01,Valid,0.49,0.22599999999999998,41.75100845702632,0.3221650817676686,0.005712841305914188,0.2571956735948322,0.0,0.0,0.0815110127618439,0.0484161586526472
TRN-0303,1.3293606610393762,0.0,0.0,0.0,0.0297345210276125,0.0,0.0,0.1200000000000001,1.1796261400117636,0.03,Valid,0.47,0.206,37.18596794052497,0.4101869299941182,0.007366160334193329,0.4272072911169208,0.0,0.0,0.0502448917137758,0.0297345210276125
TRN-0213,1.789714338659578,0.0,0.0,0.0,0.3391121651275843,0.0,0.0,0.040000000000000036,1.4106021735319936,0.01,Valid,0.49,0.22599999999999998,26.7209063733924,0.29469891323400327,0.004123799158050194,0.27260195925005176,0.0,0.0,-0.5670674322365024,-0.3391121651275843
TRN-0156,1.118681102242784,0.0,0.0,0.0,0.4040862420909901,0.0,0.0,0.040000000000000036,0.6745948601517939,0.01,Valid,0.49,0.22599999999999998,25.270346322509965,0.662702569924103,0.0035384778425949443,0.1112238519989379,0.0,0.0,0.6767705989480959,0.4040862420909901
TRN-0703,1.4236927914990307,0.0,0.0,0.0,0.2782070831180775,0.0,0.0,0.0,1.1454857083809533,0.0,Valid,0.5,0.236,22.20390621685696,0.4272571458095234,0.0010198509292256353,0.06859272584752048,0.0,0.0,0.4660956516617887,0.2782070831180775
TRN-0702,1.860042155755183,0.0,0.0,0.0,0.3652400442089307,0.0,0.0,0.1200000000000001,1.374802111546252,0.03,Valid,0.47,0.206,18.1010349318908,0.312598944226874,0.00694855019022491,0.09390075593725923,0.0,0.0,0.6117564952803285,0.3652400442089307
TRN-0784,1.9395868978222648,0.0,0.0,0.0,0.2740493119096769,0.0,0.0,0.24,1.4255375859125878,0.06,Valid,0.44,0.176,16.466497113517903,0.2872312070437061,0.004261364591444122,0.26758141971775534,0.0,0.0,0.4591370872949358,0.2740493119096769
TRN-0929,3.667063383134475,0.0,0.0,2.0,0.1614183163342047,0.0,0.0,0.20000000000000018,1.30564506680027,0.95,Invalid,0.44999999999999996,0.714,21.265441472795032,0.34717746659986504,0.01847114734404172,0.5997094448751811,0.0,0.0,-0.2696739436471649,-0.1614183163342047
TRN-0997,1.4053003384980984,0.0,0.0,0.0,0.3079053061282094,0.0,0.0,0.0,1.0973950323698891,0.0,Valid,0.5,0.236,18.287060852463984,0.45130248381505544,0.0017767992665892382,0.2475734828420022,0.0,0.0,0.5157994439194322,0.3079053061282094
TRN-0368,1.420709201750352,0.0,0.0,0.0,0.1506196070562912,0.0,0.0,0.0,1.2700895946940607,0.0,Valid,0.5,0.236,19.51746186155597,0.3649552026529697,0.0007129089880281352,0.2540552290625861,0.0,0.0,0.2525616162183688,0.1506196070562912
TRN-0015,1.5268777196973908,0.0,0.0,0.0,0.1259407336534483,0.0,0.0,0.040000000000000036,1.3609369860439424,0.01,Valid,0.49,0.22599999999999998,45.756773649848085,0.3195315069780288,0.009349580037205183,0.3983189093250162,0.0,0.0,-0.2102976503663818,-0.1259407336534483
TRN-0342,1.3770450211939078,0.0,0.0,0.0,0.1418853320947818,0.0,0.0,0.0,1.235159689099126,0.0,Valid,0.5,0.236,20.34233341608232,0.38242015545043695,0.0022353241149966354,0.21693930858120858,0.0,0.0,-0.2369829846467936,-0.1418853320947818
TRN-0435,1.8868170284252044,0.0,0.0,0.0,0.3493416527269409,0.0,0.0,0.15999999999999992,1.3774753756982636,0.04,Valid,0.46,0.19599999999999998,16.026677080419688,0.3112623121508682,0.004696861361592499,0.06914655553934351,0.0,0.0,0.5851484942837057,0.3493416527269409
TRN-0219,1.4518100560875031,0.0,0.0,0.0,0.1346237447159632,0.0,0.0,0.0,1.3171863113715399,0.0,Valid,0.5,0.236,27.645720360484518,0.3414068443142301,0.005030737422219777,0.1881600032541202,0.0,0.0,0.2257904852158745,0.1346237447159632
TRN-0863,1.655079339988768,0.0,0.0,0.0,0.180007655631627,0.0,0.0,0.0,1.475071684357141,0.0,Valid,0.5,0.236,13.275209328991757,0.2624641578214295,0.005220599772453218,0.103003630690363,0.0,0.0,-0.3007855915841713,-0.180007655631627
TRN-0217,2.089025584510739,0.0,0.0,0.0,0.3663837017355686,0.0,0.0,0.48,1.2426418827751702,0.88,Invalid,0.38,0.644,18.649126761621364,0.37867905861241496,0.045566522654755075,0.6440328000702602,0.0,0.0,0.6136705531045461,0.3663837017355686
TRN-0791,1.0555403685953593,0.0,0.0,0.0,0.1179244886716587,0.0,0.0,0.0,0.9376158799237007,0.0,Valid,0.5,0.236,19.85657854814799,0.5311920600381497,0.0021446895495373327,0.1843083979157917,0.0,0.0,-0.1968814343481604,-0.1179244886716587
TRN-0993,1.9252282534774339,0.0,0.0,0.0,0.0751723608073297,0.0,0.0,0.43999999999999995,1.4100558926701043,0.11,Valid,0.39,0.126,54.92875583192327,0.29497205366494783,0.027945413575321373,0.23969747648447914,0.0,0.0,0.1262909550851993,0.0751723608073297
TRN-0481,1.817666188205688,0.0,0.0,0.0,0.0951860722628588,0.0,0.0,0.32000000000000006,1.402480115942829,0.08,Valid,0.42,0.15599999999999997,34.64810114741029,0.29875994202858547,0.0026193987552089273,0.17105937792457873,0.0,0.0,0.1597864728523959,0.0951860722628588
TRN-0237,1.6038004044323049,0.0,0.0,0.0,0.1018445731860296,0.0,0.0,0.1200000000000001,1.3819558312462752,0.03,Valid,0.47,0.206,15.220984887939885,0.3090220843768624,0.0031227677531520193,0.131594539693899,0.0,0.0,0.1709303297262465,0.1018445731860296
TRN-0424,1.5902449001033239,0.0,0.0,0.0,0.066273898557709,0.0,0.0,0.19999999999999996,1.323971001545615,0.05,Valid,0.45,0.186,28.32415980355969,0.3380144992271925,0.0022460380977366227,0.4624538474755752,0.0,0.0,0.1113982351094371,0.066273898557709
TRN-0224,1.4156619699028894,0.0,0.0,0.0,0.1928278159821831,0.0,0.0,0.0,1.2228341539207064,0.0,Valid,0.5,0.236,28.23412078552174,0.3885829230396468,0.0012891659675686481,0.48026215075562856,0.0,0.0,0.3232024773669977,0.1928278159821831
TRN-0024,2.4481700457098614,0.0,0.0,0.0,0.1795642843210085,0.0,1.0,0.040000000000000036,1.2286057613888528,0.01,Valid,0.49,0.22599999999999998,27.665456013059966,0.38569711930557365,0.003986713387107594,0.2698951841582715,0.0,1.0,-0.3000435527251976,-0.1795642843210085
TRN-0761,1.4488308103351815,0.0,0.0,0.0,0.0305295809745179,0.0,0.0,0.040000000000000036,1.3783012293606636,0.01,Valid,0.49,0.22599999999999998,14.644671679306445,0.3108493853196682,0.004066199158464463,0.16221742934086147,0.0,0.0,0.0515755266955348,0.0305295809745179
TRN-0551,1.536282169418379,0.0,0.0,0.0,0.2534166869109285,0.0,0.0,0.31999999999999984,0.9628654825074507,0.92,Invalid,0.42000000000000004,0.684,27.55252938187334,0.5185672587462746,0.036399612811633786,0.17602910296002205,0.0,0.0,-0.4236450380667591,-0.2534166869109285
TRN-0768,3.9417447941464636,0.0,0.0,0.0,0.1116903328639278,1.0,1.0,0.43999999999999995,1.3900544612825358,0.89,Invalid,0.39,0.654,44.2928197123815,0.3049727693587321,0.08321393518487735,1.4444900317413825,1.0,1.0,-0.1864477735508956,-0.1116903328639278
TRN-0109,1.587133969469544,0.0,0.0,0.0,0.1211421597263315,0.0,0.0,0.040000000000000036,1.4259918097432125,0.01,Valid,0.49,0.22599999999999998,40.03182214834312,0.28700409512839375,0.003273833127046377,0.5624102213639114,0.0,0.0,-0.2022666203103078,-0.1211421597263315
TRN-0873,1.2513910228719878,0.0,0.0,0.0,0.266461688260064,0.0,0.0,0.0,0.9849293346119237,0.0,Valid,0.5,0.236,22.670918877636108,0.5075353326940382,0.0014260996549357288,0.1204987162421771,0.0,0.0,0.4464382241514784,0.266461688260064
TRN-0589,3.197549885190882,0.0,0.0,0.0,0.0612059683030458,0.0,0.0,1.8,1.3363439168878362,0.45,Invalid,0.04999999999999999,0.21400000000000002,27.27015834024036,0.33182804155608187,0.03142299121217927,0.5858925014898637,0.0,0.0,-0.1019557025088957,-0.0612059683030458
TRN-0203,5.957191576575363,3.0,0.0,0.0,0.5026297372865766,0.0,0.0,1.0,1.4545618392887865,0.75,Invalid,0.25,0.514,15.07886221754865,0.2727190803556068,0.04202842887970127,0.2218795888461824,0.0,0.0,0.8416958004280808,0.5026297372865766
TRN-0963,1.3982505115206993,0.0,0.0,0.0,0.0591365521241187,0.0,0.0,0.0,1.3391139593965806,0.0,Valid,0.5,0.236,17.933519970332593,0.3304430203017097,0.003095337696371265,0.12704201481593883,0.0,0.0,0.099452968745016,0.0591365521241187
TRN-0445,0.7653188132608327,0.0,0.0,0.0,0.0333643188863345,0.0,0.0,0.08000000000000007,0.6519544943744982,0.02,Valid,0.48,0.216,19.561370471165898,0.6740227528127509,0.002660933509242956,0.1817704835008683,0.0,0.0,0.0563198248384146,0.0333643188863345
TRN-0935,5.738004746091892,0.0,0.0,0.0,4.220404569031088,0.0,0.0,0.16000000000000014,1.3576001770608044,0.96,Invalid,0.45999999999999996,0.724,29.77642659677811,0.3211999114695978,0.020340104429595475,0.4409135410780327,0.0,0.0,7.063869693953039,4.220404569031088
TRN-0415,1.8799711632326985,0.0,0.0,0.0,0.4434908009473831,0.0,0.0,0.1200000000000001,1.3164803622853154,0.03,Valid,0.47,0.206,36.25792491010431,0.34175981885734236,0.009535531306592288,0.4520510939039073,0.0,0.0,0.7427191914525721,0.4434908009473831
TRN-0209,3.005632191805608,0.0,0.0,0.0,0.0412269072227006,0.0,0.0,1.6800000000000002,1.2844052845829077,0.58,Invalid,0.07999999999999996,0.344,29.94769653164704,0.35779735770854615,0.013033270790077892,0.5679025268898471,0.0,0.0,-0.0685181765969424,-0.0412269072227006
TRN-0544,1.483281691122049,0.0,0.0,0.0,0.2373677262563046,0.0,0.0,0.0,1.2459139648657445,0.0,Valid,0.5,0.236,19.92966549713604,0.3770430175671277,0.0024934398934516964,0.1707006879183175,0.0,0.0,-0.3967850402124639,-0.2373677262563046
TRN-0111,1.3956147216430788,0.0,0.0,0.0,0.0311841090164443,0.0,0.0,0.040000000000000036,1.3244306126266345,0.01,Valid,0.49,0.22599999999999998,16.56584257968282,0.33778469368668274,0.002681199923137307,0.18685662035787096,0.0,0.0,0.052670963476773,0.0311841090164443
TRN-0526,1.5791145724811602,0.0,0.0,0.0,0.0574286735041761,0.0,0.0,0.08000000000000007,1.441685898976984,0.02,Valid,0.48,0.216,22.51087338242572,0.27915705051150796,0.002202631383282465,0.2574154020107037,0.0,0.0,-0.0956339143024145,-0.0574286735041761
TRN-0940,1.4624618194759795,0.0,0.0,0.0,0.0044353513836445,0.0,0.0,0.08000000000000007,1.3780264680923349,0.02,Valid,0.48,0.216,14.816434097309472,0.3109867659538325,0.004029410596343748,0.14857275990677835,0.0,0.0,-0.0069427803977806,-0.0044353513836445
TRN-0838,1.7027392964300696,0.0,0.0,0.0,0.2626480710790844,0.0,0.0,0.1200000000000001,1.320091225350985,0.03,Valid,0.47,0.206,30.628324296993668,0.33995438732450745,0.006734917384903814,0.7168062365161418,0.0,0.0,0.44005564577132,0.2626480710790844
TRN-0708,1.2375619345971336,0.0,0.0,0.0,0.0457849894486293,0.0,0.0,0.0,1.1917769451485043,0.0,Valid,0.5,0.236,16.404446372015713,0.4041115274257478,0.002690950038000947,0.1995966410714688,0.0,0.0,-0.0761467128892832,-0.0457849894486293
TRN-0075,1.5193481793032773,0.0,0.0,0.0,0.193602853785502,0.0,0.0,0.040000000000000036,1.2857453255177753,0.01,Valid,0.49,0.22599999999999998,15.238962255258285,0.3571273372411124,0.0032710149522853188,0.08560102840411449,0.0,0.0,0.3244996027187348,0.193602853785502
TRN-0321,12.771783461381744,0.0,0.0,2.0,9.396922046239204,0.0,0.0,0.040000000000000036,1.3348614151425404,0.99,Invalid,0.49,0.754,43.67508092811439,0.33256929242872985,0.007483314773547889,0.23196684054982183,0.0,0.0,-15.726476144549338,-9.396922046239204
TRN-0867,2.6569854895196032,0.0,0.0,0.0,0.0130622858986918,0.0,1.0,0.43999999999999995,1.2039232036209115,0.11,Valid,0.39,0.126,16.411429952681047,0.39803839818954423,0.007583088726155761,0.17883075118333497,0.0,1.0,0.0223417639395737,0.0130622858986918
TRN-0416,2.4101321335711834,0.0,0.0,0.0,0.0064052718308393,0.0,1.0,0.1200000000000001,1.283726861740344,0.03,Valid,0.47,0.206,24.8826224889323,0.35813656912982805,0.005119941688822874,0.19134260461803498,0.0,1.0,-0.0102396953895649,-0.0064052718308393
TRN-0188,2.700687612784742,0.0,0.0,0.0,0.2498119162196329,0.0,1.0,0.0,1.450875696565109,0.0,Valid,0.5,0.236,45.07187911524913,0.2745621517174454,0.0028909412031052012,0.49491437544124856,0.0,1.0,-0.417611991122655,-0.2498119162196329
TRN-0050,1.518395843622314,0.0,0.0,0.0,0.0269092888941667,0.0,0.0,0.15999999999999992,1.3314865547281474,0.04,Valid,0.46,0.19599999999999998,24.404636519421857,0.3342567226359263,0.004702596345420201,0.2688970332768794,0.0,0.0,-0.0445558025928516,-0.0269092888941667
TRN-0150,1.3936900354737882,0.0,0.0,0.0,0.079984739544858,0.0,0.0,0.0,1.3137052959289302,0.0,Valid,0.5,0.236,19.60295774672253,0.3431473520355349,0.003486605651439366,0.10974011065048428,0.0,0.0,-0.1333843891457498,-0.079984739544858
TRN-0142,1.2973072196014914,0.0,0.0,0.0,0.0372810746569361,0.0,0.0,0.0,1.2600261449445553,0.0,Valid,0.5,0.236,32.54117929090935,0.36998692752772233,0.002808136511692151,0.2944365552323747,0.0,0.0,-0.061914318781433,-0.0372810746569361
TRN-0133,2.227033390807056,0.0,0.0,0.0,0.2275423285002851,0.0,0.0,0.52,1.479491062306771,0.13,Valid,0.37,0.10599999999999998,15.834574076155643,0.2602544688466145,0.011281363800802111,0.15049128217251836,0.0,0.0,0.3813016746804685,0.2275423285002851
TRN-0906,1.4465952839682719,0.0,0.0,0.0,0.1480834284397408,0.0,0.0,0.0,1.298511855528531,0.0,Valid,0.5,0.236,34.15726519856228,0.3507440722357344,0.0019802129686704688,0.18928477774564306,0.0,0.0,0.2483169954192625,0.1480834284397408
TRN-0894,2.1559989098637367,0.0,0.0,0.0,0.0197882581898939,0.0,0.0,0.76,1.3762106516738428,0.19,Valid,0.31,0.045999999999999985,41.08313582314462,0.31189467416307853,0.017930279182962024,0.19566264755782406,0.0,0.0,0.033598542817506,0.0197882581898939
TRN-0944,6.606897440668654,0.0,0.0,0.0,3.26925922474257,1.0,1.0,0.08000000000000007,1.2576382159260842,0.98,Invalid,0.48,0.744,28.5959096229054,0.3711808920369579,0.009479191855513153,0.2672965446485224,1.0,1.0,5.472005743601102,3.26925922474257
TRN-0030,1.4860983583449543,0.0,0.0,0.0,0.0712325770455923,0.0,0.0,0.040000000000000036,1.3748657812993619,0.01,Valid,0.49,0.22599999999999998,28.45380116462583,0.31256710935031906,0.0029258689183738374,0.27203765533457214,0.0,0.0,-0.1187365206008799,-0.0712325770455923
TRN-0302,1.3473832869048807,0.0,0.0,0.0,0.1529263942601675,0.0,0.0,0.08000000000000007,1.1144568926447131,0.02,Valid,0.48,0.216,20.122727236212096,0.4427715536776434,0.0040139855850908806,0.0669501063726343,0.0,0.0,-0.2554616208933069,-0.1529263942601675
TRN-0623,3.3575440244603314,0.0,0.0,0.0,0.051917227312878,0.0,0.0,1.84,1.465626797147453,0.46,Invalid,0.03999999999999998,0.22400000000000003,24.865529175957,0.2671866014262735,0.062792022548829,10.424862676922386,0.0,0.0,0.0873705010318488,0.051917227312878
TRN-0230,1.156626741545073,0.0,0.0,0.0,0.0648755419389525,0.0,0.0,0.040000000000000036,1.0517511996061206,0.01,Valid,0.49,0.22599999999999998,22.997315706595305,0.4741244001969397,0.0053319143301227955,0.25749657641925766,0.0,0.0,0.1090579056271963,0.0648755419389525
TRN-0060,1.4755401137594217,0.0,0.0,0.0,0.0386315377453333,0.0,0.0,0.08000000000000007,1.3569085760140884,0.02,Valid,0.48,0.216,28.885637460380327,0.3215457119929558,0.004662541548021498,0.2744358042880495,0.0,0.0,-0.0641744922865754,-0.0386315377453333
TRN-0546,1.3489388488338483,0.0,0.0,0.0,0.101397669484731,0.0,0.0,0.0,1.2475411793491173,0.0,Valid,0.5,0.236,40.30935343326579,0.3762294103254414,0.00407467601871733,0.32141891271293327,0.0,0.0,-0.1692216788379923,-0.101397669484731
TRN-0210,1.63339942876256,0.0,0.0,0.0,0.0454886656189592,0.0,0.0,0.1200000000000001,1.4679107631436006,0.03,Valid,0.47,0.206,24.502231486519072,0.2660446184281997,0.002874754808665745,0.06946132033852075,0.0,0.0,0.0766114770040147,0.0454886656189592
TRN-0893,1.789513337052099,0.0,0.0,0.0,0.0896570818464643,0.0,0.0,0.24,1.4598562552056347,0.06,Valid,0.44,0.176,15.735175964889716,0.27007187239718267,0.00623868251550161,0.16343215278058598,0.0,0.0,-0.1495722968276283,-0.0896570818464643
TRN-0797,5.054043661148948,0.0,0.0,0.0,0.2243066703343241,1.0,1.0,1.96,0.869736990814624,0.51,Invalid,0.010000000000000009,0.274,18.883740284404027,0.565131504592688,0.08780052201010556,0.14603915467377376,1.0,1.0,0.3758863849763401,0.2243066703343241
TRN-0482,1.4428841977544737,0.0,0.0,0.0,0.0320457352607819,0.0,0.0,0.1200000000000001,1.2908384624936917,0.03,Valid,0.47,0.206,15.157149542139658,0.35458076875315414,0.003419741494978986,0.192331463200298,0.0,0.0,-0.0531523055910838,-0.0320457352607819
TRN-0469,1.4694851895661198,0.0,0.0,0.0,0.1353167203779947,0.0,0.0,0.0,1.334168469188125,0.0,Valid,0.5,0.236,16.070768290949793,0.3329157654059375,0.002686212316858068,0.0724913943785878,0.0,0.0,0.2269502690296558,0.1353167203779947
TRN-0078,1.621010127950161,0.0,0.0,0.0,0.1104630511515492,0.0,0.0,0.08000000000000007,1.4305470767986117,0.02,Valid,0.48,0.216,55.41330886287815,0.28472646160069415,0.03197038109097944,0.39938511419379963,0.0,0.0,-0.1843937599066158,-0.1104630511515492
TRN-0240,1.6207997205102764,0.0,0.0,0.0,0.0124517325371761,0.0,0.0,0.3599999999999999,1.2483479879731005,0.09,Valid,0.41000000000000003,0.146,42.7726672617712,0.3758260060134498,0.005824656692119805,0.4772597783070314,0.0,0.0,0.0213199244364954,0.0124517325371761
TRN-0787,1.6981327438483547,0.0,0.0,0.0,0.4160395242244278,0.0,0.0,0.0,1.2820932196239267,0.0,Valid,0.5,0.236,20.73159095024532,0.3589533901880366,0.0025234307465362856,0.14858205298600768,0.0,0.0,-0.6958152524065575,-0.4160395242244278
TRN-0658,1.420313985735804,0.0,0.0,0.0,0.0485099740624391,0.0,0.0,0.0,1.371804011673365,0.0,Valid,0.5,0.236,14.675610580064616,0.31409799416331746,0.006217984360104223,0.15724958057279084,0.0,0.0,-0.0807073247852834,-0.0485099740624391
TRN-0243,1.8808671728121191,0.0,0.0,0.0,0.0467381358027599,0.0,0.0,0.3599999999999999,1.4741290370093594,0.09,Valid,0.41000000000000003,0.146,17.320409951206067,0.2629354814953203,0.004127704131848465,0.16831447456915455,0.0,0.0,0.0787026259063097,0.0467381358027599
TRN-0506,1.402037618634512,0.0,0.0,0.0,0.0956053103313667,0.0,0.0,0.0,1.3064323083031453,0.0,Valid,0.5,0.236,17.44066552994783,0.34678384584842736,0.0025021609170558434,0.2994315535225814,0.0,0.0,0.1604881216297151,0.0956053103313667
TRN-0732,1.5953937501866728,0.0,0.0,0.0,0.0274309512059968,0.0,0.0,0.15999999999999992,1.4079627989806762,0.04,Valid,0.46,0.19599999999999998,30.629707693120764,0.29601860050966183,0.003928786531233679,0.4604330400596721,0.0,0.0,0.04638957162188,0.0274309512059968
TRN-0489,1.5752376597577964,0.0,0.0,0.0,0.0011604816042026,0.0,0.0,0.28,1.2940771781535938,0.07,Valid,0.43,0.16599999999999998,26.122321990915367,0.35296141092320316,0.009178885568709718,0.27299200557995246,0.0,0.0,-0.0014618650200262,-0.0011604816042026
TRN-0842,1.6170674731175516,0.0,0.0,0.0,0.2684498693553908,0.0,0.0,0.0,1.3486176037621609,0.0,Valid,0.5,0.236,14.897040800649007,0.32569119811891956,0.003336456421045315,0.11021373739127618,0.0,0.0,0.4497657006842992,0.2684498693553908
TRN-0988,2.2490841447381222,0.0,0.0,0.0,0.45688943464391,0.0,0.0,0.3599999999999999,1.4321947100942123,0.09,Valid,0.41000000000000003,0.146,17.339001706482193,0.2839026449528938,0.012607904252973354,0.15556120625762632,0.0,0.0,0.76514352659078,0.45688943464391
TRN-0721,1.289526652650067,0.0,0.0,0.0,0.0418561783143924,0.0,0.0,0.08000000000000007,1.1676704743356745,0.02,Valid,0.48,0.216,28.02009581739346,0.4161647628321627,0.004228760063805015,0.3454678992930483,0.0,0.0,0.0705320427461764,0.0418561783143924
TRN-0646,8.366037981836339,0.0,0.0,0.0,6.867852724411691,0.0,0.0,0.08000000000000007,1.418185257424649,0.98,Invalid,0.48,0.744,22.8375821046836,0.2909073712876756,0.013266499161421611,0.8995500345237142,0.0,0.0,11.49471436378484,6.867852724411691
TRN-0681,1.5957597759953812,0.0,0.0,0.0,0.2022836717969479,0.0,0.0,0.040000000000000036,1.3534761041984333,0.01,Valid,0.49,0.22599999999999998,15.9486587895219,0.32326194790078333,0.0059379576763601075,0.12520120605288543,0.0,0.0,0.3390280670958834,0.2022836717969479
TRN-0137,2.1323380441877067,0.0,0.0,0.0,0.4548553115066006,0.0,0.0,0.31999999999999984,1.357482732681106,0.92,Invalid,0.42000000000000004,0.684,42.245538454265,0.32125863365944696,0.050048051161585255,1.0051146837854876,0.0,0.0,0.7617391601474139,0.4548553115066006
TRN-0474,1.1932290384379307,0.0,0.0,0.0,0.0554472279372855,0.0,0.0,0.0,1.1377818105006452,0.0,Valid,0.5,0.236,22.471217944076187,0.43110909474967735,0.0038505491215743803,0.29069193475168287,0.0,0.0,0.0932784106614939,0.0554472279372855
TRN-0793,3.3993065599585117,0.0,0.0,0.0,0.0824877832646987,1.0,1.0,0.040000000000000036,1.276818776693813,0.99,Invalid,0.49,0.754,38.879566234126926,0.3615906116530935,0.014335171926799593,0.3932312742711404,1.0,1.0,-0.1375735544375693,-0.0824877832646987
TRN-0300,1.533759562513083,0.0,0.0,0.0,0.2548279020547271,0.0,0.0,0.0,1.278931660458356,0.0,Valid,0.5,0.236,21.616601079710023,0.36053416977082203,0.0022637179717960618,0.1721308633234495,0.0,0.0,-0.4260068879429042,-0.2548279020547271
TRN-0096,1.3046525342214408,0.0,0.0,0.0,0.0459353024916733,0.0,0.0,0.040000000000000036,1.2187172317297674,0.01,Valid,0.49,0.22599999999999998,19.42549081808311,0.3906413841351163,0.003582462441264896,0.17617363673831726,0.0,0.0,-0.0763982810811754,-0.0459353024916733
TRN-0399,1.8493844105292978,0.0,0.0,0.0,0.1543980040556774,0.0,0.0,0.28,1.4149864064736204,0.07,Valid,0.43,0.16599999999999998,13.886272541540505,0.2925067967631898,0.006940576145513489,0.10197141340513771,0.0,0.0,-0.2579245489794548,-0.1543980040556774
TRN-0392,1.3428753844304055,0.0,0.0,0.0,0.0457786857463099,0.0,0.0,0.0,1.2970966986840957,0.0,Valid,0.5,0.236,19.935489954885103,0.3514516506579522,0.0033911855170395072,0.21223251363372025,0.0,0.0,-0.0761361628334622,-0.0457786857463099
TRN-0922,1.4507043705672227,0.0,0.0,0.0,0.0764788946667801,0.0,0.0,0.040000000000000036,1.3342254759004426,0.01,Valid,0.49,0.22599999999999998,20.231315000535183,0.33288726204977864,0.0028383297960953425,0.09785063211668515,0.0,0.0,0.1284776073810469,0.0764788946667801
TRN-0674,2.039467678807212,0.0,0.0,0.0,0.0586750000154875,0.0,0.0,0.6000000000000001,1.3807926787917242,0.15,Valid,0.35,0.086,21.714523069601487,0.3096036606041379,0.01974503054100801,0.2589866897396521,0.0,0.0,-0.097719801864855,-0.0586750000154875
TRN-0805,2.8340733549539676,0.0,0.0,0.0,0.0499089437763076,0.0,0.0,1.72,1.0641644111776598,0.43,Invalid,0.07,0.194,28.426422850831177,0.46791779441117015,0.010827560303384267,0.597067717864653,0.0,0.0,0.084009380480559,0.0499089437763076
TRN-0849,1.475234184928537,0.0,0.0,0.0,0.2053614447608119,0.0,0.0,0.040000000000000036,1.2298727401677252,0.01,Valid,0.49,0.22599999999999998,31.87048908498154,0.3850636299161374,0.003138638746481737,0.5014516045928601,0.0,0.0,-0.3432184155073798,-0.2053614447608119
TRN-0720,1.5324587240425445,0.0,0.0,0.0,0.1550586276769629,0.0,0.0,0.0,1.3774000963655815,0.0,Valid,0.5,0.236,16.977947728780027,0.3112999518172092,0.009454238559315837,0.1360351142366766,0.0,0.0,0.259990887615583,0.1550586276769629
TRN-0244,1.6776222763664093,0.0,0.0,0.0,0.0377037866497002,0.0,0.0,0.3599999999999999,1.2799184897167093,0.09,Valid,0.41000000000000003,0.146,22.67915148588632,0.3600407551416454,0.0033560527993250133,0.3099993518695129,0.0,0.0,0.0635824817369599,0.0377037866497002
TRN-0584,1.378144240013093,0.0,0.0,0.0,0.2455881596948986,0.0,0.0,0.040000000000000036,1.0925560803181944,0.01,Valid,0.49,0.22599999999999998,16.810462209089067,0.45372195984090274,0.0034067672583830417,0.36604555742157796,0.0,0.0,-0.4105429918501855,-0.2455881596948986
TRN-0393,1.2894358416515845,0.0,0.0,0.0,0.114449886418631,0.0,0.0,0.0,1.1749859552329536,0.0,Valid,0.5,0.236,18.375378892255384,0.41250702238352316,0.0018131970171337474,0.17248452380310653,0.0,0.0,0.192026941130976,0.114449886418631
TRN-0046,1.486515933999346,0.0,0.0,0.0,0.2857058629341946,0.0,0.0,0.0,1.2008100710651513,0.0,Valid,0.5,0.236,21.325521309817866,0.3995949644674244,0.0023858199476068874,0.19163859712684703,0.0,0.0,-0.4776851231143855,-0.2857058629341946
TRN-0055,1.7549035840778897,0.0,0.0,0.0,0.1610190434759859,0.0,0.0,0.1200000000000001,1.4738845406019037,0.03,Valid,0.47,0.206,17.269968524405755,0.2630577296990482,0.0018140256786759337,0.35453453115654754,0.0,0.0,0.2699664093342644,0.1610190434759859
TRN-0040,2.602098806220714,0.0,0.0,0.0,0.3203683898544479,0.0,0.0,0.8399999999999999,1.441730416366266,0.79,Invalid,0.29000000000000004,0.554,18.81125493846744,0.279134791816867,0.04247863112762217,0.16016101284863718,0.0,0.0,0.5366580159695928,0.3203683898544479
TRN-0604,1.8861977791822666,0.0,0.0,0.0,0.3000665802248826,0.0,0.0,0.2799999999999998,1.3061311989573843,0.93,Invalid,0.43000000000000005,0.6940000000000001,19.76281789693761,0.34693440052130786,0.016566387432009326,0.3542918540354603,0.0,0.0,0.5026803288891948,0.3000665802248826
TRN-0383,2.17026166962984,0.0,0.0,0.0,0.098146426295084,0.0,1.0,0.0,1.072115243334756,0.0,Valid,0.5,0.236,26.042447315284715,0.463942378332622,0.003468536078722007,0.3228572540296027,0.0,1.0,0.1647410057137257,0.098146426295084
TRN-0631,4.845107425311461,0.0,0.0,0.0,1.5422779126326869,1.0,1.0,0.43999999999999995,0.8628295126787742,0.89,Invalid,0.39,0.654,20.59071266952982,0.5685852436606129,0.05347623854135575,0.6494191921534063,1.0,1.0,2.581680610657699,1.5422779126326869
TRN-0596,2.611421699255342,0.0,0.0,0.0,0.1505452512360811,0.0,1.0,0.08000000000000007,1.380876448019261,0.02,Valid,0.48,0.216,15.194495240787214,0.3095617759903695,0.003876915501956702,0.2102110784670619,0.0,1.0,-0.2514764720793678,-0.1505452512360811
TRN-0954,1.5760723397632677,0.0,0.0,0.0,0.161325004467355,0.0,0.0,0.08000000000000007,1.3347473352959125,0.02,Valid,0.48,0.216,29.09694115431049,0.33262633235204375,0.005392211468836433,0.5059000040892213,0.0,0.0,0.2704784743675414,0.161325004467355
TRN-0069,1.532092820931451,0.0,0.0,0.0,0.090446287377729,0.0,0.0,0.0,1.441646533553722,0.0,Valid,0.5,0.236,18.20716770261665,0.279176733223139,0.03860142487895428,0.16222590579364238,0.0,0.0,-0.1508931336925538,-0.090446287377729
TRN-0195,1.4002321326066336,0.0,0.0,0.0,0.0643143863104724,0.0,0.0,0.1200000000000001,1.215917746296161,0.03,Valid,0.47,0.206,16.566009201621153,0.39204112685191955,0.002565419215157078,0.24456003652207559,0.0,0.0,0.1081187395776765,0.0643143863104724
TRN-0104,1.329399002178673,0.0,0.0,0.0,0.1322845831536772,0.0,0.0,0.0,1.1971144190249958,0.0,Valid,0.5,0.236,22.91294559514512,0.4014427904875021,0.002036402666073607,0.42315067107537563,0.0,0.0,0.2218755977726338,0.1322845831536772
TRN-0751,1.8351508743181886,0.0,0.0,0.0,0.0224650256735866,0.0,0.0,0.6000000000000001,1.212685848644602,0.15,Valid,0.35,0.086,22.73154566674209,0.39365707567769903,0.0030643854901250198,0.342708088188877,0.0,0.0,0.0380784571506325,0.0224650256735866
TRN-0537,1.3004743107228436,0.0,0.0,0.0,0.0657310563125253,0.0,0.0,0.0,1.2347432544103183,0.0,Valid,0.5,0.236,25.49441737700373,0.38262837279484085,0.0021756491525805628,0.2529096923397681,0.0,0.0,-0.1095290187404423,-0.0657310563125253
TRN-0348,1.6661513526877711,0.0,0.0,0.0,0.4338838260051802,0.0,0.0,0.15999999999999992,1.072267526682591,0.04,Valid,0.46,0.19599999999999998,16.489141720529037,0.4638662366587046,0.004308356566529507,0.4490219800436996,0.0,0.0,-0.7256799843263977,-0.4338838260051802
TRN-0730,1.818614433342939,0.0,0.0,0.0,0.2090383954796035,0.0,0.0,0.1200000000000001,1.4895760378633354,0.03,Valid,0.47,0.206,22.74249009017281,0.2552119810683323,0.009075223758705396,0.19888989037905747,0.0,0.0,0.350332965121801,0.2090383954796035
TRN-0961,1.2054073692430622,0.0,0.0,0.0,0.143244401830165,0.0,0.0,0.040000000000000036,1.0221629674128971,0.01,Valid,0.49,0.22599999999999998,20.96058970613953,0.4889185162935515,0.0018017829554667225,0.2346964220404492,0.0,0.0,0.2402182626011573,0.143244401830165
TRN-0818,1.974672195520656,0.0,0.0,0.0,0.4111483756924439,0.0,0.0,0.19999999999999996,1.3635238198282122,0.05,Valid,0.45,0.186,28.65658535027357,0.31823809008589393,0.0286432556082696,0.32394630768922694,0.0,0.0,0.6885899869735219,0.4111483756924439
TRN-0794,1.7835874088460444,0.0,0.0,0.0,0.385540882587066,0.0,0.0,0.040000000000000036,1.3580465262589783,0.01,Valid,0.49,0.22599999999999998,17.167246717429457,0.32097673687051087,0.002524612524405048,0.3098177175389635,0.0,0.0,0.6457325568466583,0.385540882587066
TRN-0488,1.4883501840964113,0.0,0.0,0.0,0.1508688236575418,0.0,0.0,0.0,1.3374813604388696,0.0,Valid,0.5,0.236,17.68017147026499,0.3312593197805652,0.0037657583677097317,0.1699251284877602,0.0,0.0,0.2529787122234559,0.1508688236575418
TRN-0577,1.4376844847080261,0.0,0.0,0.0,0.1148614199374886,0.0,0.0,0.0,1.3228230647705375,0.0,Valid,0.5,0.236,20.28320081787014,0.3385884676147312,0.006075337557474163,0.3615506586856005,0.0,0.0,0.1927156953544653,0.1148614199374886
TRN-0388,1.553014584044973,0.0,0.0,0.0,0.212842710713833,0.0,0.0,0.08000000000000007,1.26017187333114,0.02,Valid,0.48,0.216,35.74186825979216,0.36991406333443005,0.0032695102827607807,0.3306486877346374,0.0,0.0,-0.355739275379241,-0.212842710713833
TRN-0490,1.41122406899598,0.0,0.0,0.0,0.0199240175116066,0.0,0.0,0.1200000000000001,1.2713000514843733,0.97,Invalid,0.47,0.734,33.36082596209924,0.3643499742578133,0.011105242998509842,0.23401907664421936,0.0,0.0,0.0338257534866812,0.0199240175116066
TRN-0774,1.2452680538755363,0.0,0.0,0.0,0.0229020102265288,0.0,0.0,0.15999999999999992,1.0623660436490077,0.04,Valid,0.46,0.19599999999999998,17.559057367354306,0.46881697817549617,0.004591834426507834,0.2620255263606974,0.0,0.0,-0.0378491068303876,-0.0229020102265288
TRN-0590,1.6851705803177897,0.0,0.0,0.0,0.2992959499846832,0.0,0.0,0.08000000000000007,1.3058746303331064,0.02,Valid,0.48,0.216,16.650704105053002,0.3470626848334469,0.0071389416673080545,0.203746004288328,0.0,0.0,0.5013905801606846,0.2992959499846832
TRN-0968,1.6738369143946301,0.0,0.0,0.0,0.1915996432285218,0.0,0.0,0.3999999999999999,1.0822372711661083,0.9,Invalid,0.4,0.664,16.907700007479505,0.4588813644169458,0.03244732282960717,0.1799171530222682,0.0,0.0,0.3211469724506379,0.1915996432285218
TRN-0601,1.397409851328975,0.0,0.0,0.0,0.137838916273619,0.0,0.0,0.08000000000000007,1.1795709350553558,0.02,Valid,0.48,0.216,22.27076226398544,0.41021453247232204,0.004079358701772137,0.30172984363844496,0.0,0.0,0.2311714879485933,0.137838916273619
TRN-0694,1.2589922836907526,0.0,0.0,0.0,0.102479997537529,0.0,0.0,0.0,1.1565122861532235,0.0,Valid,0.5,0.236,25.70032151796781,0.4217438569233882,0.004042056345202336,0.35555133397681044,0.0,0.0,0.1719937940268412,0.102479997537529
TRN-0996,1.6169016523202866,0.0,0.0,0.0,0.2053304706617301,0.0,0.0,0.0,1.4115711816585566,0.0,Valid,0.5,0.236,44.66197120129787,0.2942144091707218,0.0038115591070155227,0.3249448000598189,0.0,0.0,0.3441272764921592,0.2053304706617301
TRN-0550,1.584650377051912,0.0,0.0,0.0,0.1062441160508119,0.0,0.0,0.08000000000000007,1.3984062610011,0.02,Valid,0.48,0.216,36.71101164351997,0.30079686949944995,0.0026631651078460033,0.3646373378941973,0.0,0.0,0.1782935300263162,0.1062441160508119
TRN-0362,1.4100827676766683,0.0,0.0,0.0,0.18328720706546,0.0,0.0,0.0,1.2267955606112082,0.0,Valid,0.5,0.236,19.74244789616947,0.38660221969439595,0.003383612963739752,0.10153154793472388,0.0,0.0,-0.3062743423121148,-0.18328720706546
TRN-0403,1.379353938306747,0.0,0.0,0.0,0.1853128483701575,0.0,0.0,0.040000000000000036,1.1540410899365896,0.01,Valid,0.49,0.22599999999999998,34.28123809623427,0.42297945503170525,0.004140666704664161,0.19254996068667882,0.0,0.0,-0.3096645133187383,-0.1853128483701575
TRN-0895,1.6851200295619106,0.0,0.0,0.0,0.2215080733099056,0.0,0.0,0.08000000000000007,1.3836119562520048,0.02,Valid,0.48,0.216,15.833107447366665,0.30819402187399764,0.004552631963362902,0.11737723690841095,0.0,0.0,0.3712025732524164,0.2215080733099056
TRN-0710,3.5982319096000888,0.0,0.0,0.0,0.5022272386983995,0.0,0.0,1.64,1.4560046709016894,0.41,Invalid,0.09000000000000002,0.174,38.83142954233844,0.27199766454915525,0.1305941171285043,0.3862777789573005,0.0,0.0,0.8410221673220217,0.5022272386983995
TRN-0081,1.5599396581436897,0.0,0.0,0.0,0.1623061333052127,0.0,0.0,0.15999999999999992,1.237633524838477,0.04,Valid,0.46,0.19599999999999998,42.980509780608976,0.38118323758076145,0.026473265133630478,3.0291515470758084,0.0,0.0,0.2721205195470872,0.1623061333052127
TRN-0505,1.4987516536418575,0.0,0.0,0.0,0.1010930277043215,0.0,0.0,0.1200000000000001,1.277658625937536,0.03,Valid,0.47,0.206,30.3119854753977,0.361170687031232,0.0020364405486054103,0.32101149642638427,0.0,0.0,-0.1687118216737673,-0.1010930277043215
TRN-0671,2.545571452539127,0.0,0.0,0.0,0.1268228672861641,0.0,1.0,0.1200000000000001,1.2987485852529626,0.03,Valid,0.47,0.206,27.10386832632009,0.3506257073735187,0.009074247956748126,0.2847601636532368,0.0,1.0,-0.2117740143498103,-0.1268228672861641
TRN-0923,1.5230135173422992,0.0,0.0,0.0,0.2037989693941072,0.0,0.0,0.1200000000000001,1.199214547948192,0.03,Valid,0.47,0.206,32.314299475214774,0.40039272602590403,0.00453272200817748,0.21703964019933056,0.0,0.0,-0.3406034122121362,-0.2037989693941072
TRN-0456,1.7423590567943112,0.0,0.0,0.0,0.3204917743229649,0.0,0.0,0.08000000000000007,1.3418672824713462,0.02,Valid,0.48,0.216,20.580216922765533,0.3290663587643269,0.0015701818941119463,0.3885935424702089,0.0,0.0,0.5368645157318479,0.3204917743229649
TRN-0864,1.407503666549332,0.0,0.0,0.0,0.0291151306475442,0.0,0.0,0.19999999999999996,1.1783885359017878,0.05,Valid,0.45,0.186,41.61673109901627,0.41080573204910603,0.006652644687655518,0.26299007561711335,0.0,0.0,0.0492082623246439,0.0291151306475442
TRN-0728,1.9995323673644783,0.0,0.0,0.0,0.3370949845607552,0.0,0.0,0.28,1.382437382803723,0.07,Valid,0.43,0.16599999999999998,34.54622530008975,0.30878130859813846,0.009031768066951053,0.19684886815097144,0.0,0.0,-0.5636914213618578,-0.3370949845607552
TRN-0795,1.463470637807888,0.0,0.0,0.0,0.1170283565292907,0.0,0.0,0.040000000000000036,1.3064422812785974,0.01,Valid,0.49,0.22599999999999998,33.43340720438649,0.3467788593607013,0.0010915119029886514,0.24192378060142092,0.0,0.0,0.1963423421796868,0.1170283565292907
TRN-0339,1.5738566117631956,0.0,0.0,0.0,0.1470034604364443,0.0,0.0,0.040000000000000036,1.3868531513267512,0.01,Valid,0.49,0.22599999999999998,35.661696882811135,0.3065734243366244,0.00387980911124012,0.23995579013101612,0.0,0.0,0.2465095301960929,0.1470034604364443
TRN-0755,9.167852390928303,0.0,0.0,2.0,5.547277784424939,0.0,0.0,0.2799999999999998,1.340574606503366,0.93,Invalid,0.43000000000000005,0.6940000000000001,15.995854948678248,0.3297126967483171,0.013266499161421611,0.20605405113414485,0.0,0.0,-9.283601815342257,-5.547277784424939
TRN-0926,1.7090267003240278,0.0,0.0,0.0,0.0950881545672716,0.0,0.0,0.15999999999999992,1.4539385457567562,0.04,Valid,0.46,0.19599999999999998,44.38298399917672,0.27303072712162185,0.0019646008611160894,0.2599287406449433,0.0,0.0,0.1596225950069723,0.0950881545672716
TRN-0340,1.197630304290926,0.0,0.0,0.0,0.0629439526768088,0.0,0.0,0.040000000000000036,1.0946863516141172,0.01,Valid,0.49,0.22599999999999998,17.927819480963773,0.4526568241929414,0.001218742954112106,0.4122835337871588,0.0,0.0,0.1058251427989311,0.0629439526768088
TRN-0624,1.42080516770635,0.0,0.0,0.0,0.0021095407775953,0.0,0.0,0.1200000000000001,1.2986956269287546,0.03,Valid,0.47,0.206,20.78190979606429,0.35065218653562275,0.012465666708010918,0.06976308511003873,0.0,0.0,-0.0030502374953229,-0.0021095407775953
TRN-0985,1.694678255551288,0.0,0.0,0.0,0.1697299698430696,0.0,0.0,0.08000000000000007,1.4449482857082183,0.02,Valid,0.48,0.216,26.718528919522857,0.27752585714589084,0.0035948234439934,0.31173919460740546,0.0,0.0,0.2845452639133228,0.1697299698430696
TRN-0860,1.362950203771519,0.0,0.0,0.0,0.0410849047569466,0.0,0.0,0.040000000000000036,1.2818652990145725,0.01,Valid,0.49,0.22599999999999998,44.315978876096274,0.35906735049271377,0.002410501947462804,1.6216314514655235,0.0,0.0,0.0692412173435919,0.0410849047569466
TRN-0560,1.824551647299017,0.0,0.0,0.0,0.0034541166241323,0.0,0.0,0.48,1.3410975306748847,0.12,Valid,0.38,0.11599999999999999,48.360236172480604,0.32945123466255766,0.014997244536297454,0.6214435211472948,0.0,0.0,-0.0053005579447358,-0.0034541166241323
TRN-0811,1.7600077598197652,0.0,0.0,0.0,0.143198519883193,0.0,0.0,0.24,1.3768092399365723,0.06,Valid,0.44,0.176,13.5927095092652,0.31159538003171383,0.003771004768357021,0.15718927668798352,0.0,0.0,-0.2391807731477486,-0.143198519883193
TRN-0395,0.9590554082594246,0.0,0.0,0.0,0.1679213417791218,0.0,0.0,0.0,0.7911340664803028,0.0,Valid,0.5,0.236,26.69118571818625,0.6044329667598486,0.0018017368443538112,0.2559837077075967,0.0,0.0,-0.2805575923304566,-0.1679213417791218
TRN-0839,1.138011945088719,0.0,0.0,0.0,0.0903033750395328,0.0,0.0,0.040000000000000036,1.0077085700491861,0.99,Invalid,0.49,0.754,25.73801758060142,0.4961457149754069,0.02052507820916482,0.35047297907000335,0.0,0.0,-0.1506539515311722,-0.0903033750395328
TRN-0779,1.353007926809864,0.0,0.0,0.0,0.0507875539625935,0.0,0.0,0.0,1.3022203728472705,0.0,Valid,0.5,0.236,18.0391030689522,0.34888981357636467,0.003615808539961026,0.1750484776866637,0.0,0.0,-0.0845191474040589,-0.0507875539625935
TRN-0543,1.5751265863553818,0.0,0.0,0.0,0.0896776110738005,0.0,0.0,0.08000000000000007,1.4054489752815813,0.02,Valid,0.48,0.216,47.195887481431086,0.29727551235920935,0.004340988233381792,0.7160529214603664,0.0,0.0,0.1505673552470483,0.0896776110738005
TRN-0158,1.6122575341845695,0.0,0.0,0.0,0.004309606804816,0.0,0.0,0.24,1.3679479273797535,0.06,Valid,0.44,0.176,31.992896768049725,0.31602603631012327,0.0038604878222313504,0.13904558804644218,0.0,0.0,0.0076930308072444,0.004309606804816
TRN-0799,1.4892718538523928,0.0,0.0,0.0,0.1698088043933973,0.0,0.0,0.0,1.3194630494589954,0.0,Valid,0.5,0.236,21.57276660054016,0.3402684752705023,0.002256399749811073,0.0981943020842855,0.0,0.0,-0.283716503543495,-0.1698088043933973
TRN-0946,1.9464013779936253,0.0,0.0,0.0,0.3451359607698839,0.0,0.0,0.08000000000000007,1.5212654172237414,0.02,Valid,0.48,0.216,26.00593367823925,0.23936729138812932,0.004242974453961543,1.7604931057161872,0.0,0.0,0.5781097283864369,0.3451359607698839
TRN-0927,2.605632191805608,0.0,0.0,0.0,0.0412269072227006,0.0,0.0,1.2799999999999998,1.2844052845829077,0.68,Invalid,0.18000000000000005,0.44400000000000006,29.94769653164704,0.35779735770854615,0.013033270790077892,0.5679025268898471,0.0,0.0,-0.0685181765969424,-0.0412269072227006
TRN-0952,1.574623634333173,0.0,0.0,0.0,0.1320856380489508,0.0,0.0,0.08000000000000007,1.3625379962842221,0.02,Valid,0.48,0.216,17.801617267874047,0.31873100185788894,0.0022414258609568115,0.371562741743193,0.0,0.0,-0.2205819374569912,-0.1320856380489508
TRN-0608,1.3062423211311969,0.0,0.0,0.0,0.1035825125894262,0.0,0.0,0.0,1.2026598085417706,0.0,Valid,0.5,0.236,45.96737087498138,0.39867009572911466,0.004080071608250578,0.5910540113414814,0.0,0.0,-0.1728782945134241,-0.1035825125894262
TRN-0212,1.491959055415986,0.0,0.0,0.0,0.0516321478941059,0.0,0.0,0.08000000000000007,1.36032690752188,0.02,Valid,0.48,0.216,19.589359197452016,0.31983654623906005,0.003227318816308629,0.24368171564393964,0.0,0.0,-0.0859326838738887,-0.0516321478941059
TRN-0480,1.4870177874751478,0.0,0.0,0.0,0.0904149375330206,0.0,0.0,0.19999999999999996,1.1966028499421273,0.05,Valid,0.45,0.186,32.54319440093804,0.4016985750289364,0.002035068752977596,0.3121549801852926,0.0,0.0,-0.1508406656991603,-0.0904149375330206
TRN-0904,1.5594003910737682,0.0,0.0,0.0,0.1296165729306366,0.0,0.0,0.040000000000000036,1.3897838181431315,0.01,Valid,0.49,0.22599999999999998,46.58409519464842,0.30510809092843433,0.002603628624444094,0.3506284594831388,0.0,0.0,0.2174103398404661,0.1296165729306366
TRN-0607,1.584661422340528,0.0,0.0,0.0,0.2212083345401012,0.0,0.0,0.040000000000000036,1.3234530878004267,0.01,Valid,0.49,0.22599999999999998,35.190811522714945,0.33827345609978665,0.007034937798681336,0.3035449078609773,0.0,0.0,0.3707009219064474,0.2212083345401012
TRN-0855,1.4933131696782587,0.0,0.0,0.0,0.0058194128216203,0.0,0.0,0.19999999999999996,1.2874937568566385,0.05,Valid,0.45,0.186,36.37646187504655,0.35625312157168076,0.004974654963471114,0.39747058283557785,0.0,0.0,0.0102198851777224,0.0058194128216203
TRN-0879,1.6812922372116457,0.0,0.0,0.0,0.3998758848804194,0.0,0.0,0.040000000000000036,1.2414163523312263,0.01,Valid,0.49,0.22599999999999998,15.812745678545488,0.37929182383438687,0.0023745056136776767,0.0705623718901047,0.0,0.0,-0.668763325030028,-0.3998758848804194
TRN-0667,2.5186517885170456,0.0,0.0,0.0,0.2221243471229386,0.0,1.0,0.040000000000000036,1.2565274413941072,0.01,Valid,0.49,0.22599999999999998,25.29813534725774,0.3717362793029464,0.0033201698184902803,0.11804038577340904,0.0,1.0,-0.3712732865465682,-0.2221243471229386
TRN-0232,2.0970308612047224,0.0,0.0,0.0,0.0522933051623601,0.0,0.0,0.6000000000000001,1.444737556042362,0.15,Valid,0.35,0.086,19.62017988466136,0.27763122197881895,0.022544786555255502,0.24625919155967071,0.0,0.0,0.0879999156367894,0.0522933051623601
TRN-0299,1.7309495158662513,0.0,0.0,0.0,0.0216788630440124,0.0,0.0,0.32000000000000006,1.389270652822239,0.08,Valid,0.42,0.15599999999999997,35.71823065144525,0.30536467358888053,0.0020096903467066644,0.25875468360553155,0.0,0.0,0.0367627129726813,0.0216788630440124
TRN-0629,1.4067207299263675,0.0,0.0,0.0,0.1000210124726063,0.0,0.0,0.0,1.3066997174537613,0.0,Valid,0.5,0.236,15.570265562893562,0.34665014127311927,0.0027207159092888975,0.15799115240149253,0.0,0.0,-0.1669176664357241,-0.1000210124726063
TRN-0858,1.8395161329872565,0.0,0.0,0.0,0.0984861550277179,0.0,0.0,0.32000000000000006,1.4210299779595386,0.08,Valid,0.42,0.15599999999999997,35.68986392802745,0.2894850110202307,0.01079150731653308,0.2592066426077293,0.0,0.0,0.1653095854009691,0.0984861550277179
TRN-0994,2.0662653071619013,0.0,0.0,0.0,0.2952349219267153,0.0,0.0,0.52,1.251030385235186,0.13,Valid,0.37,0.10599999999999998,29.53196013625164,0.37448480738240697,0.025018721409269862,0.29221148631289223,0.0,0.0,0.494593927887017,0.2952349219267153
TRN-0306,1.7350851553499518,0.0,0.0,0.0,0.2041616359516425,0.0,0.0,0.1200000000000001,1.4109235193983092,0.03,Valid,0.47,0.206,24.68844221709162,0.2945382403008454,0.004236183465567002,0.18961659552044488,0.0,0.0,0.3421710814163159,0.2041616359516425
TRN-0654,1.5554573433679804,0.0,0.0,0.0,0.0790729522178016,0.0,0.0,0.15999999999999992,1.316384391150179,0.04,Valid,0.46,0.19599999999999998,21.06789494509056,0.34180780442491054,0.0017989781995570182,0.20646174611731824,0.0,0.0,0.1328190960140993,0.0790729522178016
TRN-0917,1.3728952455332508,0.0,0.0,0.0,0.1450587488636601,0.0,0.0,0.0,1.2278364966695907,0.0,Valid,0.5,0.236,27.060624359339787,0.38608175166520464,0.002022548488547057,0.23127012415984166,0.0,0.0,-0.2422941053752438,-0.1450587488636601
TRN-0231,1.7530779413535278,0.0,0.0,0.0,0.4144429103481143,0.0,0.0,0.040000000000000036,1.2986350310054133,0.01,Valid,0.49,0.22599999999999998,23.108326704274077,0.3506824844972934,0.006883752581231049,0.17120493935563041,0.0,0.0,0.6941038140484679,0.4144429103481143
TRN-0460,1.4874733119275245,0.0,0.0,0.0,0.2654685841893398,0.0,0.0,0.040000000000000036,1.1820047277381847,0.01,Valid,0.49,0.22599999999999998,15.467701885192971,0.40899763613090767,0.0015071639391592447,0.2948558112973382,0.0,0.0,0.4447761368809821,0.2654685841893398
TRN-0492,1.4406909050121528,0.0,0.0,0.0,0.0970225927468875,0.0,0.0,0.0,1.3436683122652653,0.0,Valid,0.5,0.236,53.66118885980536,0.32816584386736736,0.004791686705090401,0.3416196012000391,0.0,0.0,0.1628601258646966,0.0970225927468875
TRN-0825,1.5819108349475552,0.0,0.0,0.0,0.2006875589838217,0.0,0.0,0.08000000000000007,1.3012232759637334,0.02,Valid,0.48,0.216,24.60195373266008,0.34938836201813334,0.0021936422127823065,0.16644476925968613,0.0,0.0,0.3363567672118357,0.2006875589838217
TRN-0279,1.3637995739136115,0.0,0.0,0.0,0.1355200498270976,0.0,0.0,0.0,1.2282795240865139,0.0,Valid,0.5,0.236,21.38438597133938,0.385860237956743,0.002283538411123034,0.19169317314186093,0.0,0.0,-0.2263298668698041,-0.1355200498270976
TRN-0580,1.1053120718031237,0.0,0.0,0.0,0.1707232068222455,0.0,0.0,0.0,0.9345888649808782,0.0,Valid,0.5,0.236,33.57697525571111,0.5327055675095609,0.0018191502657974325,0.16080676099834026,0.0,0.0,0.2862075736231908,0.1707232068222455
TRN-0992,1.5203079207597834,0.0,0.0,0.0,0.0791464439544023,0.0,0.0,0.040000000000000036,1.401161476805381,0.01,Valid,0.49,0.22599999999999998,14.970205287219908,0.2994192615973094,0.0031851147130484256,0.18450596987616646,0.0,0.0,-0.1319813937589788,-0.0791464439544023
TRN-0934,1.3797239579824148,0.0,0.0,0.0,0.0214502100606668,0.0,0.0,0.1200000000000001,1.2382737479217478,0.03,Valid,0.47,0.206,21.99695910569672,0.3808631260391261,0.0028395403764429235,0.1581200494226425,0.0,0.0,0.0363800328244643,0.0214502100606668
TRN-0639,1.5115451049121074,0.0,0.0,0.0,0.0843757257306699,0.0,0.0,0.08000000000000007,1.3471693791814374,0.02,Valid,0.48,0.216,15.045133135860352,0.32641531040928135,0.003078800753154124,0.26064087639261013,0.0,0.0,-0.1407332687440785,-0.0843757257306699
TRN-0925,2.708481048537878,0.0,0.0,0.0,0.2213707467064726,0.0,1.0,0.040000000000000036,1.4471103018314055,0.01,Valid,0.49,0.22599999999999998,28.22833085112528,0.2764448490842972,0.007114435714876352,0.6297806969508349,0.0,1.0,0.3709727395358957,0.2213707467064726
TRN-0248,1.6954780635633195,0.0,0.0,0.0,0.0768118063728539,0.0,0.0,0.19999999999999996,1.4186662571904658,0.05,Valid,0.45,0.186,19.956811616834013,0.29066687140476705,0.009014174647373495,0.15728052345394497,0.0,0.0,0.1290347778983935,0.0768118063728539
TRN-0603,1.6444831208735393,0.0,0.0,0.0,0.0769265567740481,0.0,0.0,0.19999999999999996,1.3675565640994913,0.05,Valid,0.45,0.186,16.72444558579714,0.31622171795025433,0.005919544199834241,0.2160978582573299,0.0,0.0,0.129226827439556,0.0769265567740481
TRN-0331,1.5090969606421027,0.0,0.0,0.0,0.2884422521069489,0.0,0.0,0.040000000000000036,1.1806547085351538,0.01,Valid,0.49,0.22599999999999998,18.604289828747657,0.40967264573242307,0.0026981471133048804,0.1248370229482324,0.0,0.0,0.4832255221247852,0.2884422521069489
TRN-0880,1.244400390470418,0.0,0.0,0.0,0.1307149768882798,0.0,0.0,0.0,1.1136854135821381,0.0,Valid,0.5,0.236,26.911855939216224,0.443157293208931,0.004207958390637871,0.3798694858164522,0.0,0.0,-0.2182879598825629,-0.1307149768882798
TRN-0957,1.863123441927823,0.0,0.0,0.0,0.2501815406510476,0.0,0.0,0.19999999999999996,1.4129419012767754,0.05,Valid,0.45,0.186,13.948614508149294,0.2935290493616123,0.003386755592429499,0.2278283989335157,0.0,0.0,-0.4182306051032327,-0.2501815406510476
TRN-0049,2.9232337365726524,0.0,0.0,0.0,0.1573701042129551,0.0,0.0,1.52,1.2458636323596974,0.38,Invalid,0.12,0.14400000000000002,15.790438736017784,0.37706818382015134,0.014986633465432778,0.16337082486831744,0.0,0.0,-0.2628987404903693,-0.1573701042129551
TRN-0672,1.5748386940668966,0.0,0.0,0.0,0.096385577531723,0.0,0.0,0.08000000000000007,1.3984531165351735,0.02,Valid,0.48,0.216,37.37334846893558,0.3007734417324133,0.004065502342883465,0.17730959727687765,0.0,0.0,-0.1608332989297558,-0.096385577531723
TRN-0149,1.799181358279471,0.0,0.0,0.0,0.2995506848984601,0.0,0.0,0.08000000000000007,1.4196306733810107,0.02,Valid,0.48,0.216,22.418851755491666,0.2901846633094947,0.004982402674523228,0.2525152188958499,0.0,0.0,0.501816911770856,0.2995506848984601
TRN-0043,2.2997043369161076,0.0,0.0,0.0,0.0955421048594437,0.0,0.0,1.2,1.0041622320566643,0.3,Invalid,0.2,0.064,41.43432586934284,0.49791888397166784,0.004143953292151743,3.884935947592454,0.0,0.0,0.1603823391509138,0.0955421048594437
TRN-0475,2.0488799456443796,0.0,0.0,0.0,0.1385441367339436,0.0,0.0,0.48,1.4303358089104359,0.12,Valid,0.38,0.11599999999999999,13.19286487852274,0.284832095544782,0.03223334179022503,0.21569480052120227,0.0,0.0,-0.2313910648861181,-0.1385441367339436
TRN-0094,1.5566420763179134,0.0,0.0,0.0,0.1922104212213886,0.0,0.0,0.0,1.3644316550965248,0.0,Valid,0.5,0.236,20.073398295547435,0.31778417245173757,0.0036025149164291242,0.13039132586237487,0.0,0.0,0.3221691879031461,0.1922104212213886
TRN-0699,1.3699801495953903,0.0,0.0,0.0,0.0317120479207588,0.0,0.0,0.040000000000000036,1.2982681016746314,0.01,Valid,0.49,0.22599999999999998,22.127587154679645,0.3508659491626843,0.0035646264163221916,0.2200454280594197,0.0,0.0,0.0535545370702443,0.0317120479207588
TRN-0429,1.5565811389637967,0.0,0.0,0.0,0.274699409109555,0.0,0.0,0.08000000000000007,1.2018817298542417,0.02,Valid,0.48,0.216,31.3816535368662,0.39905913507287916,0.004177418217418383,0.4740823986862743,0.0,0.0,0.4602251084926685,0.274699409109555
TRN-0222,2.806310975533133,0.0,0.0,0.0,0.0578767279359632,0.0,0.0,1.2,1.5484342475971697,0.3,Invalid,0.2,0.064,43.93528632650396,0.22578287620141507,0.04486724207681818,0.28348485100261056,0.0,0.0,0.0973444910860035,0.0578767279359632
TRN-0942,8.817016567042014,0.0,3.0,0.0,4.13998056062913,0.0,0.0,0.16000000000000014,1.5170360064128832,0.96,Invalid,0.45999999999999996,0.724,43.08952331586665,0.24148199679355845,0.007401037344124454,0.7599028463729236,0.0,0.0,6.9292697818716285,4.13998056062913
TRN-0606,1.4992556196993294,0.0,0.0,0.0,0.0010638681166248,0.0,0.0,0.15999999999999992,1.3381917515827046,0.04,Valid,0.46,0.19599999999999998,30.545514559286364,0.3309041242086476,0.006550109916727149,0.15365989812515402,0.0,0.0,-0.0013001699342893,-0.0010638681166248
TRN-0657,1.6024840691675852,0.0,0.0,0.0,0.0899091815018241,0.0,0.0,0.08000000000000007,1.4325748876657611,0.02,Valid,0.48,0.216,21.074386664377823,0.28371255616711943,0.005503482260052992,0.5114441168444107,0.0,0.0,-0.149994217994223,-0.0899091815018241
TRN-0465,1.4083243094513036,0.0,0.0,0.0,0.0148082082677353,0.0,0.0,0.15999999999999992,1.2335161011835685,0.04,Valid,0.46,0.19599999999999998,15.607044632549403,0.3832419494082157,0.0035562402992541015,0.19472346230313337,0.0,0.0,-0.0243030892455262,-0.0148082082677353
TRN-0197,1.6671444129866528,0.0,0.0,0.0,0.026481860525101,0.0,0.0,0.3599999999999999,1.280662552461552,0.09,Valid,0.41000000000000003,0.146,43.85811907455805,0.35966872376922404,0.005567808574509421,1.0936171781695476,0.0,0.0,-0.0438404462951425,-0.026481860525101
TRN-0824,1.6964279706719574,0.0,0.0,0.0,0.093212760690739,0.0,0.0,0.19999999999999996,1.4032152099812185,0.05,Valid,0.45,0.186,21.758544299951723,0.2983923950093908,0.006006461764518481,0.09555065196742865,0.0,0.0,-0.1555231822577241,-0.093212760690739
TRN-0564,1.6065211831437587,0.0,0.0,0.0,0.2068137385641591,0.0,0.0,0.040000000000000036,1.3597074445795996,0.01,Valid,0.49,0.22599999999999998,14.462130480608888,0.32014627771020027,0.0032829885574105996,0.1125424234417652,0.0,0.0,0.3466097159182357,0.2068137385641591
TRN-0359,1.4287372714663669,0.0,0.0,0.0,0.1981619203333012,0.0,0.0,0.0,1.2305753511330657,0.0,Valid,0.5,0.236,15.473379641254708,0.3847123244334672,0.004484325356474272,0.1315070624357621,0.0,0.0,0.3321297864002055,0.1981619203333012
TRN-0005,2.275504210558942,0.0,0.0,0.0,0.1047742595705009,0.0,0.0,0.7599999999999998,1.4107299509884412,0.81,Invalid,0.31000000000000005,0.5740000000000001,29.64561523029434,0.29463502450577933,0.06081994085496521,0.22645935544648926,0.0,0.0,0.1758335363384446,0.1047742595705009
TRN-0682,13.1144233274243,0.0,0.0,2.0,9.899401973769166,0.0,0.0,0.0,1.2150213536551338,1.0,Invalid,0.5,0.764,17.98159077013081,0.3924893231724332,0.007483314773547889,0.2032255730296274,0.0,0.0,-16.56744086904024,-9.899401973769166
TRN-0011,1.536904798308892,0.0,0.0,0.0,0.0438034506960892,0.0,0.0,0.08000000000000007,1.4131013476128027,0.02,Valid,0.48,0.216,20.717598630556346,0.2934493261935987,0.0031151861917325316,0.08429381775196468,0.0,0.0,0.0737910532902041,0.0438034506960892
TRN-0753,1.407072570227122,0.0,0.0,0.0,0.1563740749201548,0.0,0.0,0.0,1.2506984953069673,0.0,Valid,0.5,0.236,26.47104302616029,0.3746507523465164,0.003699964284181366,0.381968608561356,0.0,0.0,0.2621924576044403,0.1563740749201548
TRN-0610,1.4063543729218702,0.0,0.0,0.0,0.3199994311534275,0.0,0.0,0.0,1.0863549417684426,0.0,Valid,0.5,0.236,18.609848162702143,0.4568225291157787,0.004537512106105606,0.2330098576249757,0.0,0.0,0.5360405161743724,0.3199994311534275
TRN-0752,1.8975361854617143,0.0,0.0,0.0,0.4350855846704145,0.0,0.0,0.0,1.4624506007912998,0.0,Valid,0.5,0.236,44.53238129798018,0.26877469960435013,0.003964653255021431,0.3188614536289762,0.0,0.0,-0.7276912818717172,-0.4350855846704145
TRN-0472,1.4846352400623621,0.0,0.0,0.0,0.0648956821103601,0.0,0.0,0.1200000000000001,1.299739557952002,0.03,Valid,0.47,0.206,26.893242210761723,0.35013022102399904,0.001928517492316216,0.2560245970830662,0.0,0.0,0.1090916127919428,0.0648956821103601
TRN-0625,1.5349354038715992,0.0,0.0,0.0,0.0619559895415027,0.0,0.0,0.08000000000000007,1.3929794143300964,0.02,Valid,0.48,0.216,21.344109534224405,0.30351029283495173,0.0019840008096419287,0.06730943530351433,0.0,0.0,0.1041716595444377,0.0619559895415027
TRN-0516,1.4529538728958111,0.0,0.0,0.0,0.1605074782435595,0.0,0.0,0.040000000000000036,1.2524463946522515,0.01,Valid,0.49,0.22599999999999998,29.572040404365467,0.37377680267387425,0.0016219132212322322,0.2157337056961199,0.0,0.0,0.26911023918462,0.1605074782435595
TRN-0192,1.5444830261823648,0.0,0.0,0.0,0.1582872189954981,0.0,0.0,0.1200000000000001,1.2661958071868664,0.03,Valid,0.47,0.206,22.055009031634544,0.3669020964065668,0.002249217060233961,0.1506209627347486,0.0,0.0,0.2653943500424951,0.1582872189954981
TRN-0593,1.7920626118315786,0.0,0.0,0.0,0.3241401993518698,0.0,0.0,0.0,1.4679224124797088,0.0,Valid,0.5,0.236,21.191559761307985,0.2660387937601456,0.004555172337443121,0.21631092570532184,0.0,0.0,-0.5420099236996858,-0.3241401993518698
TRN-0989,1.481986981050469,0.0,0.0,0.0,0.1115105288400725,0.0,0.0,0.0,1.3704764522103967,0.0,Valid,0.5,0.236,30.04288918064436,0.3147617738948016,0.003555505003465843,0.5952029863777523,0.0,0.0,-0.1861468484131947,-0.1115105288400725
TRN-0345,1.3293121214235746,0.0,0.0,0.0,0.0370649372866683,0.0,0.0,0.1200000000000001,1.1722471841369062,0.03,Valid,0.47,0.206,15.36377979286772,0.4138764079315469,0.00304710936427359,0.20470633889991513,0.0,0.0,-0.0615525851198857,-0.0370649372866683
TRN-0972,1.6587740339328882,0.0,0.0,0.0,0.2700341701190857,0.0,0.0,0.0,1.3887398638138024,0.0,Valid,0.5,0.236,28.91751889738067,0.30563006809309873,0.0019743914763112567,0.356607197153494,0.0,0.0,-0.4514565314662579,-0.2700341701190857
TRN-0611,1.595116337826066,0.0,0.0,0.0,0.4150141895641239,0.0,0.0,0.0,1.180102148261942,0.0,Valid,0.5,0.236,21.09413091202863,0.4099489258690289,0.001116662619827444,0.08954554409736361,0.0,0.0,0.6950599232225407,0.4150141895641239
TRN-0387,1.5111192132574953,0.0,0.0,0.0,0.0110889902963323,0.0,0.0,0.040000000000000036,1.460030222961163,0.01,Valid,0.49,0.22599999999999998,54.39715678803727,0.2699848885194185,0.0043748584328667925,0.7406011514008533,0.0,0.0,0.0190392001919335,0.0110889902963323
TRN-0739,2.5823661040147408,0.0,0.0,0.0,0.0320087476090129,0.0,1.0,0.15999999999999992,1.3903573564057279,0.04,Valid,0.46,0.19599999999999998,34.11108333834411,0.3048213217971361,0.005557010409410549,0.18234219721117512,0.0,1.0,0.0540511021227345,0.0320087476090129
TRN-0385,1.782942936566292,0.0,0.0,0.0,0.0010432577810559,0.0,0.0,0.2799999999999998,1.5018996787852363,0.93,Invalid,0.43000000000000005,0.6940000000000001,22.508245193468507,0.2490501606073818,0.010824862537537769,0.7775700103420493,0.0,0.0,0.0022263760089913,0.0010432577810559
TRN-0750,2.7841763444349583,0.0,0.0,0.0,0.3777277892960475,0.0,0.0,1.0,1.4064485551389108,0.75,Invalid,0.25,0.514,49.83612898930475,0.2967757224305446,0.09727505936411174,0.19955470404873898,0.0,0.0,0.6326563412867614,0.3777277892960475
TRN-0903,1.2861323923412458,0.0,0.0,0.0,0.0130267964110591,0.0,0.0,0.08000000000000007,1.1931055959301866,0.02,Valid,0.48,0.216,16.44634819337647,0.40344720203490675,0.0034770199902044528,0.2622421300858289,0.0,0.0,-0.0213216676022405,-0.0130267964110591
TRN-0738,1.4056495393886108,0.0,0.0,0.0,0.1504689637004959,0.0,0.0,0.0,1.255180575688115,0.0,Valid,0.5,0.236,33.49446614318699,0.37240971215594254,0.002113202403051406,0.2015283975893401,0.0,0.0,0.2523094952056439,0.1504689637004959
TRN-0282,1.4873045307259032,0.0,0.0,0.0,0.0541229205053327,0.0,0.0,0.1200000000000001,1.3131816102205704,0.03,Valid,0.47,0.206,15.780299595071154,0.3434091948897148,0.0027008733169991616,0.11278340237385324,0.0,0.0,0.0910620120082619,0.0541229205053327
TRN-0291,1.6075482444930107,0.0,0.0,0.0,0.1763973299731178,0.0,0.0,0.1200000000000001,1.3111509145198927,0.97,Invalid,0.47,0.734,30.6290010084137,0.3444245427400536,0.009611547093574004,0.21101656956246265,0.0,0.0,-0.294743247688654,-0.1763973299731178
TRN-0778,1.2785504170517288,0.0,0.0,0.0,0.1026219093432597,0.0,0.0,0.19999999999999996,0.9759285077084692,0.05,Valid,0.45,0.186,18.41051757472321,0.5120357461457654,0.0024905527763956214,0.1669938922597717,0.0,0.0,-0.1712706015489935,-0.1026219093432597
TRN-0484,1.2841310346995911,0.0,0.0,0.0,0.0175550623581131,0.0,0.0,0.0,1.266575972341478,0.0,Valid,0.5,0.236,19.88073632745853,0.36671201382926094,0.0023522717369023026,0.21840190172440135,0.0,0.0,-0.0289003025206646,-0.0175550623581131
TRN-0466,1.2763333165338029,0.0,0.0,0.0,0.1979157425399442,0.0,0.0,0.0,1.0784175739938586,0.0,Valid,0.5,0.236,20.55587754706786,0.4607912130030707,0.001887426382828016,0.16668148064992513,0.0,0.0,0.3317177762305974,0.1979157425399442
TRN-0164,1.5340685322149001,0.0,0.0,0.0,0.0773387674274542,0.0,0.0,0.040000000000000036,1.416729764787446,0.01,Valid,0.49,0.22599999999999998,13.544298620128266,0.29163511760627703,0.003137053486988652,0.1636165286666345,0.0,0.0,-0.1289560148151345,-0.0773387674274542
TRN-0643,0.7072925046492436,0.0,0.0,0.0,0.0818628001380933,0.0,0.0,0.0,0.6254297045111503,0.0,Valid,0.5,0.236,24.207142903013487,0.6872851477444248,0.0016790474955857152,0.3614042093975904,0.0,0.0,0.1374882649880575,0.0818628001380933
TRN-0822,1.458085402624071,0.0,0.0,0.0,0.1789589060591746,0.0,0.0,0.0,1.2791264965648965,0.0,Valid,0.5,0.236,34.25290195309059,0.3604367517175517,0.003310260610542489,0.14437450317965725,0.0,0.0,-0.2990303744164073,-0.1789589060591746
TRN-0981,1.7019112904982672,0.0,0.0,0.0,0.0401419116892009,0.0,0.0,0.19999999999999996,1.4617693788090662,0.05,Valid,0.45,0.186,41.91138759970649,0.26911531059546684,0.006020954473698629,0.31300858518649805,0.0,0.0,0.0676629972755549,0.0401419116892009
TRN-0908,1.7591806645698318,0.0,0.0,0.0,0.1981382238537925,0.0,0.0,0.040000000000000036,1.5210424407160392,0.01,Valid,0.49,0.22599999999999998,54.59904341850298,0.23947877964198044,0.008017981030136297,2.017145605401206,0.0,0.0,0.3320901272968868,0.1981382238537925
TRN-0619,1.2561689041745476,0.0,0.0,0.0,0.0045855801493001,0.0,0.0,0.0,1.2515833240252476,0.0,Valid,0.5,0.236,20.249864617378737,0.3742083379873762,0.00284413585951697,0.22353555852863147,0.0,0.0,0.00815490766022,0.0045855801493001
TRN-0725,2.212088069405508,0.0,0.0,0.0,0.0650362895868277,0.0,0.0,0.72,1.4270517798186804,0.18,Valid,0.32,0.055999999999999994,12.708907667287152,0.28647411009065976,0.027596162554421374,0.06905864528405595,0.0,0.0,0.1093269374710601,0.0650362895868277
TRN-0027,1.1830183119047257,0.0,0.0,0.0,0.0402395115362513,0.0,0.0,0.040000000000000036,1.1027788003684744,0.01,Valid,0.49,0.22599999999999998,27.720498274027147,0.44861059981576273,0.004306907780240965,0.27559639095639404,0.0,0.0,-0.0668656430410248,-0.0402395115362513
TRN-0977,1.3502221874784581,0.0,0.0,0.0,0.0877600164089598,0.0,0.0,0.0,1.2624621710694983,0.0,Valid,0.5,0.236,25.957391475062664,0.36876891446525084,0.002116458584322409,0.1445362123665133,0.0,0.0,0.1473580141755945,0.0877600164089598
TRN-0846,0.8797453408906856,0.0,0.0,0.0,0.0700062708633643,0.0,0.0,0.040000000000000036,0.7697390700273212,0.01,Valid,0.49,0.22599999999999998,30.233366949604815,0.6151304649863394,0.001681162082952784,0.29439571371749834,0.0,0.0,0.117644839751243,0.0700062708633643
TRN-0802,3.4951457089505973,0.0,0.0,0.0,0.286838184559086,1.0,1.0,0.040000000000000036,1.1683075243915115,0.99,Invalid,0.49,0.754,29.99719338038488,0.4158462378042443,0.03182586599487034,0.3621896548597636,1.0,1.0,-0.4795802088504324,-0.286838184559086
TRN-0613,1.7485008446512906,0.0,0.0,0.0,0.2920571338110237,0.0,0.0,0.08000000000000007,1.3764437108402667,0.02,Valid,0.48,0.216,19.443023910527454,0.31177814457986663,0.003268788493934403,0.1355202004941946,0.0,0.0,0.4892754911479819,0.2920571338110237
TRN-0375,1.146795548245273,0.0,0.0,0.0,0.0090306885141771,0.0,0.0,0.0,1.1377648597310959,0.0,Valid,0.5,0.236,19.24832520554912,0.431117570134452,0.003227586090605105,0.19337516581459005,0.0,0.0,-0.014633667560016,-0.0090306885141771
TRN-0567,1.6957169428286718,0.0,0.0,0.0,0.2287850332520249,0.0,0.0,0.1200000000000001,1.3469319095766468,0.03,Valid,0.47,0.206,48.33260218569072,0.3265340452116766,0.0051579544606784045,0.2995494376207063,0.0,0.0,0.3833815007628907,0.2287850332520249
TRN-0661,1.6248803666270422,0.0,0.0,0.0,0.2214472128395294,0.0,0.0,0.08000000000000007,1.3234331537875128,0.02,Valid,0.48,0.216,15.896903707434385,0.3382834231062436,0.0028290014389809417,0.30354563664327155,0.0,0.0,-0.370140015315437,-0.2214472128395294
TRN-0861,2.0433374528735677,0.0,0.0,0.0,0.183505662746536,0.0,0.0,0.56,1.2998317901270318,0.14,Valid,0.36,0.09599999999999997,14.954227984151537,0.3500841049364841,0.0076318054399167,0.08068287181451592,0.0,0.0,-0.3066399559646893,-0.183505662746536
TRN-0638,1.6356322412468605,0.0,0.0,0.0,0.174926448271262,0.0,0.0,0.08000000000000007,1.3807057929755984,0.02,Valid,0.48,0.216,17.062461524345288,0.30964710351220076,0.003557088441553193,0.17045160782603316,0.0,0.0,0.2932422382803779,0.174926448271262
TRN-0514,1.4001453820847236,0.0,0.0,0.0,0.113890313033138,0.0,0.0,0.040000000000000036,1.2462550690515857,0.01,Valid,0.49,0.22599999999999998,20.401339998902245,0.37687246547420716,0.0021900343742279177,0.25331911827575143,0.0,0.0,0.1910904231684043,0.113890313033138
TRN-0259,1.1137211332622747,0.0,0.0,0.0,0.0277170721281979,0.0,0.0,0.040000000000000036,1.0460040611340768,0.01,Valid,0.49,0.22599999999999998,20.203139619369036,0.4769979694329616,0.004467492031419218,0.1116926268035036,0.0,0.0,0.0468684317500702,0.0277170721281979
TRN-0933,4.705623904249092,0.0,3.0,0.0,0.1576054084479687,0.0,0.0,0.040000000000000036,1.508018495801123,0.99,Invalid,0.49,0.754,16.718358170907614,0.24599075209943858,0.019055148073752325,0.6078202837437889,0.0,0.0,-0.2632925523629001,-0.1576054084479687
TRN-0785,1.468150535782666,0.0,0.0,0.0,0.1473341217552087,0.0,0.0,0.0,1.3208164140274574,0.0,Valid,0.5,0.236,41.94226407727578,0.33959179298627123,0.0023596518999373537,0.25348024074435954,0.0,0.0,-0.2461022342815297,-0.1473341217552087
TRN-0571,1.9807795576479794,0.0,0.0,0.0,0.0893649238579717,0.0,0.0,0.43999999999999995,1.4514146337900078,0.11,Valid,0.39,0.126,51.170232621479855,0.27429268310499616,0.01851719714763571,0.7337740990405649,0.0,0.0,-0.1490833328932712,-0.0893649238579717
TRN-0101,1.4374468913064975,0.0,0.0,0.0,0.3666053157965478,0.0,0.0,0.0,1.0708415755099496,0.0,Valid,0.5,0.236,26.28783535575291,0.46457921224502524,0.0026969568507326925,0.22796117594687793,0.0,0.0,-0.6130807525921362,-0.3666053157965478
TRN-0308,1.4957074804665715,0.0,0.0,0.0,0.22547911877872,0.0,0.0,0.0,1.2702283616878516,0.0,Valid,0.5,0.236,21.714956430002072,0.36488581915607426,0.0009459138636835399,0.19949669874453968,0.0,0.0,0.3778486281008923,0.22547911877872
TRN-0447,1.5561825913805376,0.0,0.0,0.0,0.1336042805116498,0.0,0.0,0.1200000000000001,1.3025783108688878,0.03,Valid,0.47,0.206,15.552130414835924,0.3487108445655561,0.005005209029634219,0.14196215437757223,0.0,0.0,0.2240842808746919,0.1336042805116498
TRN-0354,1.6746075314478372,0.0,0.0,0.0,0.3362253401011553,0.0,0.0,0.040000000000000036,1.298382191346682,0.01,Valid,0.49,0.22599999999999998,19.922481057108843,0.350808904326659,0.0014540618001613916,0.2851464266353179,0.0,0.0,0.563196659734011,0.3362253401011553
TRN-0719,1.8318201814791384,0.0,0.0,0.0,0.3686342188185882,0.0,0.0,0.1200000000000001,1.34318596266055,0.03,Valid,0.47,0.206,14.383394484674628,0.328407018669725,0.002390683362126898,0.2141401703740513,0.0,0.0,-0.6164763825018449,-0.3686342188185882
TRN-0517,1.5560671820255427,0.0,0.0,0.0,0.0996177037914804,0.0,0.0,0.040000000000000036,1.4164494782340622,0.01,Valid,0.49,0.22599999999999998,15.159632120776434,0.2917752608829689,0.0028005614837189664,0.1398576890216757,0.0,0.0,0.1672033776546087,0.0996177037914804
TRN-0956,1.6036214798090196,0.0,0.0,0.0,0.1461094324218158,0.0,0.0,0.040000000000000036,1.4175120473872038,0.01,Valid,0.49,0.22599999999999998,53.87941573702557,0.29124397630639814,0.0019172775467978652,0.2041905327922364,0.0,0.0,0.245013259436174,0.1461094324218158
TRN-0200,1.4461239476530925,0.0,0.0,0.0,0.0205258823598959,0.0,0.0,0.08000000000000007,1.3455980652931965,0.02,Valid,0.48,0.216,21.229723912982383,0.3272009673534017,0.007390002840929381,0.07591264473097685,0.0,0.0,0.0348330516464514,0.0205258823598959
TRN-0463,4.551110367977243,0.0,3.0,0.0,0.0572371736892739,0.0,0.0,0.20000000000000018,1.2938731942879689,0.95,Invalid,0.44999999999999996,0.714,18.53997608696844,0.3530634028560155,0.02431233243153983,1.0317079469414463,0.0,0.0,-0.0953134147555552,-0.0572371736892739
TRN-0356,1.3766876647947983,0.0,0.0,0.0,0.0722114611667149,0.0,0.0,0.040000000000000036,1.2644762036280834,0.01,Valid,0.49,0.22599999999999998,32.52377294353905,0.3677618981859583,0.0019454653420376555,0.31037260550568074,0.0,0.0,0.121335509078122,0.0722114611667149
TRN-0464,1.597986685332693,0.0,0.0,0.0,0.0246521838471306,0.0,0.0,0.3999999999999999,1.1733345014855625,0.1,Valid,0.4,0.13599999999999998,28.589379785487004,0.4133327492572187,0.003490601464864985,0.555570840803723,0.0,0.0,0.0417389473912557,0.0246521838471306
TRN-0052,1.5638844298101562,0.0,0.0,0.0,0.2631926119616334,0.0,0.0,0.040000000000000036,1.2606918178485227,0.01,Valid,0.49,0.22599999999999998,19.26667206620913,0.36965409107573866,0.001920981568073079,0.35100997239879445,0.0,0.0,0.4409670049086251,0.2631926119616334
TRN-0737,2.9951857184231345,0.0,0.0,0.0,0.1287594664823007,0.0,0.0,1.44,1.426426251940834,0.64,Invalid,0.14,0.404,18.257545099500188,0.286786874029583,0.05080808851974461,0.300077977394536,0.0,0.0,0.215975862065946,0.1287594664823007
TRN-0549,1.2490510898483396,0.0,0.0,0.0,0.0435820307790632,0.0,0.0,0.08000000000000007,1.1254690590692764,0.02,Valid,0.48,0.216,17.97006596111321,0.4372654704653618,0.0021351596811190585,0.18320911668410206,0.0,0.0,-0.0724597784882945,-0.0435820307790632
TRN-0431,1.4915756458131992,0.0,0.0,0.0,0.006074950334102,0.0,0.0,0.15999999999999992,1.3255006954790973,0.04,Valid,0.46,0.19599999999999998,14.725713582100202,0.3372496522604513,0.00532218024422899,0.21526186212712353,0.0,0.0,-0.0096868599203698,-0.006074950334102
TRN-0565,1.5588967050210556,0.0,0.0,0.0,0.2432437285195327,0.0,0.0,0.0,1.315652976501523,0.0,Valid,0.5,0.236,19.864352008332418,0.3421735117492385,0.0017676201705310638,0.20299551514626019,0.0,0.0,0.4075799851519264,0.2432437285195327
TRN-0660,1.7193350378331254,0.0,0.0,0.0,0.3376008912240484,0.0,0.0,0.040000000000000036,1.3417341466090769,0.01,Valid,0.49,0.22599999999999998,28.549311970159305,0.32913292669546157,0.00238896799663166,0.4127670694226311,0.0,0.0,0.5654988212885499,0.3376008912240484
TRN-0834,2.711570099876295,0.0,0.0,0.0,0.1987517536934177,0.0,1.0,0.08000000000000007,1.432818346182877,0.02,Valid,0.48,0.216,20.816058395989547,0.2835908269085615,0.009892265062414836,0.15496214437285386,0.0,1.0,-0.3321562481989559,-0.1987517536934177
TRN-0887,1.721212022426196,0.0,0.0,0.0,0.151037059703144,0.0,0.0,0.15999999999999992,1.410174962723052,0.04,Valid,0.46,0.19599999999999998,37.24745730120784,0.29491251863847406,0.003698706722408554,0.22804060723257596,0.0,0.0,-0.2522995767435461,-0.151037059703144
TRN-0336,1.4855407665991687,0.0,0.0,0.0,0.1364799244516946,0.0,0.0,0.0,1.3490608421474741,0.0,Valid,0.5,0.236,43.88568928588238,0.32546957892626294,0.002817144097028309,0.24437674768740514,0.0,0.0,-0.2279363403924144,-0.1364799244516946
TRN-0023,1.1346130894883448,0.0,0.0,0.0,0.0204051284296768,0.0,0.0,0.040000000000000036,1.074207961058668,0.01,Valid,0.49,0.22599999999999998,19.64425943160772,0.46289601947066605,0.003107393156747077,0.23918253944660983,0.0,0.0,-0.0336702543084612,-0.0204051284296768
TRN-0305,1.5402770035107811,0.0,0.0,0.0,0.2923521737534377,0.0,0.0,0.0,1.2479248297573435,1.0,Invalid,0.5,0.764,17.2162373318108,0.37603758512132823,0.03232750628428269,0.10322761696107993,0.0,0.0,0.4897692784025409,0.2923521737534377
TRN-0536,1.1060993461923478,0.0,0.0,0.0,0.0540167161454323,0.0,0.0,0.0,1.0520826300469155,0.0,Valid,0.5,0.236,19.28452286871924,0.47395868497654225,0.0037312209982317923,0.14288819016905677,0.0,0.0,0.0908842653653216,0.0540167161454323
TRN-0261,1.5348557636535203,0.0,0.0,0.0,0.0011591853295655,0.0,0.0,0.24,1.2936965783239547,0.06,Valid,0.44,0.176,23.59120503675127,0.3531517108380226,0.004778039501770027,0.24963031455606213,0.0,0.0,-0.0014596955378571,-0.0011591853295655
TRN-0271,1.4419005745119082,0.0,0.0,0.0,0.1507373119080371,0.0,0.0,0.0,1.2911632626038712,0.0,Valid,0.5,0.236,39.71107880022735,0.3544183686980644,0.0022573972214451387,0.4075488198271511,0.0,0.0,-0.2517979102925736,-0.1507373119080371
TRN-0827,1.5727775139919409,0.0,0.0,0.0,0.2262993302247267,0.0,0.0,0.08000000000000007,1.266478183767214,0.02,Valid,0.48,0.216,27.318385946886103,0.3667609081163929,0.002951886633991592,0.43297667452436256,0.0,0.0,0.3792213573482197,0.2262993302247267
TRN-0148,3.0527259623711225,0.0,0.0,0.0,0.0013460707783671,0.0,0.0,1.7999999999999998,1.2513798915927556,0.55,Invalid,0.050000000000000044,0.31400000000000006,35.001078371734266,0.37431005420362223,0.049801051926286366,0.4742800606558231,0.0,0.0,-0.0017724723501277,-0.0013460707783671
TRN-0916,1.5268535412294222,0.0,0.0,0.0,0.1025195355599268,0.0,0.0,0.15999999999999992,1.2643340056694954,0.04,Valid,0.46,0.19599999999999998,15.261602234786652,0.36783299716525236,0.002969825602411649,0.2033051907360585,0.0,0.0,0.1720599659877315,0.1025195355599268
TRN-0691,1.3574250049264507,0.0,0.0,0.0,0.0879830152778148,0.0,0.0,0.0,1.269441989648636,0.0,Valid,0.5,0.236,35.88658622309638,0.365279005175682,0.0033566688204784726,0.2952629214455325,0.0,0.0,0.1477312314366905,0.0879830152778148
TRN-0915,1.625023909161544,0.0,0.0,0.0,0.2850872634199591,0.0,0.0,0.0,1.3399366457415849,0.0,Valid,0.5,0.236,21.625985901482764,0.3300316771292075,0.0013486431040695846,0.1424311526908237,0.0,0.0,0.4776105174604321,0.2850872634199591
TRN-0497,1.173313282113466,0.0,0.0,0.0,0.0965722320716531,0.0,0.0,0.08000000000000007,0.9967410500418128,0.02,Valid,0.48,0.216,20.35068689310548,0.5016294749790936,0.0024487324517777987,0.14743075280760604,0.0,0.0,0.1621063894059453,0.0965722320716531
TRN-0178,2.0590022467509588,0.0,0.0,0.0,0.2564368627238265,0.0,0.0,0.43999999999999995,1.3625653840271321,0.11,Valid,0.39,0.126,41.196120855390525,0.31871730798643394,0.01033777843865819,0.35597760667768813,0.0,0.0,-0.4286996903647981,-0.2564368627238265
TRN-0327,1.4513288611154838,0.0,0.0,0.0,0.0222294149462212,0.0,0.0,0.08000000000000007,1.3490994461692625,0.02,Valid,0.48,0.216,26.220496696704203,0.32545027691536876,0.0028029352244750673,0.25030724650998626,0.0,0.0,0.0376841323237684,0.0222294149462212
TRN-0856,1.4400527082403731,0.0,0.0,0.0,0.0046366793389333,0.0,0.0,0.08000000000000007,1.3554160289014399,0.98,Invalid,0.48,0.744,37.67224864061309,0.3222919855492801,0.013186849578097641,0.4467043920914692,0.0,0.0,0.0082404287200219,0.0046366793389333
TRN-0343,1.6841656884438563,0.0,0.0,0.0,0.1720903538121382,0.0,0.0,0.15999999999999992,1.352075334631718,0.04,Valid,0.46,0.19599999999999998,18.8352508497048,0.32396233268414093,0.004519394063757019,0.11236586771601612,0.0,0.0,-0.2875349696616851,-0.1720903538121382
TRN-0198,1.6245038574681259,0.0,0.0,0.0,0.1339002344585409,0.0,0.0,0.040000000000000036,1.450603623009585,0.01,Valid,0.49,0.22599999999999998,18.51112469934517,0.2746981884952076,0.0030794271752957567,0.13271288356120817,0.0,0.0,0.2245795978331877,0.1339002344585409
TRN-0290,3.2091892993464883,0.0,0.0,0.0,0.0781890900631255,0.0,0.0,1.7200000000000002,1.411000209283363,0.57,Invalid,0.06999999999999995,0.33399999999999996,37.11276896152179,0.29449989535831855,0.023511504815750914,3.207173450415682,0.0,0.0,0.1313398391270652,0.0781890900631255
TRN-0711,1.7311859755806736,0.0,0.0,0.0,0.2862612652463281,0.0,0.0,0.040000000000000036,1.4049247103343454,0.01,Valid,0.49,0.22599999999999998,20.23387640343423,0.29753764483282735,0.007502025611015474,0.06805351807691705,0.0,0.0,0.4795753603693171,0.2862612652463281
TRN-0284,1.5881430829779062,0.0,0.0,0.0,0.4513351931941834,0.0,0.0,0.040000000000000036,1.0968078897837228,0.01,Valid,0.49,0.22599999999999998,36.9747442040133,0.4515960551081386,0.004478354592775476,0.6996397710255362,0.0,0.0,-0.7548870897171192,-0.4513351931941834
TRN-0105,1.9710705575733583,0.0,0.0,0.0,0.1582331616024271,0.0,0.0,0.52,1.2928373959709312,0.13,Valid,0.37,0.10599999999999998,42.38116291795064,0.35358130201453436,0.003962285828036983,0.4513949111791086,0.0,0.0,0.2653038780491279,0.1582331616024271
TRN-0439,1.4699464158009796,0.0,0.0,0.0,0.1401061316868576,0.0,0.0,0.08000000000000007,1.2498402841141218,0.02,Valid,0.48,0.216,15.875618307521815,0.3750798579429391,0.0030888540881439906,0.1888604277723796,0.0,0.0,0.2349659642667383,0.1401061316868576
TRN-0602,1.1783138236651685,0.0,0.0,0.0,0.1981488079068412,0.0,0.0,0.08000000000000007,0.9001650157583272,0.98,Invalid,0.48,0.744,30.442967658352003,0.5499174921208364,0.007514066892861721,0.3270796543416544,0.0,0.0,0.3321078410696536,0.1981488079068412
TRN-0269,1.512578910932754,0.0,0.0,0.0,0.113285501754103,0.0,0.0,0.040000000000000036,1.359293409178651,0.01,Valid,0.49,0.22599999999999998,42.5621818261883,0.32035329541067453,0.007535675523297915,0.7145024925814792,0.0,0.0,-0.1891174936585962,-0.113285501754103
TRN-0184,1.5150231993661025,0.0,0.0,0.0,0.2047856299928018,0.0,0.0,0.040000000000000036,1.2702375693733008,0.01,Valid,0.49,0.22599999999999998,34.8012034644943,0.3648812153133496,0.0025463247556023797,0.279204542841084,0.0,0.0,0.3432154156238276,0.2047856299928018
TRN-0288,2.5085842332424644,0.0,0.0,0.0,0.0942064217799379,0.0,1.0,0.0,1.4143778114625265,0.0,Valid,0.5,0.236,15.42235123319465,0.2928110942687367,0.00984162658515194,0.16490115736941993,0.0,1.0,0.1581469018897969,0.0942064217799379
TRN-0668,1.7328845987742385,0.0,0.0,0.0,0.0210266742449191,0.0,0.0,0.28,1.4318579245293193,0.07,Valid,0.43,0.16599999999999998,52.93513045990327,0.28407103773534037,0.006152290062075276,0.4334075166823352,0.0,0.0,-0.0347104910953177,-0.0210266742449191
TRN-0014,1.5718596514949355,0.0,0.0,0.0,0.1377086457408357,0.0,0.0,0.08000000000000007,1.3541510057540997,0.02,Valid,0.48,0.216,26.676924628524368,0.3229244971229502,0.003750890277360822,0.30746076046913795,0.0,0.0,-0.2299927633533833,-0.1377086457408357
TRN-0813,1.4949428959029911,0.0,0.0,0.0,0.1883283042370183,0.0,0.0,0.040000000000000036,1.2666145916659728,0.01,Valid,0.49,0.22599999999999998,23.44690732755786,0.36669270416701366,0.0024124174292071603,0.1065903881658973,0.0,0.0,-0.3147112661805984,-0.1883283042370183
TRN-0636,1.4774556114861181,0.0,0.0,0.0,0.1608814062272353,0.0,0.0,0.040000000000000036,1.2765742052588829,0.01,Valid,0.49,0.22599999999999998,18.57523854907986,0.3617128973705585,0.0021032014772888064,0.2228993620164106,0.0,0.0,0.2697360557128885,0.1608814062272353
TRN-0028,1.2464400569709384,0.0,0.0,0.0,0.0984457458297516,0.0,0.0,0.0,1.1479943111411868,0.0,Valid,0.5,0.236,20.92503921483152,0.42600284442940667,0.0020321694640050994,0.11459004585886047,0.0,0.0,-0.1642812552962382,-0.0984457458297516
TRN-0123,1.469613582670321,0.0,0.0,0.0,0.037603278910671,0.0,0.0,0.19999999999999996,1.23201030375965,0.05,Valid,0.45,0.186,18.96512261421931,0.38399484812017504,0.004883045297301264,0.20154968665120576,0.0,0.0,-0.0624535690014447,-0.037603278910671
TRN-0088,1.2521979676815749,0.0,0.0,0.0,0.2069516719691051,0.0,0.0,0.0,1.0452462957124697,0.0,Valid,0.5,0.236,21.792844582055185,0.4773768521437652,0.0014841540424515246,1.475442023782611,0.0,0.0,0.346840565195059,0.2069516719691051
TRN-0714,1.8716134365613095,0.0,0.0,0.0,0.157117771021384,0.0,0.0,0.28,1.4344956655399255,0.07,Valid,0.43,0.16599999999999998,30.984729604561828,0.28275216723003727,0.0034092816802320795,0.18468020206971883,0.0,0.0,-0.2624764284709169,-0.157117771021384
TRN-0583,1.4296228616866435,0.0,0.0,0.0,0.0947349537076546,0.0,0.0,0.040000000000000036,1.294887907978989,0.01,Valid,0.49,0.22599999999999998,28.108863224167777,0.3525560460105055,0.001870534332194246,0.16338338051687282,0.0,0.0,0.159031467984132,0.0947349537076546
TRN-0421,1.4344093476635136,0.0,0.0,0.0,0.1040675352368917,0.0,0.0,0.1200000000000001,1.2103418124266219,0.03,Valid,0.47,0.206,28.97399094512457,0.39482909378668907,0.003594670816589269,0.4058436659250755,0.0,0.0,0.1746507423561532,0.1040675352368917
TRN-0511,1.354610513854803,0.0,0.0,0.0,0.2158259802911505,0.0,0.0,0.0,1.1387845335636526,0.0,Valid,0.5,0.236,22.37407040883508,0.4306077332181737,0.002090645271499163,0.3314023617731825,0.0,0.0,-0.3607321603497979,-0.2158259802911505
TRN-0449,1.4340988899946836,0.0,0.0,0.0,0.1074275215876593,0.0,0.0,0.0,1.3266713684070244,0.0,Valid,0.5,0.236,46.92419106831071,0.3366643157964878,0.001597787342499443,0.25012929826393593,0.0,0.0,0.1802741112530093,0.1074275215876593
TRN-0038,1.4935381904735667,0.0,0.0,0.0,0.1254511076432254,0.0,0.0,0.040000000000000036,1.3280870828303413,0.01,Valid,0.49,0.22599999999999998,47.15039581498608,0.3359564585848294,0.003155987374021219,0.5921056316097807,0.0,0.0,0.2104388984437442,0.1254511076432254
TRN-0891,1.8224112580151013,0.0,0.0,0.0,0.2520476703494426,0.0,0.0,0.1200000000000001,1.4503635876656586,0.03,Valid,0.47,0.206,20.37962043678761,0.2748182061671707,0.0026002623906185556,0.15630125641309991,0.0,0.0,-0.4213538129403886,-0.2520476703494426
TRN-0313,1.6345216082938225,0.0,0.0,0.0,0.1452714320537443,0.0,0.0,0.1200000000000001,1.3692501762400782,0.03,Valid,0.47,0.206,36.32331027844923,0.3153749118799609,0.006144800612543456,0.15532973679484852,0.0,0.0,0.2436107581419975,0.1452714320537443
TRN-0255,1.1033928092465108,0.0,0.0,0.0,0.1097682090097195,0.0,0.0,0.0,0.9936246002367914,0.0,Valid,0.5,0.236,16.805108966527012,0.5031876998816043,0.0009701712883287133,0.328918714230826,0.0,0.0,0.1841915524186461,0.1097682090097195
TRN-0647,1.2639841809126175,0.0,0.0,0.0,0.1209070283318207,0.0,0.0,0.0,1.1430771525807968,0.0,Valid,0.5,0.236,24.526009068785584,0.42846142370960155,0.0022324473819332435,0.2468306926892583,0.0,0.0,-0.2018730977085674,-0.1209070283318207
TRN-0423,1.4385461627523337,0.0,0.0,0.0,0.1748971547814078,0.0,0.0,0.0,1.263649007970926,0.0,Valid,0.5,0.236,18.484338171332737,0.36817549601453703,0.004567011515444729,0.10851613744614946,0.0,0.0,0.2931932118610625,0.1748971547814078
TRN-0398,2.063859157706488,0.0,0.0,0.0,0.3499958617810806,0.0,0.0,0.2799999999999998,1.4338632959254078,0.93,Invalid,0.43000000000000005,0.6940000000000001,24.480975568962386,0.2830683520372961,0.026865583041349603,0.14400583597666233,0.0,0.0,-0.5852826970783092,-0.3499958617810806
TRN-0289,1.2921290511998411,0.0,0.0,0.0,0.1083726870723584,0.0,0.0,0.040000000000000036,1.1437563641274826,0.01,Valid,0.49,0.22599999999999998,16.707552750249388,0.4281218179362587,0.0055019834386783335,0.26203469606960594,0.0,0.0,-0.1808952670203751,-0.1083726870723584
TRN-0579,1.2885709406155346,0.0,0.0,0.0,0.0918026249090102,0.0,0.0,0.0,1.1967683157065243,0.0,Valid,0.5,0.236,43.01406460928981,0.40161584214673784,0.001727802842562744,0.44617705961168475,0.0,0.0,0.1541238389522803,0.0918026249090102
TRN-0275,1.5843439663264693,0.0,0.0,0.0,0.4180252736704586,0.0,0.0,0.0,1.1663186926560107,0.0,Valid,0.5,0.236,17.734045248148878,0.4168406536719946,0.0016531310418261857,0.3861543769018002,0.0,0.0,-0.6991386592618287,-0.4180252736704586
TRN-0885,1.9362365540617055,0.0,0.0,0.0,0.3401737433058688,0.0,0.0,0.15999999999999992,1.4360628107558369,0.04,Valid,0.46,0.19599999999999998,17.60084665486376,0.28196859462208157,0.00517815817266768,0.10555689602684781,0.0,0.0,0.5698048198441139,0.3401737433058688
TRN-0201,1.3756791819620913,0.0,0.0,0.0,0.041655746491017,0.0,0.0,0.040000000000000036,1.2940234354710742,0.01,Valid,0.49,0.22599999999999998,23.98348240109125,0.3529882822644629,0.0030658915002431783,0.7151162356966627,0.0,0.0,-0.0692358942158399,-0.041655746491017
TRN-0171,2.3178674984586762,0.0,0.0,0.0,0.1476040789877412,0.0,0.0,0.7999999999999998,1.3702634194709353,0.8,Invalid,0.30000000000000004,0.5640000000000001,23.8591845852348,0.3148682902645324,0.06804029410087695,0.8524747033895331,0.0,0.0,-0.2465540423981185,-0.1476040789877412
TRN-0689,1.90826799014859,0.0,0.0,0.0,0.1693227627912699,0.0,0.0,0.32000000000000006,1.41894522735732,0.08,Valid,0.42,0.15599999999999997,22.26774241854785,0.29052738632133995,0.04871083416026286,0.1469029041321885,0.0,0.0,0.283863750588381,0.1693227627912699
TRN-0769,1.4344097565198413,0.0,0.0,0.0,0.1435340639713137,0.0,0.0,0.0,1.2908756925485276,0.0,Valid,0.5,0.236,22.443575131183408,0.3545621537257362,0.006476537099874567,0.36969997998321064,0.0,0.0,0.2407030494142823,0.1435340639713137
TRN-0575,1.4044584742491821,0.0,0.0,0.0,0.0852121239467794,0.0,0.0,0.08000000000000007,1.2392463503024027,0.02,Valid,0.48,0.216,29.733967428774022,0.3803768248487987,0.002361543134570428,0.38295442143347497,0.0,0.0,0.1430937887506651,0.0852121239467794
TRN-0428,0.6107518123006915,0.0,0.0,0.0,0.070083636335745,0.0,0.0,0.0,0.5406681759649465,0.0,Valid,0.5,0.236,25.07066681472186,0.7296659120175267,0.002113227647578684,0.3032597818967609,0.0,0.0,-0.1168136206907028,-0.070083636335745
TRN-0272,1.4867755840901267,0.0,0.0,0.0,0.0904446326476117,0.0,0.0,0.040000000000000036,1.3563309514425148,0.01,Valid,0.49,0.22599999999999998,23.818836078574048,0.3218345242787426,0.0024805798082782942,0.14449491608021853,0.0,0.0,-0.1508903642890793,-0.0904446326476117
TRN-0763,1.2610378646600284,0.0,0.0,0.0,0.0091529686574784,0.0,0.0,0.040000000000000036,1.21188489600255,0.01,Valid,0.49,0.22599999999999998,18.86584307236028,0.394057551998725,0.003540203097454853,0.2917730837582074,0.0,0.0,0.015799019211709,0.0091529686574784
TRN-0727,2.175641503495048,0.0,0.0,0.0,0.1526736788563475,0.0,0.0,0.56,1.4629678246387006,0.14,Valid,0.36,0.09599999999999997,16.66587783996587,0.2685160876806497,0.00877555877033561,0.2990343336020654,0.0,0.0,-0.2550386691925439,-0.1526736788563475
TRN-0042,1.3870841105041747,0.0,0.0,0.0,0.0609304175687176,0.0,0.0,0.19999999999999996,1.1261536929354572,0.05,Valid,0.45,0.186,17.879324174515258,0.4369231535322714,0.0025794559541607504,0.1993851557799837,0.0,0.0,-0.101494532948319,-0.0609304175687176
TRN-0773,1.383402932383428,0.0,0.0,0.0,0.0184361229884248,0.0,0.0,0.1200000000000001,1.244966809395003,0.97,Invalid,0.47,0.734,17.485601799394985,0.3775165953024985,0.013670987881265055,0.13418533495392287,0.0,0.0,-0.0303748706966953,-0.0184361229884248
TRN-0764,1.4279646123637226,0.0,0.0,0.0,0.029147903060732,0.0,0.0,0.040000000000000036,1.3588167093029906,0.01,Valid,0.49,0.22599999999999998,24.39987814779206,0.3205916453485047,0.003009130280942372,0.209979393313847,0.0,0.0,-0.0483024110495939,-0.029147903060732
TRN-0620,1.1985842029389637,0.0,0.0,0.0,0.0933349500134822,0.0,0.0,0.08000000000000007,1.0252492529254815,0.02,Valid,0.48,0.216,20.717532185009244,0.4873753735372593,0.0032326990279969445,0.20336841291942193,0.0,0.0,0.156688381909543,0.0933349500134822
TRN-0914,1.5396820389130523,0.0,0.0,0.0,0.4492816272833754,0.0,0.0,0.040000000000000036,1.0504004116296768,0.01,Valid,0.49,0.22599999999999998,19.453913072530916,0.47479979418516155,0.012380632899254479,0.06293339484716177,0.0,0.0,0.7524108834136047,0.4492816272833754
TRN-0982,1.5157213599305055,0.0,0.0,0.0,0.1310096097339083,0.0,0.0,0.040000000000000036,1.344711750196597,0.01,Valid,0.49,0.22599999999999998,15.382657951523512,0.3276441249017015,0.00707345329464954,0.19740427851911377,0.0,0.0,-0.2187810658083417,-0.1310096097339083
TRN-0113,2.6142662265457295,0.0,0.0,0.0,0.193982000325794,0.0,1.0,0.040000000000000036,1.3802842262199353,0.01,Valid,0.49,0.22599999999999998,22.38742198044883,0.30985788689003235,0.0020240872965241437,0.5631437971516426,0.0,1.0,0.3251341531720548,0.193982000325794
TRN-0258,1.2298243090885848,0.0,0.0,0.0,0.0127936188690261,0.0,0.0,0.28,0.9370306902195586,0.07,Valid,0.43,0.16599999999999998,24.757833246617707,0.5314846548902207,0.005736525977780676,0.22162389292385948,0.0,0.0,-0.0209314150236803,-0.0127936188690261
TRN-0002,1.6531177920176918,0.0,0.0,0.0,0.3330701953513696,0.0,0.0,0.0,1.320047596666322,0.0,Valid,0.5,0.236,17.818534144778052,0.33997620166683895,0.0016244250626716635,0.27796988997779776,0.0,0.0,-0.5569554194577755,-0.3330701953513696
TRN-0283,1.5448474929210092,0.0,0.0,0.0,0.0731285292383573,0.0,0.0,0.1200000000000001,1.3517189636826519,0.03,Valid,0.47,0.206,21.73619603475346,0.324140518158674,0.0029374320645939784,0.29125054338002043,0.0,0.0,0.1228703403339679,0.0731285292383573
TRN-0677,1.0064393449876015,0.0,0.0,0.0,0.1141068201534086,0.0,0.0,0.0,0.8923325248341929,0.0,Valid,0.5,0.236,23.65056685405441,0.5538337375829036,0.0015364454340865115,0.20839869220191276,0.0,0.0,0.191452775654092,0.1141068201534086
TRN-0486,1.9138432317394403,0.0,0.0,0.0,0.1170728366537885,0.0,0.0,0.52,1.2767703950856517,0.13,Valid,0.37,0.10599999999999998,43.3347950412312,0.36161480245717414,0.005371217027024502,0.5715304305190652,0.0,0.0,0.196416785383473,0.1170728366537885
TRN-0554,1.4607111270459052,0.0,0.0,0.0,0.1221501070145039,0.0,0.0,0.0,1.3385610200314013,0.0,Valid,0.5,0.236,38.13105029177441,0.3307194899842993,0.0039088056512478755,0.569179867743051,0.0,0.0,-0.2039535496124713,-0.1221501070145039
TRN-0341,1.5089306931269426,0.0,0.0,0.0,0.1233000818897805,0.0,0.0,0.040000000000000036,1.345630611237162,0.01,Valid,0.49,0.22599999999999998,43.05605686660362,0.327184694381419,0.004731545391188547,0.33824599410543216,0.0,0.0,-0.2058781803313785,-0.1233000818897805
TRN-0757,1.5777477117384184,0.0,0.0,0.0,0.1904545713307257,0.0,0.0,0.040000000000000036,1.3472931404076927,0.01,Valid,0.49,0.22599999999999998,14.259234476053129,0.32635342979615367,0.00501355605583946,0.11345641731506652,0.0,0.0,0.3192305474945485,0.1904545713307257
TRN-0910,1.654616322139801,0.0,0.0,0.0,0.1505302921654554,0.0,0.0,0.1200000000000001,1.3840860299743454,0.03,Valid,0.47,0.206,16.00477520475596,0.3079569850128273,0.002997349187892962,0.22992285915200578,0.0,0.0,-0.2514514361525215,-0.1505302921654554
TRN-0106,1.0064894631579455,0.0,0.0,0.0,0.0073814244366574,0.0,0.0,0.040000000000000036,0.959108038721288,0.01,Valid,0.49,0.22599999999999998,33.07094433428427,0.520445980639356,0.005485870033688079,0.5031037525217221,0.0,0.0,-0.0118734122053751,-0.0073814244366574
TRN-0712,1.473934330283476,0.0,0.0,0.0,0.0446349540695058,0.0,0.0,0.040000000000000036,1.38929937621397,0.01,Valid,0.49,0.22599999999999998,19.89282646367635,0.3053503118930149,0.0038962745257764136,0.17670936977128668,0.0,0.0,-0.0742219809094137,-0.0446349540695058
TRN-0153,1.8314259070838643,0.0,0.0,0.0,0.6419144031094685,0.0,0.0,0.3599999999999999,0.8295115039743961,0.09,Valid,0.41000000000000003,0.146,27.68388948703151,0.585244248012802,0.006527876922410375,0.18960679676697154,0.0,0.0,-1.0738458858384732,-0.6419144031094685
TRN-0911,1.5459823625685671,0.0,0.0,0.0,0.1530226697853387,0.0,0.0,0.040000000000000036,1.3529596927832284,0.01,Valid,0.49,0.22599999999999998,54.60599313470171,0.32352015360838576,0.006095984167022087,0.26661117500724907,0.0,0.0,0.2565834504751159,0.1530226697853387
TRN-0174,1.6658499623693719,0.0,0.0,0.0,0.1740069049336633,0.0,0.0,0.08000000000000007,1.4118430574357084,0.02,Valid,0.48,0.216,18.798324833933545,0.29407847128214587,0.003262840798830416,0.17397241838026822,0.0,0.0,0.2917032643488966,0.1740069049336633
TRN-0798,1.37487894553574,0.0,0.0,0.0,0.0665031053507554,0.0,0.0,0.0,1.3083758401849845,0.0,Valid,0.5,0.236,19.89516923228444,0.34581207990750773,0.001019856230281079,0.2765458297718299,0.0,0.0,0.1117818421293499,0.0665031053507554
TRN-0857,7.071017965903481,0.0,0.0,0.0,5.611912210162478,0.0,0.0,0.08000000000000007,1.3791057557410031,0.98,Invalid,0.48,0.744,24.159421233744045,0.3104471221294985,0.007652450587883603,0.8681629751290065,0.0,0.0,9.39273653208414,5.611912210162478
TRN-0912,1.6835843523600609,0.0,0.0,0.0,0.3128994132148697,0.0,0.0,0.040000000000000036,1.3306849391451911,0.01,Valid,0.49,0.22599999999999998,23.00072845749721,0.3346575304274045,0.002742073994328411,0.1583207168106569,0.0,0.0,-0.5231970237232986,-0.3128994132148697
TRN-0380,1.3821131463274232,0.0,0.0,0.0,0.2137161833195262,0.0,0.0,0.0,1.168396963007897,0.0,Valid,0.5,0.236,24.85434728499928,0.41580151849605146,0.0032509814295931055,0.10865807427852615,0.0,0.0,0.3581618441406409,0.2137161833195262
TRN-0218,3.176806379940692,0.0,0.0,0.0,0.4433758806214862,0.0,0.0,1.24,1.4934304993192056,0.31,Invalid,0.19,0.07400000000000001,25.444031098657447,0.25328475034039727,0.05219289333765768,0.513529347784579,0.0,0.0,-0.7415661574009995,-0.4433758806214862
TRN-0254,1.377202940260568,0.0,0.0,0.0,0.1806036627855364,0.0,0.0,0.040000000000000036,1.1565992774750316,0.99,Invalid,0.49,0.754,30.20744492644728,0.4217003612624842,0.015554215950724612,0.34913282161649534,0.0,0.0,0.3027437862593025,0.1806036627855364
TRN-0441,1.5798815928276735,0.0,0.0,0.0,0.1674522009159723,0.0,0.0,0.0,1.4124293919117012,0.0,Valid,0.5,0.236,21.42277025480498,0.2937853040441494,0.004151957684532643,0.2278535555129049,0.0,0.0,-0.2797724248140838,-0.1674522009159723
TRN-0932,1.5000779248966989,0.0,0.0,0.0,0.1136233186976564,0.0,0.0,0.040000000000000036,1.3464546061990426,0.01,Valid,0.49,0.22599999999999998,23.057127805513435,0.32677269690047867,0.0022432666980986686,0.16968757285105196,0.0,0.0,0.1906435738407452,0.1136233186976564
TRN-0509,0.8498883538364707,0.0,0.0,0.0,0.0119840913835346,0.0,0.0,0.1200000000000001,0.7179042624529359,0.03,Valid,0.47,0.206,25.660745881391197,0.641047868773532,0.003962516535367627,0.41047332361676797,0.0,0.0,-0.0195765667571023,-0.0119840913835346
TRN-0673,1.429476115420741,0.0,0.0,0.0,0.0762525155225358,0.0,0.0,0.15999999999999992,1.1932235998982053,0.04,Valid,0.46,0.19599999999999998,16.82934112217998,0.40338820005089737,0.0013888002184908126,0.17202201920096552,0.0,0.0,-0.1271380326751554,-0.0762525155225358
TRN-0645,1.3373908388676825,0.0,0.0,0.0,0.2246897530640072,0.0,0.0,0.1200000000000001,0.9927010858036753,0.03,Valid,0.47,0.206,26.815591768558203,0.5036494570981623,0.0019900497282879744,0.25596756743733495,0.0,0.0,-0.375566823028798,-0.2246897530640072
TRN-0263,1.346720592429516,0.0,0.0,0.0,0.0569461223749434,0.0,0.0,0.040000000000000036,1.2497744700545725,0.01,Valid,0.49,0.22599999999999998,18.621615455333423,0.3751127649727137,0.0025982709752995193,0.21259244709497258,0.0,0.0,0.0957870031021954,0.0569461223749434
TRN-0071,1.686032958416798,0.0,0.0,0.0,0.0190485175523467,0.0,0.0,0.24,1.4269844408644512,0.06,Valid,0.44,0.176,45.24125275988579,0.28650777956777446,0.003325167445437365,0.2520482484494365,0.0,0.0,0.0323604918081699,0.0190485175523467
TRN-0013,1.4147198917218082,0.0,0.0,0.0,0.341598777209998,0.0,0.0,0.0,1.0731211145118102,0.0,Valid,0.5,0.236,20.232320875722174,0.46343944274409493,0.0016631343258805306,0.21212866850130369,0.0,0.0,0.572189797191303,0.341598777209998
TRN-0260,2.4167808234096917,0.0,0.0,0.0,0.1540420193372651,0.0,0.0,0.76,1.5027388040724265,0.19,Valid,0.31,0.045999999999999985,42.043705489886165,0.24863059796378675,0.02478664655237566,0.48696647167014373,0.0,0.0,-0.2573287628112108,-0.1540420193372651
TRN-0045,2.215902357678513,0.0,0.0,0.0,0.3892763762023431,0.0,0.0,0.3599999999999999,1.4666259814761697,0.09,Valid,0.41000000000000003,0.146,22.128230719378656,0.26668700926191513,0.004729361665929696,0.45629649901924013,0.0,0.0,-0.6510236852816007,-0.3892763762023431
TRN-0504,1.7259422229288979,0.0,0.0,0.0,0.2141247823258358,0.0,0.0,0.040000000000000036,1.471817440603062,0.01,Valid,0.49,0.22599999999999998,12.928646128412993,0.264091279698469,0.004814613815671806,0.1102371485825907,0.0,0.0,0.3588456870803131,0.2141247823258358
TRN-0876,1.5062675672461583,0.0,0.0,0.0,0.08591924544655,0.0,0.0,0.08000000000000007,1.3403483217996082,0.02,Valid,0.48,0.216,35.987615508957894,0.3298258391001959,0.0028131780785127496,0.20429878276599506,0.0,0.0,0.1442772474415612,0.08591924544655
TRN-0372,1.410195965243071,0.0,0.0,0.0,0.1112768966899857,0.0,0.0,0.040000000000000036,1.258919068553085,0.01,Valid,0.49,0.22599999999999998,42.481987841833394,0.3705404657234574,0.003747645324784795,0.2819354642477599,0.0,0.0,-0.1857558349896422,-0.1112768966899857
TRN-0009,7.395260821643632,0.0,0.0,0.0,4.130911686907774,1.0,1.0,0.0,1.2643491347358577,1.0,Invalid,0.5,0.764,22.39595641560142,0.3678254326320712,0.011159876054069198,0.3237256463799389,1.0,1.0,-6.913131156281441,-4.130911686907774
TRN-0835,1.7367824785415316,0.0,0.0,0.0,0.090701704041627,0.0,0.0,0.28,1.3660807744999044,0.07,Valid,0.43,0.16599999999999998,29.263055501603045,0.31695961275004786,0.0035397300747015722,0.31583933645839135,0.0,0.0,0.1522813064187396,0.090701704041627
TRN-0083,1.4929056390888322,0.0,0.0,0.0,0.1705194256942644,0.0,0.0,0.0,1.3223862133945679,0.0,Valid,0.5,0.236,14.847824559684344,0.3388068933027161,0.0016586956222082345,0.1802816929794314,0.0,0.0,0.2858665197208161,0.1705194256942644
TRN-0365,1.442346371624796,0.0,0.0,0.0,0.0271096793743652,0.0,0.0,0.15999999999999992,1.2552366922504308,0.04,Valid,0.46,0.19599999999999998,49.27320919580495,0.37238165387478467,0.0035049245736009063,0.1786512158999096,0.0,0.0,0.0458518819300692,0.0271096793743652
TRN-0695,2.64990333205262,0.0,0.0,0.0,0.3300917077393387,0.0,1.0,0.0,1.3198116243132814,0.0,Valid,0.5,0.236,21.84810482330428,0.3400941878433593,0.0024714133011756387,0.15622958113328925,0.0,1.0,0.5529312378401663,0.3300917077393387
TRN-0407,1.3551007650570632,0.0,0.0,0.0,0.0800986306720839,0.0,0.0,0.040000000000000036,1.2350021343849793,0.01,Valid,0.49,0.22599999999999998,17.001588097420733,0.3824989328075103,0.001419527738223323,0.1586216672882139,0.0,0.0,0.1345357007011003,0.0800986306720839
TRN-0816,8.000019828256702,0.0,0.0,0.0,6.601952017931982,0.0,0.0,0.040000000000000036,1.3580678103247203,0.99,Invalid,0.49,0.754,21.67377580769561,0.3209660948376399,0.008000000000000007,1.1918853338239443,0.0,0.0,11.0496953647855,6.601952017931982
TRN-0545,1.2671038515896191,0.0,0.0,0.0,0.0897423626020186,0.0,0.0,0.1200000000000001,1.0573614889876004,0.03,Valid,0.47,0.206,16.849916470240522,0.47131925550619985,0.0031403072194419036,0.4896754290440928,0.0,0.0,-0.1497150251301331,-0.0897423626020186
TRN-0491,1.4731320266083259,0.0,0.0,0.0,0.0569197092403821,0.0,0.0,0.08000000000000007,1.3362123173679437,0.02,Valid,0.48,0.216,15.177949754660093,0.33189384131602817,0.0036354895876231632,0.16533213268237132,0.0,0.0,-0.094782097207986,-0.0569197092403821
TRN-0165,1.0474484242036528,0.0,0.0,0.0,0.0585623282909269,0.0,0.0,0.0,0.9888860959127259,0.0,Valid,0.5,0.236,25.18086772531558,0.505556952043637,0.0019076583378767953,0.2659454001779604,0.0,0.0,0.0984919313757224,0.0585623282909269
TRN-0829,3.00183237351164,0.0,0.0,0.0,0.0543571693194532,0.0,0.0,1.48,1.467475204192187,0.63,Invalid,0.13,0.394,14.70773556735038,0.2662623979039065,0.053049295636622,0.5955312847005408,0.0,0.0,-0.0904933573787269,-0.0543571693194532
TRN-0965,1.5383834955780795,0.0,0.0,0.0,0.0135808778677231,0.0,0.0,0.08000000000000007,1.4448026177103563,0.02,Valid,0.48,0.216,21.41752442017824,0.27759869114482183,0.003725465620155585,0.22244029767446433,0.0,0.0,-0.0222489941162358,-0.0135808778677231
TRN-0930,1.5018528464516956,0.0,0.0,0.0,0.0320484244006724,0.0,0.0,0.15999999999999992,1.3098044220510232,0.04,Valid,0.46,0.19599999999999998,35.14084890589532,0.34509778897448834,0.00644084898507617,0.34191354983002914,0.0,0.0,0.0541175063318153,0.0320484244006724
TRN-0949,1.538178831333728,0.0,0.0,0.0,0.1759855295296216,0.0,0.0,0.040000000000000036,1.3221933018041063,0.01,Valid,0.49,0.22599999999999998,15.729706885092536,0.33890334909794684,0.0028711913816709114,0.14037861083496217,0.0,0.0,-0.2940540467324837,-0.1759855295296216
TRN-0446,1.8964999191613492,0.0,0.0,0.0,0.4147129846161226,0.0,0.0,0.1200000000000001,1.3617869345452265,0.03,Valid,0.47,0.206,35.45924254304956,0.31910653272738676,0.007262039546400694,0.5295023201594209,0.0,0.0,0.6945558180389639,0.4147129846161226
TRN-0333,1.4544325570151035,0.0,0.0,0.0,0.0454760686497466,0.0,0.0,0.1200000000000001,1.2889564883653568,0.03,Valid,0.47,0.206,30.098143102164304,0.3555217558173216,0.002643847973110914,0.18056820274500404,0.0,0.0,0.0765903943573995,0.0454760686497466
TRN-0056,1.6301064984138258,0.0,0.0,0.0,0.2328430234671236,0.0,0.0,0.0,1.3972634749467023,0.0,Valid,0.5,0.236,49.95826420508958,0.30136826252664883,0.0020968337459703642,0.6097529156905525,0.0,0.0,0.3901730688161713,0.2328430234671236
TRN-0221,1.687574205747752,0.0,0.0,0.0,0.0590098206711576,0.0,0.0,0.19999999999999996,1.4285643850765946,0.05,Valid,0.45,0.186,13.132614781359877,0.2857178074617027,0.004794089910311399,0.09210914449466893,0.0,0.0,0.0992408673742257,0.0590098206711576
TRN-0627,1.3938452759150433,0.0,0.0,0.0,0.0659319006784072,0.0,0.0,0.0,1.327913375236636,0.0,Valid,0.5,0.236,24.09084223824751,0.3360433123816819,0.0038002282899220136,0.24275215613141488,0.0,0.0,0.1108258577136727,0.0659319006784072
TRN-0649,1.6204472362095068,0.0,0.0,0.0,0.1423161253422245,0.0,0.0,0.1200000000000001,1.3581311108672822,0.97,Invalid,0.47,0.734,19.517686429540458,0.32093444456635895,0.025529751551947262,0.2184284825728339,0.0,0.0,0.2386646726204198,0.1423161253422245
TRN-0758,1.5359120342961352,0.0,0.0,0.0,0.1256745984225394,0.0,0.0,0.0,1.4102374358735958,0.0,Valid,0.5,0.236,18.119573821049585,0.294881282063202,0.002512076332351003,0.13531260341958437,0.0,0.0,0.2108129389802009,0.1256745984225394
TRN-0823,1.4584845659011765,0.0,0.0,0.0,0.0347713940569076,0.0,0.0,0.24,1.1837131718442688,0.06,Valid,0.44,0.176,32.79452788928689,0.4081434140778656,0.006064849604553753,0.10672511772319761,0.0,0.0,0.0586747459374041,0.0347713940569076
TRN-0265,1.901527172385986,0.0,0.0,0.0,0.3160029519035841,0.0,0.0,0.15999999999999992,1.425524220482402,0.04,Valid,0.46,0.19599999999999998,20.26071690216934,0.28723788975879905,0.0036197530831236406,0.1363366884759991,0.0,0.0,0.5293518946252505,0.3160029519035841
TRN-0508,11.16559280442357,0.0,0.0,2.0,7.851752948912779,0.0,0.0,0.0,1.313839855510791,1.0,Invalid,0.5,0.764,17.19518066135085,0.34308007224460446,0.00489897948556636,0.2061437073789572,0.0,0.0,-13.140437114865918,-7.851752948912779
TRN-0618,2.5371180279208376,0.0,0.0,0.0,0.0564046427240864,0.0,0.0,1.2000000000000002,1.2807133851967512,0.7,Invalid,0.19999999999999996,0.46399999999999997,18.44599228165944,0.3596433074016244,0.05306694196312284,0.5384717272538135,0.0,0.0,-0.0939200672098916,-0.0564046427240864
TRN-0588,1.5578007092888093,0.0,0.0,0.0,0.0981726072068773,0.0,0.0,0.1200000000000001,1.3396281020819318,0.03,Valid,0.47,0.206,15.076274024153886,0.3301859489590341,0.0022575568381980418,0.10403301149434863,0.0,0.0,0.1647848228337078,0.0981726072068773
TRN-0136,1.6488788832405543,0.0,0.0,0.0,0.176896858015582,0.0,0.0,0.1200000000000001,1.3519820252249724,0.03,Valid,0.47,0.206,39.15049960273559,0.3240089873875138,0.0069674845627292585,0.15194232806163618,0.0,0.0,-0.2955792720541872,-0.176896858015582
TRN-0166,1.5030923783280046,0.0,0.0,0.0,0.0045741042337708,0.0,0.0,0.1200000000000001,1.3785182740942337,0.03,Valid,0.47,0.206,28.08557454920396,0.3107408629528831,0.0032097915522149557,0.48455694932946586,0.0,0.0,-0.0071750011214071,-0.0045741042337708
TRN-0410,3.921728083651064,0.0,0.0,0.0,0.0995272080666639,1.0,1.0,0.7999999999999998,1.0222008755844008,0.8,Invalid,0.30000000000000004,0.5640000000000001,19.5633617841424,0.4888995622077997,0.035802585688806184,0.22762584944492115,1.0,1.0,0.16705192143095,0.0995272080666639
TRN-0503,1.6696844314121564,0.0,0.0,0.0,0.287010296052156,0.0,0.0,0.040000000000000036,1.3426741353600005,0.01,Valid,0.49,0.22599999999999998,18.511686966216228,0.32866293231999977,0.0018934376673202188,0.07966692709779702,0.0,0.0,-0.4798682595494181,-0.287010296052156
TRN-0587,1.4893087614477296,0.0,0.0,0.0,0.2293616156157237,0.0,0.0,0.0,1.259947145832006,0.0,Valid,0.5,0.236,23.561955065253144,0.3700264270839971,0.002141848781275609,0.09036934347297408,0.0,0.0,-0.3833857853164595,-0.2293616156157237
TRN-0975,1.4061483276312083,0.0,0.0,0.0,0.2076829684466076,0.0,0.0,0.0,1.1984653591846008,0.0,Valid,0.5,0.236,45.78316057873918,0.40076732040769963,0.0031129753114504167,0.4273813580079073,0.0,0.0,0.3480644838175344,0.2076829684466076
TRN-0143,1.7488346334671059,0.0,0.0,0.0,0.1528425923169747,0.0,0.0,0.08000000000000007,1.515992041150131,0.98,Invalid,0.48,0.744,25.472682216194038,0.24200397942493443,0.0174194744557125,0.19795718678412172,0.0,0.0,0.2562820676928936,0.1528425923169747
TRN-0226,1.796068131118294,0.0,0.0,0.0,0.0180545023412363,0.0,0.0,0.3599999999999999,1.4180136287770577,0.09,Valid,0.41000000000000003,0.146,25.483787586543045,0.2909931856114712,0.004020578063827574,0.48478700276145903,0.0,0.0,0.0306968796271611,0.0180545023412363
TRN-0322,1.3791076224146124,0.0,0.0,0.0,0.0826891638416873,0.0,0.0,0.0,1.296418458572925,0.0,Valid,0.5,0.236,20.085986250743133,0.3517907707135374,0.0035517758416512705,0.3029325667362142,0.0,0.0,-0.1379105907094011,-0.0826891638416873
TRN-0717,1.4153958091342274,0.0,0.0,0.0,0.0372369536975983,0.0,0.0,0.0,1.378158855436629,0.0,Valid,0.5,0.236,19.64923421729592,0.31092057228168546,0.002997620115389522,0.16739405380897915,0.0,0.0,0.0628011768062783,0.0372369536975983
TRN-0921,1.7794853231565966,0.0,0.0,0.0,0.1586017002172653,0.0,0.0,0.24,1.3808836229393313,0.06,Valid,0.44,0.176,29.62971747281393,0.30955818853033434,0.004623994699388668,0.390876559964363,0.0,0.0,0.2659206747761438,0.1586017002172653
TRN-0659,1.6795195791696744,0.0,0.0,0.0,0.4208143408411244,0.0,0.0,0.040000000000000036,1.21870523832855,0.01,Valid,0.49,0.22599999999999998,27.789075665057805,0.39064738083572503,0.004170669553941811,0.23780952174406475,0.0,0.0,-0.7038065215509661,-0.4208143408411244
TRN-0276,1.5130601124301624,0.0,0.0,0.0,0.0368614861388879,0.0,0.0,0.15999999999999992,1.3161986262912746,0.04,Valid,0.46,0.19599999999999998,20.648136622342,0.3419006868543627,0.0046695823062082075,0.06121658544297559,0.0,0.0,-0.0612120834817773,-0.0368614861388879
TRN-0573,1.786755773575562,0.0,0.0,0.0,0.1160040388241667,0.0,0.0,0.28,1.3907517347513951,0.07,Valid,0.43,0.16599999999999998,35.78258117588519,0.3046241326243024,0.012947362633538092,0.3509957890162575,0.0,0.0,-0.1936673147616652,-0.1160040388241667
TRN-0877,1.6508979919823548,0.0,0.0,0.0,0.1918135095530465,0.0,0.0,0.040000000000000036,1.4190844824293083,0.01,Valid,0.49,0.22599999999999998,36.38717151330131,0.2904577587853458,0.006820966059272396,0.3450537457741545,0.0,0.0,0.3215049052253178,0.1918135095530465
TRN-0468,5.437979706699047,0.0,0.0,0.0,3.893236075170755,0.0,0.0,0.2400000000000002,1.3047436315282919,0.94,Invalid,0.43999999999999995,0.704,32.01323025129217,0.34762818423585407,0.028271064848030054,0.4405353140873081,0.0,0.0,-6.515350480095701,-3.893236075170755
TRN-0181,10.613624152762418,0.0,0.0,2.0,6.96696436928995,0.0,0.0,0.2400000000000002,1.4066597834724663,0.94,Invalid,0.43999999999999995,0.704,47.53073151788879,0.2966701082637669,0.007953100906469564,0.21698647060950838,0.0,0.0,-11.659629736643147,-6.96696436928995
TRN-0353,1.4890717361968888,0.0,0.0,0.0,0.0600444850064129,0.0,0.0,0.08000000000000007,1.349027251190476,0.02,Valid,0.48,0.216,50.88110354123268,0.32548637440476197,0.003167434813842053,0.343385733293485,0.0,0.0,0.1009725110876686,0.0600444850064129
TRN-0147,1.5920478455337714,0.0,0.0,0.0,0.1395233720221571,0.0,0.0,0.1200000000000001,1.3325244735116142,0.03,Valid,0.47,0.206,24.249478756457552,0.33373776324419296,0.004342882405648013,0.3526831082385528,0.0,0.0,0.2339906410866099,0.1395233720221571
TRN-0144,2.412019964722881,0.0,0.0,0.0,0.2101461845041143,0.0,0.0,0.8399999999999999,1.3618737802187666,0.21,Valid,0.29000000000000004,0.025999999999999995,39.93539727273127,0.31906310989061676,0.011590579370905633,0.08673121371748366,0.0,0.0,0.3521869923988134,0.2101461845041143
TRN-0019,3.41679071066048,0.0,0.0,0.0,0.7421103581411853,0.0,0.0,1.2000000000000002,1.4746803525192944,0.7,Invalid,0.19999999999999996,0.46399999999999997,17.030654382304004,0.26265982374035285,0.14795938112528811,0.15235212427353267,0.0,0.0,1.2424973913053563,0.7421103581411853
TRN-0626,3.1947687513602956,0.0,0.0,0.0,0.0872935471681082,0.0,0.0,1.6400000000000001,1.467475204192187,0.59,Invalid,0.08999999999999997,0.354,16.328769195429782,0.2662623979039065,0.04896194716798164,0.45862431955793914,0.0,0.0,-0.1456166178428395,-0.0872935471681082
TRN-0476,1.4983011872719227,0.0,0.0,0.0,0.050321185408961,0.0,0.0,0.15999999999999992,1.287980001862962,0.04,Valid,0.46,0.19599999999999998,27.293856989736632,0.3560099990685191,0.003685351959549987,0.32413941235145677,0.0,0.0,-0.0837386197038885,-0.050321185408961
TRN-0796,1.590235364897421,0.0,0.0,0.0,0.2512535946862185,0.0,0.0,0.040000000000000036,1.2989817702112025,0.01,Valid,0.49,0.22599999999999998,28.695253374456325,0.35050911489439873,0.002393815788489246,0.40963880611013853,0.0,0.0,0.4209855254034309,0.2512535946862185
TRN-0870,1.7040644387361639,0.0,0.0,0.0,0.0938441173529259,0.0,0.0,0.15999999999999992,1.450220321383238,0.04,Valid,0.46,0.19599999999999998,43.48714266194362,0.27488983930838096,0.006414303718418549,0.21716359236936628,0.0,0.0,-0.1565798387575796,-0.0938441173529259
TRN-0854,1.800593520449567,0.0,0.0,0.0,0.1056740997919919,0.0,0.0,0.19999999999999996,1.4949194206575753,0.05,Valid,0.45,0.186,13.891891772335322,0.2525402896712123,0.0021069196030072046,0.12261248238205903,0.0,0.0,0.1773395345733828,0.1056740997919919
TRN-0134,1.4415413492528204,0.0,0.0,0.0,0.090144155426807,0.0,0.0,0.0,1.3513971938260134,0.0,Valid,0.5,0.236,18.929443357748717,0.32430140308699335,0.0024697345667735846,0.09462751513791978,0.0,0.0,0.1513481771700604,0.090144155426807
TRN-0527,1.3659881357035246,0.0,0.0,0.0,0.2757493779872679,0.0,0.0,0.0,1.0902387577162567,0.0,Valid,0.5,0.236,19.07105553369644,0.4548806211418717,0.0018424145000894823,0.15619548948850426,0.0,0.0,0.4619823663244595,0.2757493779872679
TRN-0770,1.7049488749781623,0.0,0.0,0.0,0.3823634787333591,0.0,0.0,0.1200000000000001,1.2025853962448032,0.03,Valid,0.47,0.206,40.686032247435385,0.39870730187759834,0.004870670411638654,0.11862516598556001,0.0,0.0,-0.6394540630998442,-0.3823634787333591
TRN-0251,1.8805788750195875,0.0,0.0,0.0,0.19185440099833,0.0,0.0,0.24,1.4487244740212575,0.06,Valid,0.44,0.176,53.03387878609456,0.27563776298937126,0.005951851945166035,0.3646732824923521,0.0,0.0,0.3215733423133144,0.19185440099833
TRN-0132,1.2946818715943904,0.0,0.0,0.0,0.068152656419571,0.0,0.0,0.0,1.2265292151748195,0.0,Valid,0.5,0.236,23.67120509138001,0.38673539241259025,0.0030379323219465355,0.30305858406055514,0.0,0.0,0.1145425778008011,0.068152656419571
TRN-0215,3.27052893764456,0.0,0.0,0.0,0.1341850207567237,0.0,0.0,1.8,1.3363439168878362,0.45,Invalid,0.04999999999999999,0.21400000000000002,25.26226354923684,0.33182804155608187,0.028718016919055647,0.5899704224162646,0.0,0.0,-0.2240955241770059,-0.1341850207567237
TRN-0780,1.2749222717837692,0.0,0.0,0.0,0.0296429047391856,0.0,0.0,0.08000000000000007,1.1652793670445836,0.02,Valid,0.48,0.216,22.627375280925897,0.41736031647770827,0.0024954137259078735,0.19992477470122183,0.0,0.0,0.0500915600829294,0.0296429047391856
TRN-0425,1.5877660875564579,0.0,0.0,0.0,0.1461904009739702,0.0,0.0,0.1200000000000001,1.3215756865824875,0.03,Valid,0.47,0.206,49.06202493377622,0.3392121567087563,0.0020828128583845196,0.47782654429932714,0.0,0.0,-0.2441880705926102,-0.1461904009739702
TRN-0273,1.492959725862701,0.0,0.0,0.0,0.1644662756007724,0.0,0.0,0.08000000000000007,1.2484934502619285,0.02,Valid,0.48,0.216,20.15529616673489,0.37575327486903576,0.002798723902606054,0.46601171614566106,0.0,0.0,-0.2747750951249337,-0.1644662756007724
TRN-0970,1.5640723626960578,0.0,0.0,0.0,0.0954138473012887,0.0,0.0,0.24,1.2286585153947691,0.06,Valid,0.44,0.176,20.39878214808543,0.38567074230261544,0.003475165400560884,0.12329020671945128,0.0,0.0,0.1601676836469856,0.0954138473012887
TRN-0318,1.3699795252115734,0.0,0.0,0.0,0.2525034122071628,0.0,0.0,0.15999999999999992,0.9574761130044107,0.04,Valid,0.46,0.19599999999999998,28.499140248309764,0.5212619434977946,0.002526592908224478,0.2902594891955303,0.0,0.0,0.4230772556190665,0.2525034122071628
TRN-0767,1.4108851868580015,0.0,0.0,0.0,0.2144346257389883,0.0,0.0,0.0,1.196450561119013,0.0,Valid,0.5,0.236,34.87296774281589,0.4017747194404935,0.003257513493489684,0.30757456221750473,0.0,0.0,0.3593642498453135,0.2144346257389883
TRN-0437,1.549388832379146,0.0,0.0,0.0,0.1274695707647985,0.0,0.0,0.040000000000000036,1.3819192616143474,0.01,Valid,0.49,0.22599999999999998,18.972588519526035,0.3090403691928263,0.003598007690162649,0.07150883510819006,0.0,0.0,0.2138170558385539,0.1274695707647985
TRN-0502,3.5162531500526155,0.0,0.0,0.0,0.1166259939974726,0.0,0.0,1.88,1.5196271560551429,0.47,Invalid,0.030000000000000027,0.23399999999999999,19.610285128157987,0.2401864219724285,0.14052251160556659,0.4467651792199526,0.0,0.0,0.195668936781427,0.1166259939974726
TRN-0413,1.6134199514730136,0.0,0.0,0.0,0.212612455544943,0.0,0.0,0.040000000000000036,1.3608074959280705,0.01,Valid,0.49,0.22599999999999998,40.95029570402233,0.3195962520359647,0.0033470825140559618,0.3058614048254017,0.0,0.0,-0.3553539137676438,-0.212612455544943
TRN-0735,1.175991665104732,0.0,0.0,0.0,0.0342767647728505,0.0,0.0,0.1200000000000001,1.0217149003318813,0.03,Valid,0.47,0.206,29.84814543068329,0.48914254983405936,0.006073139293060505,0.47816357366876244,0.0,0.0,-0.0568862201539417,-0.0342767647728505
TRN-0249,1.4804950978736378,0.0,0.0,0.0,0.1625087386872322,0.0,0.0,0.1200000000000001,1.1979863591864055,0.03,Valid,0.47,0.206,40.26207368231422,0.40100682040679725,0.00464471819377074,0.45989831750340726,0.0,0.0,-0.2714989055679329,-0.1625087386872322
TRN-0941,1.5738741308439228,0.0,0.0,0.0,0.0668239026311758,0.0,0.0,0.24,1.2670502282127472,0.06,Valid,0.44,0.176,29.908357444752188,0.36647488589362637,0.0022530966166052747,0.12893961207821011,0.0,0.0,-0.111358037479146,-0.0668239026311758
TRN-0644,1.6392392073081348,0.0,0.0,0.0,0.1272823385317786,0.0,0.0,0.040000000000000036,1.4719568687763562,0.01,Valid,0.49,0.22599999999999998,15.181497407783755,0.26402156561182194,0.003730157417567998,0.20019674529213385,0.0,0.0,0.213503698638334,0.1272823385317786
TRN-0004,1.3919772575280414,0.0,0.0,0.0,0.1010533036551127,0.0,0.0,0.08000000000000007,1.2109239538729286,0.02,Valid,0.48,0.216,15.573812075827838,0.3945380230635357,0.0027125020174034497,0.20107386864688004,0.0,0.0,-0.1686453383731052,-0.1010533036551127
TRN-0102,1.460542582621457,0.0,0.0,0.0,0.0613493256893248,0.0,0.0,0.24,1.1591932569321324,0.06,Valid,0.44,0.176,28.719552404461748,0.4204033715339338,0.004664022854821218,0.28158544432873955,0.0,0.0,-0.10219562951543,-0.0613493256893248
TRN-0310,1.4109296862768665,0.0,0.0,0.0,0.0217383793451522,0.0,0.0,0.08000000000000007,1.3091913069317143,0.02,Valid,0.48,0.216,35.06269733852015,0.34540434653414287,0.004370528334941462,0.5427670503941685,0.0,0.0,-0.035901621030554,-0.0217383793451522
TRN-0653,3.0170937830231237,0.0,0.0,0.0,0.5350544967738304,0.0,0.0,1.12,1.362039286249293,0.28,Invalid,0.21999999999999997,0.04400000000000004,22.92100515134191,0.3189803568753536,0.03799485976570211,0.35921160313166917,0.0,0.0,-0.8950021017047973,-0.5350544967738304
TRN-0115,1.6219420174246693,0.0,0.0,0.0,0.0389746710464447,0.0,0.0,0.24,1.3429673463782246,0.06,Valid,0.44,0.176,23.48784052247846,0.32851632681088777,0.006906653595070195,0.12656839333158162,0.0,0.0,-0.0647487699566333,-0.0389746710464447
TRN-0772,1.636424274175888,0.0,0.0,0.0,0.1827212667756228,0.0,0.0,0.1200000000000001,1.3337030074002652,0.03,Valid,0.47,0.206,23.67893536862477,0.33314849629986737,0.003246754419297264,0.09015018747654478,0.0,0.0,0.3062878686365984,0.1827212667756228
TRN-0831,2.857720846750841,0.0,0.0,0.0,0.5689051150422855,0.0,0.0,1.08,1.2088157317085555,0.27,Invalid,0.22999999999999998,0.03400000000000003,44.21833203402105,0.3955921341457222,0.03779566463572351,0.7551605060904181,0.0,0.0,-0.9516554609860606,-0.5689051150422855
TRN-0705,2.6071866055364437,0.0,0.0,0.0,0.2115462214158314,0.0,0.0,0.96,1.435640384120612,0.24,Invalid,0.26,0.0040000000000000036,13.068064713934888,0.28217980793969405,0.04564358087813569,0.07939697995995294,0.0,0.0,-0.353569433947646,-0.2115462214158314
TRN-0991,1.5413052364797002,0.0,0.0,0.0,0.203174349600416,0.0,0.0,0.040000000000000036,1.2981308868792842,0.01,Valid,0.49,0.22599999999999998,24.437283588485563,0.3509345565603579,0.003420209531029988,0.05185308810505358,0.0,0.0,-0.3395580307273569,-0.203174349600416
TRN-0862,1.2800242074473078,0.0,0.0,0.0,0.0739068823010818,0.0,0.0,0.040000000000000036,1.166117325146226,0.01,Valid,0.49,0.22599999999999998,17.207981494181006,0.416941337426887,0.0043095625849244165,0.1874477749297848,0.0,0.0,-0.1232123140787262,-0.0739068823010818
TRN-0229,1.4709148293713388,0.0,0.0,0.0,0.0916746299906939,0.0,0.0,0.0,1.379240199380645,0.0,Valid,0.5,0.236,21.104752792068627,0.31037990030967755,0.003876155619659564,0.3342924079535303,0.0,0.0,0.15390962300987,0.0916746299906939
TRN-0696,1.5892578701127498,0.0,0.0,0.0,0.2905522953140946,0.0,0.0,0.040000000000000036,1.258705574798655,0.01,Valid,0.49,0.22599999999999998,27.99201940065985,0.37064721260067246,0.00230977468757035,0.2844141031504084,0.0,0.0,0.4867569505603129,0.2905522953140946
TRN-0371,2.3437316025259927,0.0,0.0,0.0,0.1767887698639893,0.0,0.0,0.76,1.4069428326620033,0.19,Valid,0.31,0.045999999999999985,13.62447901155448,0.29652858366899837,0.020169410222518225,0.1017875091087412,0.0,0.0,0.2963590727633791,0.1767887698639893
TRN-0819,1.6087714854641701,0.0,0.0,0.0,0.2603950081521538,0.0,0.0,0.08000000000000007,1.2683764773120163,0.02,Valid,0.48,0.216,16.3187970465045,0.36581176134399185,0.0035547612467202415,0.18405042226082807,0.0,0.0,0.436284855457524,0.2603950081521538
TRN-0107,1.2609205505302101,0.0,0.0,0.0,0.0327922934089392,0.0,0.0,0.040000000000000036,1.1881282571212708,0.01,Valid,0.49,0.22599999999999998,18.057432741834447,0.40593587143936466,0.0025430816216938366,0.30527258426406045,0.0,0.0,-0.0544017665804368,-0.0327922934089392
TRN-0017,1.6467923248748395,0.0,0.0,0.0,0.0600186853650067,0.0,0.0,0.28,1.3067736395098328,0.07,Valid,0.43,0.16599999999999998,14.735903975524716,0.3466131802450836,0.003249908307805664,0.0980369633247669,0.0,0.0,0.1009293320726705,0.0600186853650067
TRN-0196,1.4652359087881364,0.0,0.0,0.0,0.0193690120558057,0.0,0.0,0.08000000000000007,1.3658668967323306,0.02,Valid,0.48,0.216,19.379440709484943,0.3170665516338347,0.002829035505247296,0.15323134163056987,0.0,0.0,-0.0319361804218161,-0.0193690120558057
TRN-0548,1.4993010710201324,0.0,0.0,0.0,0.0412507301737457,0.0,0.0,0.08000000000000007,1.3780503408463867,0.02,Valid,0.48,0.216,21.130292796793853,0.3109748295768066,0.013558736732347369,0.1985534979427659,0.0,0.0,0.0695187474862137,0.0412507301737457
TRN-0525,1.377164513119812,0.0,0.0,0.0,0.0509805328801787,0.0,0.0,0.0,1.3261839802396334,0.0,Valid,0.5,0.236,15.376946107949657,0.3369080098801833,0.0021236156604551083,0.15786804024397708,0.0,0.0,0.0858028225389002,0.0509805328801787
TRN-0687,1.725646666703006,0.0,0.0,0.0,0.1086589148227577,0.0,0.0,0.1200000000000001,1.4969877518802481,0.03,Valid,0.47,0.206,55.96844919266635,0.251506124059876,0.006394788380002645,0.5097683436270173,0.0,0.0,0.1823350060588673,0.1086589148227577
TRN-0637,2.0878635040430575,0.0,0.0,0.0,0.1104644629982268,0.0,0.0,0.48,1.4973990410448306,0.12,Valid,0.38,0.11599999999999999,51.83901279149929,0.2513004794775847,0.007439160442320529,0.32529673807741494,0.0,0.0,0.1853568229330306,0.1104644629982268
TRN-0790,1.6993426690129532,0.0,0.0,0.0,0.2013548929582875,0.0,0.0,0.040000000000000036,1.4579877760546656,0.01,Valid,0.49,0.22599999999999998,20.56342030563953,0.27100611197266716,0.0021095789977396404,0.3828460281069949,0.0,0.0,0.337473636366667,0.2013548929582875
TRN-0337,1.5423232146172787,0.0,0.0,0.0,0.1113646090044021,0.0,0.0,0.08000000000000007,1.3509586056128766,0.02,Valid,0.48,0.216,38.108992226505045,0.3245206971935617,0.003064810225500279,0.35000896842536006,0.0,0.0,-0.1859026328183439,-0.1113646090044021
TRN-0776,1.574454701675222,0.0,0.0,0.0,0.4372487388418385,0.0,0.0,0.0,1.1372059628333835,0.0,Valid,0.5,0.236,19.87867153202417,0.43139701858330826,0.016874138661208977,0.10378747623324251,0.0,0.0,0.7322722984500025,0.4372487388418385
TRN-0882,1.9432599566851698,0.0,0.0,0.0,0.4063670993444117,0.0,0.0,0.1200000000000001,1.416892857340758,0.03,Valid,0.47,0.206,20.46471636189628,0.291553571329621,0.0019877239207641835,0.3473755238665345,0.0,0.0,0.6805879066386851,0.4063670993444117
TRN-0235,1.7777762476957142,0.0,0.0,0.0,0.3062782208787025,0.0,0.0,0.040000000000000036,1.4314980268170117,0.01,Valid,0.49,0.22599999999999998,47.87286556216986,0.2842509865914942,0.004786833089577382,0.435775688381829,0.0,0.0,0.5130763076833222,0.3062782208787025
TRN-0112,1.484640572436503,0.0,0.0,0.0,0.1026480258636144,0.0,0.0,0.08000000000000007,1.3019925465728885,0.02,Valid,0.48,0.216,14.96845843187696,0.3490037267135558,0.005715070705061453,0.3254351375420803,0.0,0.0,0.172275011021215,0.1026480258636144
TRN-0296,1.443496568410347,0.0,0.0,0.0,0.0140741821673526,0.0,0.0,0.19999999999999996,1.2294223862429943,0.05,Valid,0.45,0.186,16.247176157913035,0.38528880687850287,0.003100083095177075,0.12182772087582705,0.0,0.0,0.0240353023680057,0.0140741821673526
TRN-0809,1.5761858281897643,0.0,0.0,0.0,0.1957540088170169,0.0,0.0,0.040000000000000036,1.3404318193727474,0.01,Valid,0.49,0.22599999999999998,18.777381238240714,0.3297840903136263,0.002353274543720244,0.16072694455532643,0.0,0.0,0.3280998370749763,0.1957540088170169
TRN-0853,1.4088575755285109,0.0,0.0,0.0,0.0462212906131905,0.0,0.0,0.0,1.3626362849153204,0.0,Valid,0.5,0.236,37.07098352943834,0.31868185754233985,0.004492597835103757,0.28906436142662334,0.0,0.0,0.0778376190699425,0.0462212906131905
TRN-0529,2.2163573188793992,0.0,0.0,0.0,0.1512648142614658,0.0,0.0,0.7999999999999998,1.2650925046179338,0.8,Invalid,0.30000000000000004,0.5640000000000001,30.67446285347904,0.3674537476910331,0.05401736732140381,0.2990200592370813,0.0,0.0,0.2536414533816291,0.1512648142614658
TRN-0874,13.294160818458257,0.0,0.0,2.0,10.0,0.0,0.0,0.08000000000000007,1.2141608184582566,0.98,Invalid,0.48,0.744,19.44090891900686,0.3929195907708717,0.0,0.357593940956751,0.0,0.0,-16.87624992142744,-10.083916669505127
TRN-0293,1.1802421683134752,0.0,0.0,0.0,0.0739841978634468,0.0,0.0,0.08000000000000007,1.0262579704500283,0.02,Valid,0.48,0.216,32.90645761030052,0.48687101477498584,0.002038665252201624,0.30933820680749563,0.0,0.0,-0.1233417116069475,-0.0739841978634468
TRN-0386,1.5000651835974321,0.0,0.0,0.0,0.2162834830205021,0.0,0.0,0.0,1.28378170057693,0.0,Valid,0.5,0.236,32.49823419393481,0.3581091497115349,0.0018201656737191635,0.36057824770629276,0.0,0.0,0.3624585500734127,0.2162834830205021
TRN-0001,1.7074848116788401,0.0,0.0,0.0,0.0941085682918323,0.0,0.0,0.15999999999999992,1.4533762433870079,0.04,Valid,0.46,0.19599999999999998,19.725621367050252,0.2733118783064961,0.0024590197505356525,0.13292130623713233,0.0,0.0,0.157983131503844,0.0941085682918323
TRN-0483,1.6237622105102443,0.0,0.0,0.0,0.2183305522985497,0.0,0.0,0.0,1.4054316582116946,0.0,Valid,0.5,0.236,23.73495172249644,0.29728417089415266,0.0024397963365623086,0.07641679135670279,0.0,0.0,0.3658845835468085,0.2183305522985497
TRN-0127,1.5303779422607717,0.0,0.0,0.0,0.0172953076535937,0.0,0.0,0.040000000000000036,1.473082634607178,0.01,Valid,0.49,0.22599999999999998,20.882722837599434,0.26345868269641104,0.020173636247554545,0.17524264696755787,0.0,0.0,-0.0284655696456717,-0.0172953076535937
TRN-0207,1.707414247867421,0.0,0.0,0.0,0.1942050374878786,0.0,0.0,0.08000000000000007,1.4332092103795424,0.02,Valid,0.48,0.216,26.98040990480195,0.2833953948102288,0.005922535301839841,0.16110771400460625,0.0,0.0,0.325507434521791,0.1942050374878786
TRN-0471,1.8200059503388573,0.0,0.0,0.0,0.2383660871738618,0.0,0.0,0.08000000000000007,1.5016398631649954,0.02,Valid,0.48,0.216,25.861536424879592,0.24918006841750223,0.0060210349199257916,0.5838084994764613,0.0,0.0,0.3994166256111953,0.2383660871738618
TRN-0059,7.297368238738111,0.0,0.0,0.0,5.603201028475676,0.0,0.0,0.20000000000000018,1.4941672102624337,0.95,Invalid,0.44999999999999996,0.714,54.39984393677933,0.2529163948687831,0.023634548704377003,0.86116685248998,0.0,0.0,9.378157250194723,5.603201028475676
TRN-0063,1.4581757338913461,0.0,0.0,0.0,0.0793887678948947,0.0,0.0,0.08000000000000007,1.2987869659964515,0.02,Valid,0.48,0.216,20.12914528516247,0.3506065170017742,0.0028052269465508746,0.08651585814685768,0.0,0.0,-0.1323869540106201,-0.0793887678948947
TRN-0698,1.4627148951764635,0.0,0.0,0.0,0.0911681238255923,0.0,0.0,0.1200000000000001,1.251546771350871,0.03,Valid,0.47,0.206,16.01824663607499,0.37422661432456455,0.0032737282815083184,0.30786504993428676,0.0,0.0,-0.152101219739869,-0.0911681238255923
TRN-0960,3.9816323215490006,0.0,0.0,0.0,0.6711471018315224,0.0,0.0,1.8399999999999999,1.4704852197174785,0.54,Invalid,0.040000000000000036,0.30400000000000005,20.57794975848666,0.2647573901412608,0.1417449481944568,0.278681131210672,0.0,0.0,1.123731263502421,0.6711471018315224
TRN-0899,1.7318568426177074,0.0,0.0,0.0,0.2005928972762949,0.0,0.0,0.19999999999999996,1.3312639453414126,0.05,Valid,0.45,0.186,15.177220095289664,0.33436802732929377,0.004707618361579409,0.12181477392085939,0.0,0.0,-0.335237638561221,-0.2005928972762949
TRN-0100,2.402621713484798,0.0,0.0,0.0,0.0177224179948613,0.0,1.0,0.040000000000000036,1.3448992954899364,0.01,Valid,0.49,0.22599999999999998,41.20484689772219,0.3275503522550318,0.00542890679003108,0.3897359462169455,0.0,1.0,-0.0291803936829957,-0.0177224179948613
TRN-0292,1.6570711244728558,0.0,0.0,0.0,0.1134261121574062,0.0,0.0,0.2400000000000002,1.3036450123154493,0.94,Invalid,0.43999999999999995,0.704,17.844270373162146,0.34817749384227537,0.021537080054444456,0.21769903400117152,0.0,0.0,-0.189352823236149,-0.1134261121574062
TRN-0789,1.4681158712109386,0.0,0.0,0.0,0.0261349821529634,0.0,0.0,0.15999999999999992,1.2819808890579754,0.04,Valid,0.46,0.19599999999999998,21.082664635850616,0.3590095554710123,0.004886359395697558,0.10066656497338074,0.0,0.0,-0.0432599007675023,-0.0261349821529634
TRN-0883,1.1770042842409545,0.0,0.0,0.0,0.002791261040073,0.0,0.0,0.16000000000000014,1.0142130232008815,0.96,Invalid,0.45999999999999996,0.724,20.41689429365393,0.4928934883995592,0.022296255451045355,0.24966806351799076,0.0,0.0,-0.004191183951697,-0.002791261040073
TRN-0987,1.6811281533978588,0.0,0.0,0.0,0.0719281735918504,0.0,0.0,0.19999999999999996,1.4091999798060084,0.05,Valid,0.45,0.186,20.909327425600324,0.2954000100969958,0.007616900988700245,0.25847170174556716,0.0,0.0,-0.1199006908011828,-0.0719281735918504
TRN-0845,1.635067984495241,0.0,0.0,0.0,0.153342632118684,0.0,0.0,0.08000000000000007,1.401725352376557,0.02,Valid,0.48,0.216,17.628317308208516,0.29913732381172153,0.009315823279403558,0.23009355628640535,0.0,0.0,-0.2561582484336959,-0.153342632118684
TRN-0519,1.7853102577135913,0.0,0.0,0.0,0.2505049530565665,0.0,0.0,0.15999999999999992,1.3748053046570248,0.04,Valid,0.46,0.19599999999999998,19.70459537367744,0.31259734767148756,0.003712463066977953,0.24036930777883542,0.0,0.0,0.4197325774400813,0.2505049530565665
TRN-0170,1.24276259214917,0.0,0.0,0.0,0.0461153709517901,0.0,0.0,0.0,1.19664722119738,0.0,Valid,0.5,0.236,22.177749150981736,0.40167638940131006,0.0027861979596355496,0.17172407512439894,0.0,0.0,-0.0766996487869384,-0.0461153709517901
TRN-0803,1.8099819736546625,0.0,0.0,0.0,0.3380408652984059,0.0,0.0,0.0,1.4719411083562566,0.0,Valid,0.5,0.236,20.51879690254885,0.2640294458218717,0.0038095473348661833,0.21775166690347364,0.0,0.0,-0.5652744743165297,-0.3380408652984059
TRN-0414,1.6060689143043119,0.0,0.0,0.0,0.1418682795862196,0.0,0.0,0.08000000000000007,1.3842006347180922,0.02,Valid,0.48,0.216,26.13765870033353,0.30789968264095385,0.005667436897447217,0.3843358174395796,0.0,0.0,0.2379151452021517,0.1418682795862196
TRN-0347,1.637871097084837,0.0,0.0,0.0,0.1870454031256831,0.0,0.0,0.040000000000000036,1.4108256939591537,0.01,Valid,0.49,0.22599999999999998,23.086963434321937,0.2945871530204231,0.005351461505542407,0.31343622125384546,0.0,0.0,0.313524866444979,0.1870454031256831
TRN-0022,1.5913563028869764,0.0,0.0,0.0,0.016826437256061,0.0,0.0,0.3599999999999999,1.2145298656309156,0.09,Valid,0.41000000000000003,0.146,22.036420208961506,0.39273506718454215,0.0040712982158542296,0.39302187258915056,0.0,0.0,-0.0276808547882616,-0.016826437256061
TRN-0534,1.6229843819782936,0.0,0.0,0.0,0.0256592577160835,0.0,0.0,0.15999999999999992,1.4373251242622103,0.04,Valid,0.46,0.19599999999999998,39.3787795202716,0.28133743786889487,0.0022046338603883783,0.3675830744599429,0.0,0.0,0.043424414914126,0.0256592577160835
TRN-0690,5.895376215467884,0.0,0.0,0.0,1.0211818502355974,1.0,1.0,1.52,1.3541943652322872,0.62,Invalid,0.12,0.384,45.97500227921495,0.32290281738385646,0.07349121130319484,0.36688655459861835,1.0,1.0,-1.7085986922812246,-1.0211818502355974
TRN-0021,1.8446256822068572,0.0,0.0,0.0,0.4011278241502773,0.0,0.0,0.040000000000000036,1.4034978580565798,0.01,Valid,0.49,0.22599999999999998,46.79037091642673,0.2982510709717101,0.001814548595867566,0.188712964332672,0.0,0.0,-0.670858606265103,-0.4011278241502773
TRN-0280,1.5171135594817,0.0,0.0,0.0,0.2254915675941523,0.0,0.0,0.0,1.2916219918875478,0.0,Valid,0.5,0.236,43.62205656347903,0.35418900405622616,0.006066711514447071,0.44608449292067115,0.0,0.0,-0.3769087626735334,-0.2254915675941523
TRN-0366,1.4950765267544803,0.0,0.0,0.0,0.1853642208358799,0.0,0.0,0.040000000000000036,1.2697123059186004,0.01,Valid,0.49,0.22599999999999998,30.00220317243173,0.36514384704069985,0.0013449978324530573,0.248493182408888,0.0,0.0,0.3107111918607756,0.1853642208358799
TRN-0775,1.7070260885080453,0.0,0.0,0.0,0.224697444851782,0.0,0.0,0.040000000000000036,1.4423286436562632,0.01,Valid,0.49,0.22599999999999998,22.18492138788863,0.27883567817186844,0.002555987426457844,0.1122864952597157,0.0,0.0,0.3765403963435751,0.224697444851782
TRN-0274,1.4625778114652013,0.0,0.0,0.0,0.0186715899233972,0.0,0.0,0.19999999999999996,1.2439062215418042,0.05,Valid,0.45,0.186,30.83324074065706,0.3780468892290979,0.002709733416754551,0.8723331281353933,0.0,0.0,-0.0307689548685132,-0.0186715899233972
TRN-0404,1.4491015684711324,0.0,0.0,0.0,0.1421202395678736,0.0,0.0,0.0,1.3069813289032588,0.0,Valid,0.5,0.236,19.167539374029,0.3465093355483706,0.001770239491522465,0.15524116989332404,0.0,0.0,-0.2373761324872667,-0.1421202395678736
TRN-0139,1.7618409311349958,0.0,0.0,0.0,0.3336065253328429,0.0,0.0,0.08000000000000007,1.348234405802153,0.02,Valid,0.48,0.216,16.50948181838185,0.32588279709892354,0.0026889271277523285,0.18007348911797447,0.0,0.0,-0.5578530365970771,-0.3336065253328429
TRN-0325,1.4139810698568402,0.0,0.0,0.0,0.0088694741117033,0.0,0.0,0.0,1.405111595745137,0.0,Valid,0.5,0.236,18.669524325504145,0.29744420212743156,0.003077955410331792,0.2438024180560918,0.0,0.0,-0.0143638545423563,-0.0088694741117033
TRN-0155,1.3785734488148789,0.0,0.0,0.0,0.2494652942246486,0.0,0.0,0.0,1.1291081545902302,0.0,Valid,0.5,0.236,20.36895536736884,0.4354459227048849,0.001221631853642505,0.30153000616013004,0.0,0.0,0.4179925747947095,0.2494652942246486
TRN-0756,1.3355315253770252,0.0,0.0,0.0,0.0094375191714246,0.0,0.0,0.1200000000000001,1.2060940062056005,0.03,Valid,0.47,0.206,17.9748706439479,0.39695299689719976,0.004025773649777667,0.38629258314664366,0.0,0.0,-0.0153145509403103,-0.0094375191714246
TRN-0679,1.6047969751807734,0.0,0.0,0.0,0.2776755880042871,0.0,0.0,0.0,1.3271213871764862,0.0,Valid,0.5,0.236,38.5296026837253,0.3364393064117569,0.003438765699409404,0.1324906859202211,0.0,0.0,-0.4642454261752213,-0.2776755880042871
TRN-0837,2.683637961786479,0.0,0.0,0.0,0.1268799558701072,0.0,0.0,1.4,1.1567580059163716,0.35,Invalid,0.15000000000000002,0.11399999999999999,19.32427502046957,0.4216209970418142,0.05138453405432167,0.34232089280970995,0.0,0.0,-0.2118695594305926,-0.1268799558701072
TRN-0160,1.522298004145519,0.0,0.0,0.0,0.081927747540061,0.0,0.0,0.040000000000000036,1.4003702566054579,0.01,Valid,0.49,0.22599999999999998,21.04167552527665,0.2998148716972711,0.0026770544211516577,0.22572536062113363,0.0,0.0,-0.1366362626910309,-0.081927747540061
TRN-0058,1.954965011675624,0.0,0.0,0.0,0.1930110949519494,0.0,0.0,0.32000000000000006,1.4419539167236746,0.08,Valid,0.42,0.15599999999999997,53.48121783682031,0.27902304163816277,0.10558497185301281,0.7402851108008787,0.0,0.0,0.3235092182731911,0.1930110949519494
TRN-0357,3.0572348542543035,0.0,0.0,0.0,0.5173907709044009,0.0,0.0,1.32,1.2198440833499027,0.33,Invalid,0.16999999999999998,0.09400000000000003,27.68552887948889,0.3900779583250487,0.12818779564225072,5.656225360907103,0.0,0.0,0.8664002868951037,0.5173907709044009
TRN-0964,2.5816992726681103,0.0,0.0,0.0,0.1954489279797561,0.0,1.0,0.0,1.3862503446883543,0.0,Valid,0.5,0.236,20.70352901687563,0.3068748276558229,0.0017463345439674423,0.15084762042505584,0.0,1.0,0.3275892450926942,0.1954489279797561
TRN-0594,1.6551466724934576,0.0,0.0,0.0,0.2659164534203752,0.0,0.0,0.08000000000000007,1.3092302190730825,0.02,Valid,0.48,0.216,24.203327233093123,0.34538489046345877,0.006387613432108214,0.12962869858547788,0.0,0.0,0.4455257035877302,0.2659164534203752
TRN-0520,1.9209348348020616,0.0,0.0,0.0,0.3491077035757428,0.0,0.0,0.28,1.2918271312263188,0.07,Valid,0.43,0.16599999999999998,18.423450245113944,0.3540864343868406,0.002645998796662762,0.12943382851086493,0.0,0.0,-0.5837962501984748,-0.3491077035757428
TRN-0495,1.323628482357167,0.0,0.0,0.0,0.3472343684280498,0.0,0.0,0.040000000000000036,0.9363941139291172,0.01,Valid,0.49,0.22599999999999998,28.926658174424343,0.5318029430354414,0.0019689670294666304,0.2142473661270582,0.0,0.0,0.581621683235646,0.3472343684280498
TRN-0328,1.395955853725188,0.0,0.0,0.0,0.0447691015735113,0.0,0.0,0.08000000000000007,1.2711867521516766,0.02,Valid,0.48,0.216,22.421803788430864,0.3644066239241616,0.003046075829782775,0.3982744094053283,0.0,0.0,-0.0744464939945466,-0.0447691015735113
TRN-0152,1.9764543312267016,0.0,0.0,0.0,0.0719891666515477,0.0,0.0,0.48,1.4244651645751538,0.12,Valid,0.38,0.11599999999999999,25.838539387036505,0.2877674177124231,0.002002771294902229,0.1590573395815087,0.0,0.0,0.1209634706434279,0.0719891666515477
TRN-0962,1.431888003475933,0.0,0.0,0.0,0.1206302663618922,0.0,0.0,0.0,1.3112577371140408,0.0,Valid,0.5,0.236,36.58414902607438,0.3443711314429796,0.002017525625664805,0.33983703462129855,0.0,0.0,0.2023706011091626,0.1206302663618922
TRN-0990,1.3833210034422634,0.0,0.0,0.0,0.0197047285382295,0.0,0.0,0.24,1.123616274904034,0.06,Valid,0.44,0.176,27.953583314431256,0.43819186254798304,0.0025584909434527964,0.3432042175554006,0.0,0.0,0.0334587452123678,0.0197047285382295
TRN-0740,1.527488554440849,0.0,0.0,0.0,0.0642696353975694,0.0,0.0,0.040000000000000036,1.4232189190432796,0.01,Valid,0.49,0.22599999999999998,47.98115140882142,0.28839054047836027,0.002091864216869509,0.2398886229770515,0.0,0.0,-0.1070831430551138,-0.0642696353975694
TRN-0812,1.6200860069467615,0.0,0.0,0.0,0.2137631416645983,0.0,0.0,0.0,1.406322865282163,0.0,Valid,0.5,0.236,26.503985316429965,0.29683856735891845,0.0024159182971356286,0.3184550986016544,0.0,0.0,-0.3572797348454095,-0.2137631416645983
TRN-0079,1.450609961861755,0.0,0.0,0.0,0.1968842919591123,0.0,0.0,0.040000000000000036,1.2137256699026426,0.01,Valid,0.49,0.22599999999999998,39.55257080162775,0.3931371650486787,0.0026941713344151123,0.41040873045801507,0.0,0.0,-0.3290308110285451,-0.1968842919591123
TRN-0008,2.133489278585124,0.0,0.0,0.0,0.1646570223149277,0.0,0.0,0.6800000000000002,1.2888322562701957,0.17,Valid,0.32999999999999996,0.06599999999999998,38.99418862477391,0.35558387186490215,0.011036472124830657,0.5370878325338563,0.0,0.0,-0.275094334260924,-0.1646570223149277
TRN-0865,1.650852555437594,0.0,0.0,0.0,0.1551134444631074,0.0,0.0,0.08000000000000007,1.4157391109744863,0.02,Valid,0.48,0.216,14.6420379409564,0.2921304445127569,0.0026873891306960144,0.182373430068056,0.0,0.0,-0.2591219304312506,-0.1551134444631074
TRN-0909,1.434548400610171,0.0,0.0,0.0,0.1276556346875933,0.0,0.0,0.1200000000000001,1.1868927659225776,0.03,Valid,0.47,0.206,15.747173873828444,0.4065536170387112,0.005343805601523816,0.11505855640936288,0.0,0.0,-0.2131677576019051,-0.1276556346875933
TRN-0693,1.2184250854567915,0.0,0.0,0.0,0.1945870425472984,0.0,0.0,0.15999999999999992,0.8638380429094932,0.04,Valid,0.46,0.19599999999999998,25.242439266827795,0.5680809785452534,0.002940302770369121,0.18586703768596763,0.0,0.0,0.3261467690741746,0.1945870425472984
TRN-0427,1.5788485733577078,0.0,0.0,0.0,0.0701361657635062,0.0,0.0,0.1200000000000001,1.3887124075942014,0.03,Valid,0.47,0.206,26.331065241084485,0.3056437962028992,0.0035338181773127194,0.3889025125882185,0.0,0.0,0.117862235557375,0.0701361657635062
TRN-0595,1.5105895187205616,0.0,0.0,0.0,0.0475996465401809,0.0,0.0,0.08000000000000007,1.3829898721803806,0.02,Valid,0.48,0.216,15.147252872829704,0.30850506390980964,0.002666729375184279,0.24493611108039703,0.0,0.0,0.0801444748245394,0.0475996465401809
TRN-0086,1.5072417859911686,0.0,0.0,0.0,0.1130404263944449,0.0,0.0,0.040000000000000036,1.3542013595967237,0.01,Valid,0.49,0.22599999999999998,14.767744036878293,0.32289932020163814,0.00469882124522118,0.21205960614623953,0.0,0.0,-0.1887073285534395,-0.1130404263944449
TRN-0338,1.4745921704528495,0.0,0.0,0.0,0.0103126005822253,0.0,0.0,0.08000000000000007,1.384279569870624,0.02,Valid,0.48,0.216,18.112116310891658,0.30786021506468797,0.0036932468350788224,0.11796839372443972,0.0,0.0,-0.016779112124194,-0.0103126005822253
TRN-0745,3.2137797620327024,0.0,0.0,0.0,0.0281529648852495,0.0,0.0,1.7200000000000002,1.465626797147453,0.57,Invalid,0.06999999999999995,0.33399999999999996,49.859025268078085,0.2671866014262735,0.06410645552600076,10.747864536042743,0.0,0.0,-0.0466372541691129,-0.0281529648852495
TRN-0256,1.5301367123976655,0.0,0.0,0.0,0.2426228733873322,0.0,0.0,0.040000000000000036,1.2475138390103333,0.01,Valid,0.49,0.22599999999999998,17.592007256637743,0.37624308049483335,0.0015438504095294909,0.33850380312057016,0.0,0.0,0.406540904311889,0.2426228733873322
TRN-0412,1.387008959418382,0.0,0.0,0.0,0.0035406510104583,0.0,0.0,0.040000000000000036,1.3434683084079238,0.01,Valid,0.49,0.22599999999999998,47.41013947942598,0.32826584579603807,0.004810658158329683,0.4744447916161874,0.0,0.0,0.006406084479007,0.0035406510104583
TRN-0073,1.3301844341667743,0.0,0.0,0.0,0.0329555892248574,0.0,0.0,0.040000000000000036,1.257228844941917,0.01,Valid,0.49,0.22599999999999998,42.74046877274997,0.3713855775290415,0.003106103689804424,0.5331825209363563,0.0,0.0,-0.0546750631109453,-0.0329555892248574
TRN-0836,1.6128996466783414,0.0,0.0,0.0,0.0344693690421636,0.0,0.0,0.15999999999999992,1.418430277636178,0.04,Valid,0.46,0.19599999999999998,26.196924580536177,0.290784861181911,0.005482830060765973,1.4218094723916312,0.0,0.0,0.0581692682667593,0.0344693690421636
TRN-0907,2.1257162007462718,0.0,0.0,0.0,0.1463165528650173,0.0,0.0,0.48,1.4993996478812543,0.88,Invalid,0.38,0.644,21.26744073992303,0.2503001760593729,0.023141149403386824,0.3862618501885571,0.0,0.0,-0.2443992019920671,-0.1463165528650173
TRN-0010,1.2624968827932486,0.0,0.0,0.0,0.0297189053534936,0.0,0.0,0.0,1.232777977439755,0.0,Valid,0.5,0.236,26.33145867118948,0.3836110112801225,0.002968079656101883,0.13882432685596505,0.0,0.0,0.0502187568766139,0.0297189053534936
TRN-0569,1.5830256519342267,0.0,0.0,0.0,0.339680606444509,0.0,0.0,0.0,1.2433450454897177,0.0,Valid,0.5,0.236,39.169628909883954,0.37832747725514115,0.0027186784617467758,0.2253131991018539,0.0,0.0,-0.5680187918218031,-0.339680606444509
TRN-0528,2.351136728328603,0.0,0.0,0.0,0.1659945398652863,0.0,0.0,0.6800000000000002,1.5051421884633167,0.17,Valid,0.32999999999999996,0.06599999999999998,15.370470176780543,0.2474289057683417,0.018271048287591206,0.30064656214450464,0.0,0.0,0.2782935418643175,0.1659945398652863
TRN-0983,1.6316532496750291,0.0,0.0,0.0,0.2523432863372967,0.0,0.0,0.0,1.3793099633377324,0.0,Valid,0.5,0.236,19.85129313146404,0.31034501833113376,0.0030583878768519544,0.04062523702276794,0.0,0.0,-0.4218485642810101,-0.2523432863372967
TRN-0760,1.5807134287125502,0.0,0.0,0.0,0.1035872702863657,0.0,0.0,0.040000000000000036,1.4371261584261843,0.01,Valid,0.49,0.22599999999999998,39.88842833456174,0.2814369207869078,0.005098746447026415,0.7559422482059691,0.0,0.0,-0.1728862571305889,-0.1035872702863657
TRN-0547,2.851295571291694,0.0,0.0,0.0,0.0085169400207072,0.0,0.0,1.4,1.4427786312709867,0.35,Invalid,0.15000000000000002,0.11399999999999999,38.9734958327609,0.2786106843645066,0.02022334891388462,0.6786104182874446,0.0,0.0,-0.013773843442479,-0.0085169400207072
TRN-0376,1.6380591943561336,0.0,0.0,0.0,0.262593119081801,0.0,0.0,0.08000000000000007,1.2954660752743326,0.02,Valid,0.48,0.216,29.45216431286291,0.3522669623628337,0.005965950304286026,0.5253390925074366,0.0,0.0,-0.4390029764232661,-0.262593119081801
TRN-0600,1.4280249479250782,0.0,0.0,0.0,0.0554394866811002,0.0,0.0,0.08000000000000007,1.292585461243978,0.02,Valid,0.48,0.216,26.660514114053363,0.353707269378011,0.0054348032384982075,0.46420936931135875,0.0,0.0,-0.0923047545549753,-0.0554394866811002
TRN-0029,2.2852382129008504,0.0,0.0,0.0,0.2373885265008916,0.0,0.0,0.76,1.2878496863999587,0.19,Valid,0.31,0.045999999999999985,18.761128217121986,0.35607515680002066,0.023309578344537903,0.1208016270767388,0.0,0.0,-0.3968198520944916,-0.2373885265008916
TRN-0039,1.7163008549789958,0.0,0.0,0.0,0.2881671510051163,0.0,0.0,0.1200000000000001,1.3081337039738794,0.97,Invalid,0.47,0.734,27.796838619579518,0.3459331480130603,0.03011166135592036,0.2926864792582059,0.0,0.0,0.482765105081965,0.2881671510051163
TRN-0033,1.1550797546537344,0.0,0.0,0.0,0.0662879113734983,0.0,0.0,0.040000000000000036,1.0487918432802361,0.01,Valid,0.49,0.22599999999999998,37.53922592808088,0.47560407835988194,0.004234372544640556,0.4892606236307457,0.0,0.0,-0.1104609872376407,-0.0662879113734983
TRN-0833,2.3661614576338907,0.0,0.0,0.0,0.0975924107682177,0.0,0.0,0.8,1.4685690468656731,0.2,Valid,0.3,0.035999999999999976,13.061793940354669,0.26571547656716343,0.02733491936812505,0.09102754341860848,0.0,0.0,0.1638137895417184,0.0975924107682177
TRN-0390,1.3302535561962274,0.0,0.0,0.0,0.1287157221375866,0.0,0.0,0.0,1.201537834058641,0.0,Valid,0.5,0.236,34.39047244077511,0.3992310829706795,0.0019776398306578418,0.40555815735501577,0.0,0.0,0.2159026502841712,0.1287157221375866
TRN-0044,1.5851014204348197,0.0,0.0,0.0,0.1595226381091755,0.0,0.0,0.040000000000000036,1.3855787823256442,0.01,Valid,0.49,0.22599999999999998,51.92993160570277,0.3072106088371779,0.0036711455508427445,0.34886081840057737,0.0,0.0,-0.2665012825538717,-0.1595226381091755
TRN-0452,1.3260880219792606,0.0,0.0,0.0,0.0859316135337548,0.0,0.0,0.0,1.2401564084455057,0.0,Valid,0.5,0.236,39.45409989909898,0.37992179577724716,0.00404514333128881,0.2288061349799097,0.0,0.0,-0.1433372469051406,-0.0859316135337548
TRN-0228,1.7338204363897791,0.0,0.0,0.0,0.2311643637484892,0.0,0.0,0.1200000000000001,1.3826560726412898,0.03,Valid,0.47,0.206,14.080442439658594,0.30867196367935507,0.00635344927172969,0.09193792278681405,0.0,0.0,-0.3864029159593691,-0.2311643637484892
TRN-0432,1.3422835221034712,0.0,0.0,0.0,0.0232639697242311,0.0,0.0,0.1200000000000001,1.19901955237924,0.97,Invalid,0.47,0.734,15.617222563214794,0.40049022381037996,0.033292761522762664,0.23679741350632375,0.0,0.0,-0.038454892559498,-0.0232639697242311
TRN-0898,1.566541120630481,0.0,0.0,0.0,0.4091670174845701,0.0,0.0,0.0,1.1573741031459108,0.0,Valid,0.5,0.236,21.008883732896148,0.42131294842704464,0.00173256351890323,0.08910637783230287,0.0,0.0,0.6852739294195551,0.4091670174845701
TRN-0204,1.0699644098016965,0.0,0.0,0.0,0.0476334844855345,0.0,0.0,0.0,1.022330925316162,0.0,Valid,0.5,0.236,20.22266268885409,0.48883453734191895,0.0029557337782197502,0.22858620419151798,0.0,0.0,0.0802011069740693,0.0476334844855345
TRN-0121,1.9591232002550745,0.0,0.0,0.0,0.4257191624563446,0.0,0.0,0.16000000000000014,1.3734040377987298,0.96,Invalid,0.45999999999999996,0.724,17.284158662982883,0.31329798110063506,0.010163965016067299,0.20513806678929594,0.0,0.0,0.7129760708848814,0.4257191624563446
TRN-0902,1.6261295844876313,0.0,0.0,0.0,0.1954977425932402,0.0,0.0,0.0,1.430631841894391,0.0,Valid,0.5,0.236,32.67053466679148,0.28468407905280446,0.0032443271880404547,0.2578331866768969,0.0,0.0,0.327670942620756,0.1954977425932402
TRN-0183,1.6540709068909258,0.0,0.0,0.0,0.0583389763382443,0.0,0.0,0.1200000000000001,1.4757319305526815,0.03,Valid,0.47,0.206,21.535874633675544,0.26213403472365926,0.003621462962914765,0.07291640134471718,0.0,0.0,0.0981181231834718,0.0583389763382443
TRN-0634,1.8114242821630335,0.0,0.0,0.0,0.1411133259206353,0.0,0.0,0.28,1.390310956242398,0.07,Valid,0.43,0.16599999999999998,20.441854400084264,0.304844521878801,0.0037001691134743477,0.33225486798368814,0.0,0.0,-0.2356909331160235,-0.1411133259206353
TRN-0378,1.7939055707836973,0.0,0.0,0.0,0.4064534423397266,0.0,0.0,0.0,1.3874521284439707,0.0,Valid,0.5,0.236,16.577563964131265,0.3062739357780147,0.0047000864991142725,0.24442730954853062,0.0,0.0,0.6807324127359209,0.4064534423397266
TRN-0814,1.2488534134209188,0.0,0.0,0.0,0.0627928887996494,0.0,0.0,0.0,1.1860605246212694,0.0,Valid,0.5,0.236,23.021667523408656,0.40696973768936523,0.0014451870362852564,0.07366873097215842,0.0,0.0,0.1055723179896688,0.0627928887996494
TRN-0396,1.5173324627269853,0.0,0.0,0.0,0.1537719569785978,0.0,0.0,0.040000000000000036,1.3235605057483875,0.01,Valid,0.49,0.22599999999999998,20.65768874447088,0.33821974712580627,0.002299723122652936,0.1373424275884312,0.0,0.0,-0.2568767787525274,-0.1537719569785978
TRN-0663,2.673755875356406,0.0,0.0,0.0,0.1263707324047739,0.0,0.0,1.12,1.4273851429516318,0.28,Invalid,0.21999999999999997,0.04400000000000004,52.77444943847651,0.2863074285241841,0.09544826116700411,0.5551208717557361,0.0,0.0,0.2119780086486677,0.1263707324047739
TRN-0193,2.014521127693688,0.0,0.0,0.0,0.004939780892902,0.0,0.0,0.52,1.4895813468007857,0.13,Valid,0.37,0.10599999999999998,40.15887290067007,0.2552093265996071,0.013059733801996223,1.0043507282044712,0.0,0.0,0.0087477081173883,0.004939780892902
TRN-0163,1.536217100249707,0.0,0.0,0.0,0.1908127832849715,0.0,0.0,0.040000000000000036,1.3054043169647354,0.01,Valid,0.49,0.22599999999999998,20.934380241327,0.3472978415176323,0.0028334216412615955,0.2616023553748063,0.0,0.0,-0.3188693611085611,-0.1908127832849715
TRN-0951,1.5228996294393065,0.0,0.0,0.0,0.1770600082304701,0.0,0.0,0.040000000000000036,1.3058396212088363,0.01,Valid,0.49,0.22599999999999998,16.026208635708873,0.34708018939558183,0.004145538261662461,0.14627583837400257,0.0,0.0,-0.295852324902663,-0.1770600082304701
TRN-0453,1.5747291724383838,0.0,0.0,0.0,0.1671704822036258,0.0,0.0,0.1200000000000001,1.287558690234758,0.03,Valid,0.47,0.206,32.68870090323803,0.35622065488262106,0.007068062432795635,0.21802611559246313,0.0,0.0,0.2802616324693296,0.1671704822036258
TRN-0247,1.7176271399882488,0.0,0.0,0.0,0.2447087071048873,0.0,0.0,0.040000000000000036,1.4329184328833615,0.01,Valid,0.49,0.22599999999999998,25.453048578963664,0.2835407835583192,0.004195442556565428,0.6420332644826819,0.0,0.0,-0.4090711149362214,-0.2447087071048873
TRN-0892,1.6345117011327508,0.0,0.0,0.0,0.2079102179750888,0.0,0.0,0.1200000000000001,1.306601483157662,0.03,Valid,0.47,0.206,18.198865279473,0.346699258421169,0.0024861843227905376,0.3853886824494733,0.0,0.0,-0.3474841149841143,-0.2079102179750888
TRN-0841,1.5196314903893053,0.0,0.0,0.0,0.1147814807395561,0.0,0.0,0.040000000000000036,1.3648500096497491,0.01,Valid,0.49,0.22599999999999998,35.953654571161216,0.3175749951751255,0.0026649124117224606,0.31317391262740313,0.0,0.0,-0.1916212067154141,-0.1147814807395561
TRN-0233,2.4232772872742085,0.0,0.0,0.0,0.1499006308551178,0.0,0.0,0.9199999999999999,1.3533766564190906,0.77,Invalid,0.27,0.534,16.890711904611884,0.3233116717904548,0.03570996121622869,0.33339404428022584,0.0,0.0,-0.2503976170418287,-0.1499006308551178
TRN-0896,3.321580523169251,0.0,0.0,0.0,0.5187239681820549,0.0,0.0,1.48,1.3228565549871962,0.37,Invalid,0.13,0.134,16.38965797169074,0.3385717225064019,0.1425892205920412,0.13743009035781378,0.0,0.0,0.8686315638474102,0.5187239681820549
TRN-0572,1.5631022960655998,0.0,0.0,0.0,0.2276256573741099,0.0,0.0,0.0,1.3354766386914898,0.0,Valid,0.5,0.236,15.692873734343252,0.33226168065425504,0.002157937751233307,0.06973145851215205,0.0,0.0,0.3814411362580934,0.2276256573741099
TRN-0377,1.5087700679552278,0.0,0.0,0.0,0.1242140599482151,0.0,0.0,0.1200000000000001,1.2645560080070126,0.03,Valid,0.47,0.206,25.456553602434003,0.3677219959964937,0.002030031348808259,0.12258928977317553,0.0,0.0,-0.2074078400530723,-0.1242140599482151
TRN-0402,2.112157130331697,0.0,0.0,0.0,0.1790446498053608,0.0,0.0,0.6000000000000001,1.333112480526336,0.85,Invalid,0.35,0.614,18.0592708191124,0.33344375973683205,0.05075635372052488,0.1778503424425135,0.0,0.0,-0.2991738775932262,-0.1790446498053608
TRN-0692,3.0216798125408806,0.0,0.0,2.0,0.0345112020724861,0.0,0.0,0.0,0.9871686104683948,1.0,Invalid,0.5,0.764,35.08516203872736,0.5064156947658026,0.010802667945529079,0.34002846926180974,0.0,0.0,-0.0572785810987213,-0.0345112020724861
TRN-0524,1.5019904959621282,0.0,0.0,0.0,0.038668876704125,0.0,0.0,0.08000000000000007,1.3833216192580031,0.02,Valid,0.48,0.216,19.77128230398956,0.3083391903709985,0.0035912968579188288,0.24320421384613905,0.0,0.0,-0.0642369838319538,-0.038668876704125
TRN-0686,1.6329933368639293,0.0,0.0,0.0,0.3032170828461669,0.0,0.0,0.040000000000000036,1.2897762540177624,0.01,Valid,0.49,0.22599999999999998,18.656934891051115,0.3551118729911188,0.0018406848894594646,0.3334988195507589,0.0,0.0,-0.506992399727725,-0.3032170828461669
TRN-0479,2.4627426548920983,0.0,0.0,0.0,0.262856265237208,0.0,0.0,0.8399999999999999,1.3598863896548903,0.79,Invalid,0.29000000000000004,0.554,18.649126761621364,0.32005680517255486,0.05148516837910492,0.3659067734689506,0.0,0.0,0.4404040854466871,0.262856265237208
TRN-0731,1.5602279391782534,0.0,0.0,0.0,0.4167885437278303,0.0,0.0,0.0,1.1434393954504232,0.0,Valid,0.5,0.236,33.85369295609243,0.4282803022747884,0.00416689836761581,0.207830640780393,0.0,0.0,-0.6970688327901833,-0.4167885437278303
TRN-0099,1.3138580240322653,0.0,0.0,0.0,0.0178088595380133,0.0,0.0,0.0,1.296049164494252,0.0,Valid,0.5,0.236,39.532652105917656,0.351975417752874,0.004097982715253399,0.4192013994717016,0.0,0.0,0.0302857648322856,0.0178088595380133
TRN-0817,1.470973423770578,0.0,0.0,0.0,0.1199213897298312,0.0,0.0,0.0,1.3510520340407468,0.0,Valid,0.5,0.236,32.26416383146121,0.3244739829796266,0.0038995870966354717,0.20419705033967,0.0,0.0,-0.2002235048592684,-0.1199213897298312
TRN-0277,1.488840044714217,0.0,0.0,0.0,0.1292136464986874,0.0,0.0,0.08000000000000007,1.2796263982155294,0.02,Valid,0.48,0.216,31.99079295622081,0.36018680089223537,0.0029990964145440676,0.4215012999413357,0.0,0.0,-0.2157752905632932,-0.1292136464986874
TRN-0493,1.2879917185069527,0.0,0.0,0.0,0.0628145987333448,0.0,0.0,0.040000000000000036,1.1851771197736078,0.01,Valid,0.49,0.22599999999999998,17.481683312672693,0.407411440113196,0.0019148949722878161,0.3730356370109395,0.0,0.0,0.1056086523533093,0.0628145987333448
TRN-0726,1.4488946389786268,0.0,0.0,0.0,0.0321019738262532,0.0,0.0,0.040000000000000036,1.3767926651523736,0.01,Valid,0.49,0.22599999999999998,15.491050007137684,0.3116036674238131,0.0023040604873969367,0.3098058782399155,0.0,0.0,-0.053246428056731,-0.0321019738262532
TRN-0330,1.8289485862897457,0.0,0.0,0.0,0.1563296298601441,0.0,0.0,0.3599999999999999,1.3126189564296016,0.09,Valid,0.41000000000000003,0.146,19.39738906360954,0.3436905217851992,0.0029593163372701745,0.16364445349794715,0.0,0.0,-0.261157372965993,-0.1563296298601441
TRN-0117,1.2725981666973987,0.0,0.0,0.0,0.0078326966532456,0.0,0.0,0.040000000000000036,1.224765470044153,0.01,Valid,0.49,0.22599999999999998,18.542822968157758,0.3876172649779235,0.003615359377294715,0.10158507961765081,0.0,0.0,0.0135893743652957,0.0078326966532456
TRN-0840,1.6156243579039513,0.0,0.0,0.0,0.0268430645281124,0.0,0.0,0.19999999999999996,1.388781293375839,0.05,Valid,0.45,0.186,15.227552002283574,0.30560935331208056,0.003504881924866927,0.2514541931929979,0.0,0.0,-0.044444967606811,-0.0268430645281124
TRN-0640,1.7192683593544342,0.0,0.0,0.0,0.1392030929095233,0.0,0.0,0.2400000000000002,1.3400652664449109,0.94,Invalid,0.43999999999999995,0.704,44.555930742494965,0.32996736677754457,0.006227533639500826,1.065535540024181,0.0,0.0,-0.2324939127180147,-0.1392030929095233
TRN-0576,1.4974753666552165,0.0,0.0,0.0,0.0351656003378339,0.0,0.0,0.08000000000000007,1.3823097663173824,0.02,Valid,0.48,0.216,13.945769320203665,0.3088451168413088,0.004969998661392438,0.14105131663025525,0.0,0.0,-0.0583738006821796,-0.0351656003378339
TRN-0815,0.9857651476009145,0.0,0.0,0.0,0.0399620195272284,0.0,0.0,0.0,0.945803128073686,0.0,Valid,0.5,0.236,19.03665836736462,0.527098435963157,0.002502184295705812,0.08149904503962783,0.0,0.0,0.0673619246273897,0.0399620195272284
TRN-0048,1.4485013376894669,0.0,0.0,0.0,0.0174397777310281,0.0,0.0,0.24,1.1910615599584387,0.06,Valid,0.44,0.176,25.707409545267783,0.4044692200207807,0.003861963153545714,0.4691966152648756,0.0,0.0,0.0296680590034146,0.0174397777310281
TRN-0783,2.5561437234224806,0.0,0.0,0.0,0.0243933233466339,0.0,1.0,0.15999999999999992,1.3717504000758467,0.04,Valid,0.46,0.19599999999999998,48.503969488242674,0.3141247999620767,0.004775709385275928,0.1497337676354227,0.0,1.0,0.0413057110815948,0.0243933233466339
TRN-0632,1.6930307834397698,0.0,0.0,0.0,0.2589195205044327,0.0,0.0,0.15999999999999992,1.2741112629353373,0.04,Valid,0.46,0.19599999999999998,29.48069221591381,0.36294436853233136,0.00293732485145991,0.2109618163469795,0.0,0.0,-0.4328547371678333,-0.2589195205044327
TRN-0766,1.5416284984312918,0.0,0.0,0.0,0.1542798280371182,0.0,0.0,0.0,1.3873486703941735,0.0,Valid,0.5,0.236,34.389120074169,0.30632566480291323,0.0021352548407760413,0.4891198976242028,0.0,0.0,-0.25772676622746,-0.1542798280371182
TRN-0241,1.3929754661067755,0.0,0.0,0.0,0.0519304955578012,0.0,0.0,0.08000000000000007,1.2610449705489741,0.02,Valid,0.48,0.216,26.08421848496415,0.369477514725513,0.004121197440126023,0.2283137303954851,0.0,0.0,-0.086432007025035,-0.0519304955578012
TRN-0810,1.376599748390196,0.0,0.0,0.0,0.2310771670036731,0.0,0.0,0.0,1.1455225813865229,0.0,Valid,0.5,0.236,39.91397168722043,0.4272387093067386,0.0029931792897268093,0.2363570964892695,0.0,0.0,0.3872176811222267,0.2310771670036731
TRN-0301,2.008933311000524,0.0,0.0,0.0,0.1856649498818268,0.0,0.0,0.3999999999999999,1.4232683611186974,0.9,Invalid,0.4,0.664,50.40527253862833,0.28836581944065126,0.05876701370283512,0.4798601155567126,0.0,0.0,0.311214500561114,0.1856649498818268
TRN-0984,1.3571315339812373,0.0,0.0,0.0,0.1376911030894527,0.0,0.0,0.0,1.2194404308917846,0.0,Valid,0.5,0.236,33.33514083434314,0.39027978455410767,0.0026572640426489134,0.39207642669742515,0.0,0.0,0.2309241035917502,0.1376911030894527
TRN-0054,1.5200473991464265,0.0,0.0,0.0,0.0519182047335187,0.0,0.0,0.19999999999999996,1.2681291944129078,0.05,Valid,0.45,0.186,35.512899673091646,0.3659354027935461,0.0056562263773838675,0.3450926506923754,0.0,0.0,-0.0864114367512982,-0.0519182047335187
TRN-0866,1.393310572255727,0.0,0.0,0.0,0.0130344208670762,0.0,0.0,0.040000000000000036,1.3402761513886507,0.99,Invalid,0.49,0.754,15.005133956604087,0.3298619243056746,0.008515892654795309,0.30635349141591856,0.0,0.0,-0.0213344281090837,-0.0130344208670762
TRN-0180,1.5670844401580462,0.0,0.0,0.0,0.0850900215026484,0.0,0.0,0.1200000000000001,1.3619944186553976,0.03,Valid,0.47,0.206,16.52863368501205,0.3190027906723012,0.003180677443731888,0.09392440985434715,0.0,0.0,0.1428894346209528,0.0850900215026484
TRN-0832,1.4804444659073672,0.0,0.0,0.0,0.0259812639475755,0.0,0.0,0.1200000000000001,1.3344632019597917,0.03,Valid,0.47,0.206,36.61391509695339,0.33276839902010413,0.005884302123628563,0.36725722871624905,0.0,0.0,0.0439633337184695,0.0259812639475755
TRN-0979,1.4604475028155919,0.0,0.0,0.0,0.040270578931701,0.0,0.0,0.08000000000000007,1.3401769238838908,0.02,Valid,0.48,0.216,25.419546288344176,0.3299115380580547,0.003639780632072339,0.13609547983061462,0.0,0.0,-0.0669176383192908,-0.040270578931701
TRN-0070,1.2875668872910757,0.0,0.0,0.0,0.0797919552648098,0.0,0.0,0.19999999999999996,1.007774932026266,0.05,Valid,0.45,0.186,27.840309534345383,0.496112533986867,0.00223479008672838,0.42623518272803673,0.0,0.0,0.1340224400010079,0.0797919552648098
TRN-0169,1.6294876440002959,0.0,0.0,0.0,0.0936570004950238,0.0,0.0,0.15999999999999992,1.3758306435052723,0.04,Valid,0.46,0.19599999999999998,24.58602879896163,0.3120846782473639,0.0030545116793324334,0.18892688970581487,0.0,0.0,-0.1562666746524446,-0.0936570004950238
TRN-0599,1.4389066577619347,0.0,0.0,0.0,0.1031373184514806,0.0,0.0,0.0,1.3357693393104542,0.0,Valid,0.5,0.236,16.281981662148052,0.3321153303447729,0.0022323528274415852,0.23395552706925368,0.0,0.0,-0.1721332049186958,-0.1031373184514806
TRN-0998,0.9714775372101965,0.0,0.0,0.0,0.1941737881210268,0.0,0.0,0.040000000000000036,0.7373037490891696,0.01,Valid,0.49,0.22599999999999998,27.70929269511395,0.6313481254554152,0.0015412898813127434,0.40005287642174353,0.0,0.0,0.3254551346910013,0.1941737881210268
TRN-0016,1.5174976263753162,0.0,0.0,0.0,0.2691429486192528,0.0,0.0,0.0,1.2483546777560632,0.0,Valid,0.5,0.236,25.38883585136619,0.37582266112196844,0.0019326469730390383,0.21596508094541256,0.0,0.0,-0.4499649577694704,-0.2691429486192528
TRN-0314,1.508960834977179,0.0,0.0,0.0,0.1975887971138702,0.0,0.0,0.0,1.311372037863309,0.0,Valid,0.5,0.236,18.042872540387528,0.34431398106834554,0.0017036608368386605,0.2208479533459755,0.0,0.0,-0.3302098909298774,-0.1975887971138702
TRN-0628,1.594924241193183,0.0,0.0,0.0,0.2457558063310208,0.0,0.0,0.0,1.3491684348621622,0.0,Valid,0.5,0.236,18.060248936977025,0.3254157825689189,0.003079055177246479,0.14522212632743742,0.0,0.0,0.4117842701569465,0.2457558063310208
TRN-0586,1.800240475824043,0.0,0.0,0.0,0.1840397556966219,0.0,0.0,0.15999999999999992,1.456200720127421,0.04,Valid,0.46,0.19599999999999998,20.54455899193115,0.2718996399362895,0.001769748389030703,0.4174815933398977,0.0,0.0,0.3084945292641041,0.1840397556966219
TRN-0145,1.6395315629306042,0.0,0.0,0.0,0.095618977841306,0.0,0.0,0.08000000000000007,1.4639125850892982,0.02,Valid,0.48,0.216,52.63399125888059,0.2680437074553509,0.002306770883725326,0.4872408433175763,0.0,0.0,-0.159550295844209,-0.095618977841306
TRN-0370,1.2321309968320266,0.0,0.0,0.0,0.0340962227912288,0.0,0.0,0.0,1.198034774040798,0.0,Valid,0.5,0.236,21.1483982708855,0.4009826129796011,0.0034606840854328426,0.18205009931914296,0.0,0.0,-0.0565840599490954,-0.0340962227912288
TRN-0122,1.393513780163845,0.0,0.0,0.0,0.1051765026756307,0.0,0.0,0.0,1.2883372774882145,0.0,Valid,0.5,0.236,23.49728411117701,0.3558313612558927,0.0020353854928238813,0.09505107128366694,0.0,0.0,-0.1755460417412102,-0.1051765026756307
TRN-0374,1.6548994958267709,0.0,0.0,0.0,0.0407652859209698,0.0,0.0,0.19999999999999996,1.4141342099058012,0.05,Valid,0.45,0.186,55.27353536010304,0.2929328950470994,0.0023709542230759793,0.7460258124550818,0.0,0.0,0.0687062941524097,0.0407652859209698
TRN-0878,1.749780044259608,0.0,0.0,0.0,0.2710249252518,0.0,0.0,0.20000000000000018,1.278755119007808,0.95,Invalid,0.44999999999999996,0.714,47.44175126204247,0.360622440496096,0.025633309667387725,0.5604344622009363,0.0,0.0,0.4540753876067551,0.2710249252518
TRN-0847,1.540622649449909,0.0,0.0,0.0,0.1116800359994028,0.0,0.0,0.040000000000000036,1.388942613450506,0.01,Valid,0.49,0.22599999999999998,14.563799353321969,0.30552869327474697,0.00318913189895721,0.08604313365037472,0.0,0.0,-0.1864305404250252,-0.1116800359994028
TRN-0540,1.744242195087561,0.0,0.0,0.0,0.25135808921166,0.0,0.0,0.08000000000000007,1.412884105875901,0.02,Valid,0.48,0.216,40.43749399329929,0.29355794706204946,0.0043941998370047326,0.38137598248852705,0.0,0.0,0.4211604104187003,0.25135808921166
TRN-0808,3.6655199694015606,0.0,0.0,0.0,0.0563001569430064,1.0,1.0,0.16000000000000014,1.4492198124585538,0.96,Invalid,0.45999999999999996,0.724,23.045363920770747,0.2753900937707231,0.03137122444354495,0.14716673914391964,1.0,1.0,-0.0937451968294347,-0.0563001569430064
TRN-0886,1.4874886625629635,0.0,0.0,0.0,0.143290731213137,0.0,0.0,0.0,1.3441979313498265,0.0,Valid,0.5,0.236,15.012759877221493,0.3279010343250868,0.0026342472725732514,0.25802911899774666,0.0,0.0,-0.2393351006570334,-0.143290731213137
TRN-0510,1.4880501570121138,0.0,0.0,0.0,0.0688307192277212,0.0,0.0,0.040000000000000036,1.3792194377843927,0.01,Valid,0.49,0.22599999999999998,19.46679803622045,0.3103902811078037,0.0023429920398409586,0.14834239539103652,0.0,0.0,-0.1147167029178106,-0.0688307192277212
TRN-0418,1.505948782322848,0.0,0.0,0.0,0.0066315487958611,0.0,0.0,0.24,1.2593172335269869,0.06,Valid,0.44,0.176,18.03026855358936,0.37034138323650656,0.004456320381276602,0.21340609291460774,0.0,0.0,-0.0106183989658124,-0.0066315487958611
TRN-0850,1.4086790383634278,0.0,0.0,0.0,0.1380757223731225,0.0,0.0,0.040000000000000036,1.2306033159903051,0.01,Valid,0.49,0.22599999999999998,15.805640216958562,0.3846983420048474,0.002133779044114476,0.2770515889213711,0.0,0.0,0.2315678133843288,0.1380757223731225
TRN-0532,1.775477454163728,0.0,0.0,0.0,0.3605521247666365,0.0,0.0,0.040000000000000036,1.3749253293970913,0.01,Valid,0.49,0.22599999999999998,20.958738590533173,0.31253733530145433,0.0030224834505714463,0.13143089615505504,0.0,0.0,-0.6029499596034817,-0.3605521247666365
TRN-0361,1.4952620587910967,0.0,0.0,0.0,0.1008161022689173,0.0,0.0,0.0,1.3944459565221794,0.0,Valid,0.5,0.236,18.988146677500357,0.3027770217389103,0.0021600585185907197,0.14107424188857465,0.0,0.0,-0.1682483513742987,-0.1008161022689173
TRN-0161,1.673825362475569,0.0,0.0,0.0,0.1357823440087146,0.0,0.0,0.3999999999999999,1.1380430184668544,0.1,Valid,0.4,0.13599999999999998,25.11134411306063,0.4309784907665728,0.004014701704272308,0.2530487052994099,0.0,0.0,-0.226768849886028,-0.1357823440087146
TRN-0110,1.515224828796442,0.0,0.0,0.0,0.2906110918812961,0.0,0.0,0.0,1.224613736915146,0.0,Valid,0.5,0.236,28.359568617515343,0.387693131542427,0.0016764225983748689,0.20146929731171226,0.0,0.0,0.4868553541705438,0.2906110918812961
TRN-0175,2.653117344595478,0.0,0.0,0.0,0.0324091228662377,0.0,1.0,0.24,1.3807082217292401,0.06,Valid,0.44,0.176,39.75860378250274,0.3096458891353799,0.00588435231660118,0.30692526286074623,0.0,1.0,0.0547211815616091,0.0324091228662377
TRN-0616,1.5474017213457583,0.0,0.0,0.0,0.2120036828944456,0.0,0.0,0.0,1.3353980384513127,0.0,Valid,0.5,0.236,15.73920081869699,0.33230098077434367,0.0029366423876668307,0.13177305064081585,0.0,0.0,-0.3543350545132657,-0.2120036828944456
TRN-0119,1.5326737425832553,0.0,0.0,0.0,0.2185056595645632,0.0,0.0,0.040000000000000036,1.274168083018692,0.01,Valid,0.49,0.22599999999999998,22.74484505685183,0.36291595849065394,0.002504278263125207,0.18049108550635715,0.0,0.0,-0.3652169479371689,-0.2185056595645632
TRN-0635,1.444559551506876,0.0,0.0,0.0,0.0663347036427433,0.0,0.0,0.1200000000000001,1.2582248478641327,0.03,Valid,0.47,0.206,34.17141462712995,0.37088757606793366,0.003018423659960176,0.28934672968490727,0.0,0.0,-0.1105393001127588,-0.0663347036427433
TRN-0278,1.612988767206685,0.0,0.0,0.0,0.0532695256457224,0.0,0.0,0.28,1.2797192415609624,0.07,Valid,0.43,0.16599999999999998,42.47698148970505,0.3601403792195188,0.013422252102960084,0.7914415681008559,0.0,0.0,-0.0886730459348061,-0.0532695256457224
TRN-0225,2.611051563032947,0.0,0.0,0.0,0.0278929331714614,0.0,0.0,1.32,1.2631586298614859,0.33,Invalid,0.16999999999999998,0.09400000000000003,20.441951270175075,0.36842068506925707,0.16245051285778944,0.3097343572827622,0.0,0.0,0.0471627578031004,0.0278929331714614
TRN-0959,1.4318144550365297,0.0,0.0,0.0,0.092584347820625,0.0,0.0,0.0,1.3392301072159047,0.0,Valid,0.5,0.236,39.75106132234819,0.33038494639204763,0.0018968331765535354,0.22176544438315401,0.0,0.0,0.1554321526917483,0.092584347820625
TRN-0349,1.4170195586976537,0.0,0.0,0.0,0.0349669324400273,0.0,0.0,0.040000000000000036,1.3420526262576264,0.99,Invalid,0.49,0.754,29.35122413505808,0.3289736868711868,0.010169188820534887,0.47078314580071307,0.0,0.0,-0.0580413044275225,-0.0349669324400273
TRN-0159,1.4354221701574124,0.0,0.0,0.0,0.2276513681606524,0.0,0.0,0.0,1.20777080199676,0.0,Valid,0.5,0.236,21.429111931159824,0.39611459900162005,0.003703698675174889,0.22482061928102226,0.0,0.0,-0.3805234664434742,-0.2276513681606524
TRN-0032,1.5907353575043186,0.0,0.0,0.0,0.1555676007307195,0.0,0.0,0.0,1.4351677567735992,0.0,Valid,0.5,0.236,17.07890816270678,0.28241612161320045,0.002510386125904558,0.14465724489730863,0.0,0.0,0.2608427194211433,0.1555676007307195
TRN-0344,1.9679955150146742,0.0,0.0,0.0,0.0606576094602699,0.0,0.0,0.52,1.3873379055544044,0.13,Valid,0.37,0.10599999999999998,13.623628143962756,0.3063310472227978,0.00989691776884613,0.0754047152347563,0.0,0.0,-0.1010379535245649,-0.0606576094602699
TRN-0391,1.3986808195702105,0.0,0.0,0.0,0.0277963847760414,0.0,0.0,0.19999999999999996,1.1708844347941691,0.05,Valid,0.45,0.186,16.44980980036272,0.41455778260291537,0.004160371477404514,0.3561827526736331,0.0,0.0,-0.0460404715378679,-0.0277963847760414
TRN-0651,2.32482712832909,0.0,0.0,0.0,0.0719045301323094,0.0,0.0,0.8799999999999999,1.3729225981967808,0.22,Valid,0.28,0.015999999999999986,43.6633926988628,0.3135387009016096,0.011145287585395494,1.1620340473653858,0.0,0.0,0.1208218205531785,0.0719045301323094
TRN-0538,1.5784803731012644,0.0,0.0,0.0,0.11695536156973,0.0,0.0,0.08000000000000007,1.3815250115315343,0.02,Valid,0.48,0.216,29.72062162416212,0.30923749423423286,0.004416840624774769,0.09451141824831244,0.0,0.0,-0.1952594756158454,-0.11695536156973
TRN-0264,1.7352416585345936,0.0,0.0,0.0,0.1025518010876567,0.0,0.0,0.15999999999999992,1.472689857446937,0.04,Valid,0.46,0.19599999999999998,34.12794781778633,0.2636550712765316,0.008445277030460694,0.5832646837257331,0.0,0.0,-0.1711532663747359,-0.1025518010876567
TRN-0804,1.241276829535668,0.0,0.0,0.0,0.0120396564637966,0.0,0.0,0.0,1.2292371730718714,0.0,Valid,0.5,0.236,40.60078763397464,0.38538141346406435,0.003065851594181389,0.11019791920103493,0.0,0.0,-0.0196695620587128,-0.0120396564637966
TRN-0875,1.6463109398675888,0.0,0.0,0.0,0.2177622166937603,0.0,0.0,0.0,1.4285487231738285,0.0,Valid,0.5,0.236,14.597313379951093,0.2857256384130857,0.0044491355200061335,0.15210569775251592,0.0,0.0,-0.3639727007647639,-0.2177622166937603
TRN-0179,1.683784044451651,0.0,0.0,0.0,0.0297804264824978,0.0,0.0,0.24,1.414003617969153,0.06,Valid,0.44,0.176,49.57153569334652,0.29299819101542346,0.002703710781712816,0.6771538890399775,0.0,0.0,0.0503217203911123,0.0297804264824978
TRN-0664,1.641821328600207,0.0,0.0,0.0,0.2533461314105468,0.0,0.0,0.0,1.3884751971896603,0.0,Valid,0.5,0.236,19.57601784244961,0.3057624014051698,0.002030923556376125,0.12134266911794289,0.0,0.0,-0.4235269543708959,-0.2533461314105468
TRN-0848,1.559288380160642,0.0,0.0,0.0,0.1428768573819002,0.0,0.0,0.1200000000000001,1.2964115227787418,0.03,Valid,0.47,0.206,34.0504803838175,0.3517942386106291,0.00572949522165683,0.3747055215833988,0.0,0.0,-0.2386424296200608,-0.1428768573819002
TRN-0319,1.4614568167458497,0.0,0.0,0.0,0.2355659262466267,0.0,0.0,0.040000000000000036,1.185890890499223,0.01,Valid,0.49,0.22599999999999998,26.350704397808357,0.4070545547503885,0.00295501225618292,0.38778024828520513,0.0,0.0,-0.3937694963753699,-0.2355659262466267
TRN-0897,1.4711863422311018,0.0,0.0,0.0,0.2327786429617283,0.0,0.0,0.0,1.2384076992693736,0.0,Valid,0.5,0.236,24.36059027984858,0.3807961503653133,0.003960631697019292,0.2672401521848927,0.0,0.0,0.3900653197678689,0.2327786429617283
TRN-0617,2.2805779528605825,0.0,0.0,0.0,0.4788963863038701,0.0,0.0,0.56,1.2416815665567125,0.14,Valid,0.36,0.09599999999999997,19.10687803929438,0.37915921672164377,0.014896548416540697,0.18776564109440164,0.0,0.0,0.8019749879599498,0.4788963863038701
TRN-0066,1.3255753630038323,0.0,0.0,0.0,0.0866316844120972,0.0,0.0,0.0,1.2389436785917352,0.0,Valid,0.5,0.236,20.34080175910881,0.3805281607041324,0.002646631322237688,0.2248590393631929,0.0,0.0,0.1454696055946982,0.0866316844120972
TRN-0329,1.6512383240217736,0.0,0.0,0.0,0.2741383763657936,0.0,0.0,0.15999999999999992,1.21709994765598,0.04,Valid,0.46,0.19599999999999998,21.598879313010368,0.39145002617201,0.003360859134854703,0.10373829982584101,0.0,0.0,-0.4583254479869296,-0.2741383763657936
TRN-0512,2.93343194697192,0.0,0.0,0.0,0.0199500745042795,0.0,0.0,1.7599999999999998,1.1534818724676408,0.56,Invalid,0.06000000000000005,0.32400000000000007,17.906956017780022,0.4232590637661796,0.007490289555185966,0.2868752765725583,0.0,0.0,0.0338693632120925,0.0199500745042795
TRN-0559,1.296172774993438,0.0,0.0,0.0,0.1672632918688935,0.0,0.0,0.0,1.1289094831245445,0.0,Valid,0.5,0.236,35.07531392873769,0.4355452584377278,0.003548651185026464,0.3411552163705829,0.0,0.0,-0.2794562612500755,-0.1672632918688935
TRN-0843,1.5116228718199445,0.0,0.0,0.0,0.1042275066934774,0.0,0.0,0.08000000000000007,1.327395365126467,0.02,Valid,0.48,0.216,27.15221493784284,0.3363023174367665,0.002446061570875503,0.30773721920563674,0.0,0.0,-0.1739577750245722,-0.1042275066934774
TRN-0080,1.420247886811154,0.0,0.0,0.0,0.0300594685275651,0.0,0.0,0.08000000000000007,1.310188418283589,0.02,Valid,0.48,0.216,42.88160417555911,0.3449057908582055,0.00312130778939164,0.45200030722461526,0.0,0.0,0.0507887331088241,0.0300594685275651
TRN-0401,6.2745994375380665,0.0,0.0,0.0,4.903393472280875,0.0,0.0,0.20000000000000018,1.1712059652571916,0.95,Invalid,0.44999999999999996,0.714,28.94030224996793,0.4143970173714042,0.009430253641011016,0.35614030672065145,0.0,0.0,-8.205978683552658,-4.903393472280875
TRN-0384,1.3713551577669538,0.0,0.0,0.0,0.1046582969193368,0.0,0.0,0.0,1.266696860847617,0.0,Valid,0.5,0.236,15.842947524934267,0.3666515695761915,0.0037117387972076653,0.13240112237319224,0.0,0.0,-0.1746787578216047,-0.1046582969193368
TRN-0047,1.4228765698381547,0.0,0.0,0.0,0.0772988896647577,0.0,0.0,0.040000000000000036,1.305577680173397,0.01,Valid,0.49,0.22599999999999998,23.32594842561395,0.34721115991330154,0.0016771676369500836,0.12296462389718113,0.0,0.0,0.1298499743747854,0.0772988896647577
TRN-0938,1.3851957653522224,0.0,0.0,0.0,0.0942579467616346,0.0,0.0,0.0,1.2909378185905878,0.0,Valid,0.5,0.236,39.383247979170285,0.3545310907047061,0.0022258853371204448,1.0122380636706576,0.0,0.0,0.158233135567329,0.0942579467616346
TRN-0724,2.3881353956578963,0.0,0.0,0.0,0.368700525411709,0.0,0.0,0.76,1.2594348702461873,0.19,Valid,0.31,0.045999999999999985,39.94066960201684,0.3702825648769063,0.009895318340694698,0.3326304170897794,0.0,0.0,0.6175480552250328,0.368700525411709
TRN-0089,2.091219407690561,0.0,0.0,0.0,0.4152482927882637,0.0,0.0,0.20000000000000018,1.4759711149022972,0.95,Invalid,0.44999999999999996,0.714,34.89618415644758,0.2620144425488514,0.010102914446884225,0.18823693713957013,0.0,0.0,-0.6944910249294658,-0.4152482927882637
TRN-0114,1.681493361096826,0.0,0.0,0.0,0.1777526861595705,0.0,0.0,0.040000000000000036,1.4637406749372555,0.01,Valid,0.49,0.22599999999999998,25.801638392046183,0.26812966253137227,0.006790159219724598,0.22382384775218286,0.0,0.0,0.2979723105417129,0.1777526861595705
TRN-0748,1.7821797036044937,0.0,0.0,0.0,0.1097213504890009,0.0,0.0,0.24,1.4324583531154929,0.06,Valid,0.44,0.176,42.56025803385838,0.28377082344225363,0.0038284365479513806,0.4546291568733781,0.0,0.0,0.1841131286631743,0.1097213504890009
TRN-0459,1.5898260616047364,0.0,0.0,0.0,0.0325858836727851,0.0,0.0,0.19999999999999996,1.3572401779319514,0.05,Valid,0.45,0.186,41.18898604089269,0.32137991103402436,0.0027772739296336017,0.29936934086725,0.0,0.0,0.0550170134841092,0.0325858836727851
TRN-0223,1.9370161294259307,0.0,0.0,0.0,0.2712987867479989,0.0,0.0,0.19999999999999996,1.4657173426779317,0.05,Valid,0.45,0.186,42.02001648714128,0.2671413286610341,0.0021764549354257854,0.4979388201280348,0.0,0.0,0.4545337300102652,0.2712987867479989
TRN-0851,1.780189720298158,0.0,0.0,0.0,0.339454874523348,0.0,0.0,0.1200000000000001,1.32073484577481,0.03,Valid,0.47,0.206,17.87373235768215,0.33963257711259504,0.006758785532882119,0.2661117021874756,0.0,0.0,0.5686017005660773,0.339454874523348
TRN-0582,1.6592722691088382,0.0,0.0,0.0,0.0939581582860185,0.0,0.0,0.08000000000000007,1.4853141108228196,0.02,Valid,0.48,0.216,23.784358798362067,0.25734294458859014,0.005064439081536558,0.2857726104908251,0.0,0.0,0.1577314010322972,0.0939581582860185
TRN-0007,1.650549758160361,0.0,0.0,0.0,0.1346493908328389,0.0,0.0,0.040000000000000036,1.4759003673275222,0.01,Valid,0.49,0.22599999999999998,20.448857903807056,0.2620498163362389,0.007186813692361036,0.1673921538686329,0.0,0.0,0.225833407287844,0.1346493908328389
TRN-0947,1.7083101325125485,0.0,0.0,0.0,0.297209938309991,0.0,0.0,0.0,1.4111001942025574,0.0,Valid,0.5,0.236,39.87190595633303,0.29444990289872136,0.0030987448647942146,0.3319294827386036,0.0,0.0,-0.4969386714630452,-0.297209938309991
TRN-0556,1.638110158604788,0.0,0.0,0.0,0.1706895370940165,0.0,0.0,0.040000000000000036,1.4274206215107714,0.01,Valid,0.49,0.22599999999999998,21.355765053008717,0.28628968924461434,0.0030729929346736276,0.17014428974322351,0.0,0.0,0.2861512230066338,0.1706895370940165
TRN-0006,1.6477456693939145,0.0,0.0,0.0,0.0283834730389877,0.0,0.0,0.3599999999999999,1.2593621963549269,0.09,Valid,0.41000000000000003,0.146,44.38996890125486,0.3703189018225366,0.004788749584912607,0.6832916938356249,0.0,0.0,0.0479837393029463,0.0283834730389877
TRN-0036,1.1026938802678128,0.0,0.0,0.0,0.0573194968805403,0.0,0.0,0.0,1.0453743833872724,0.0,Valid,0.5,0.236,18.54132172476525,0.47731280830636375,0.001635156696795178,0.10950650469192413,0.0,0.0,0.09641189331378,0.0573194968805403
TRN-0655,1.4909462561448663,0.0,0.0,0.0,0.1189350796122527,0.0,0.0,0.1200000000000001,1.2520111765326134,0.03,Valid,0.47,0.206,33.302299830603175,0.3739944117336933,0.007835798184594416,0.2474847118610268,0.0,0.0,0.199533488261931,0.1189350796122527
TRN-0419,2.69784623122705,0.0,0.0,0.0,0.0063331578484746,0.0,0.0,1.2000000000000002,1.4915130733785755,0.7,Invalid,0.19999999999999996,0.46399999999999997,41.57155777297314,0.25424346331071224,0.16505758061304407,0.29932244461011476,0.0,0.0,0.0110797034934329,0.0063331578484746
TRN-0800,1.320649526467709,0.0,0.0,0.0,0.0992882768489376,0.0,0.0,0.0,1.2213612496187713,0.0,Valid,0.5,0.236,31.597050678290227,0.3893193751906143,0.002367445742848845,0.4836936495537242,0.0,0.0,0.1666520393368031,0.0992882768489376
TRN-0298,1.4593659109029171,0.0,0.0,0.0,0.2027991098952561,0.0,0.0,0.0,1.256566801007661,0.0,Valid,0.5,0.236,25.330116765712024,0.3717165994961695,0.0023564853166340447,0.19188913564551618,0.0,0.0,0.3398907189842219,0.2027991098952561
TRN-0146,1.666583969286341,0.0,0.0,0.0,0.2420822250998478,0.0,0.0,0.0,1.4245017441864931,0.0,Valid,0.5,0.236,16.76216409267053,0.2877491279067534,0.0021775350382613043,0.18159671473892344,0.0,0.0,0.4056360599326005,0.2420822250998478
TRN-0074,2.021155862992021,0.0,0.0,0.0,0.0436429592003241,0.0,0.0,0.6800000000000002,1.2975129037916968,0.83,Invalid,0.32999999999999996,0.594,20.1154159482348,0.3512435481041516,0.03967420367826093,0.44328976378387946,0.0,0.0,-0.0725617500302249,-0.0436429592003241
TRN-0358,1.387215186915231,0.0,0.0,0.0,0.0441274818210577,0.0,0.0,0.040000000000000036,1.3030877050941732,0.99,Invalid,0.49,0.754,24.77720042773323,0.3484561474529134,0.005630761150579677,0.2657581544830518,0.0,0.0,-0.0733726608943818,-0.0441274818210577
TRN-0521,1.4695019170574946,0.0,0.0,0.0,0.0805409373024454,0.0,0.0,0.0,1.388960979755049,0.0,Valid,0.5,0.236,21.24840868069081,0.30551951012247547,0.0020756667934173044,0.11418717382679636,0.0,0.0,-0.1343152575612727,-0.0805409373024454
TRN-0598,1.6042791312919538,0.0,0.0,0.0,0.3153249738878518,0.0,0.0,0.0,1.288954157404102,0.0,Valid,0.5,0.236,19.469932006260297,0.35552292129794905,0.0015709580026830666,0.17221907316015042,0.0,0.0,0.5282172112996619,0.3153249738878518
TRN-0242,1.3887898508663628,0.0,0.0,0.0,0.1542024348550383,0.0,0.0,0.040000000000000036,1.1945874160113243,0.01,Valid,0.49,0.22599999999999998,27.46340141920504,0.40270629199433783,0.00259567737314187,0.11068110395499947,0.0,0.0,0.2585579389122578,0.1542024348550383
TRN-0285,1.589819285543895,0.0,0.0,0.0,0.0882152963130962,0.0,0.0,0.1200000000000001,1.3816039892307987,0.03,Valid,0.47,0.206,16.36228114938047,0.3091980053846006,0.0025935456388249253,0.13091307686539397,0.0,0.0,0.1481199835960058,0.0882152963130962
TRN-0786,1.4607778534848685,0.0,0.0,0.0,0.0333675127318902,0.0,0.0,0.08000000000000007,1.3474103407529783,0.02,Valid,0.48,0.216,41.89490461506668,0.3262948296235109,0.004915158406346711,0.34439210984211466,0.0,0.0,0.0563251701493427,0.0333675127318902
TRN-0976,1.1975487892443166,0.0,0.0,0.0,0.034203591379278,0.0,0.0,0.0,1.1633451978650386,0.0,Valid,0.5,0.236,20.110168056367044,0.4183274010674807,0.0024808382994127836,0.0876065791456667,0.0,0.0,0.0577244551970252,0.034203591379278
TRN-0467,1.459784257950026,0.0,0.0,0.0,0.154537926059612,0.0,0.0,0.0,1.305246331890414,0.0,Valid,0.5,0.236,21.764404538129725,0.347376834054793,0.002289843779563488,0.17902302055310917,0.0,0.0,0.2591194265517949,0.154537926059612
TRN-0186,1.428333238665204,0.0,0.0,0.0,0.3226207835404105,0.0,0.0,0.0,1.1057124551247934,0.0,Valid,0.5,0.236,39.26448983759121,0.44714377243760334,0.0021131920771676593,0.2508142280358474,0.0,0.0,0.5404276862226354,0.3226207835404105
TRN-0592,1.4552179514997035,0.0,0.0,0.0,0.0158379424683204,0.0,0.0,0.1200000000000001,1.319380009031383,0.03,Valid,0.47,0.206,17.370422740078094,0.34030999548430846,0.0031458627143681702,0.28706152273595675,0.0,0.0,0.0269871818646905,0.0158379424683204
TRN-1000,1.8103046994845728,0.0,0.0,0.0,0.3815152796258227,0.0,0.0,0.0,1.42878941985875,0.0,Valid,0.5,0.236,19.02379721424052,0.285605290070625,0.004195151482163724,0.16498730036311424,0.0,0.0,-0.6380344929046942,-0.3815152796258227
TRN-0852,2.770083426041496,0.0,0.0,0.0,0.0179745073310323,0.0,1.0,0.3599999999999999,1.3921089187104636,0.09,Valid,0.41000000000000003,0.146,41.12959930059152,0.30394554064476814,0.020221291542708443,0.26409810947758433,0.0,1.0,0.0305629976986878,0.0179745073310323
TRN-0955,1.8588487016217972,0.0,0.0,0.0,0.2397333672255919,0.0,0.0,0.1200000000000001,1.4991153343962051,0.03,Valid,0.47,0.206,42.28467441466615,0.25044233280189737,0.0025855138299808373,2.4222425545854747,0.0,0.0,0.401704944465358,0.2397333672255919
TRN-0125,1.5078768987657347,0.0,0.0,0.0,0.1122816247306868,0.0,0.0,0.0,1.395595274035048,0.0,Valid,0.5,0.236,19.98179156356231,0.30220236298247605,0.0011639743274923678,0.2965684922516903,0.0,0.0,0.1883980765870934,0.1122816247306868
TRN-0570,1.7886707131258768,0.0,0.0,0.0,0.280958820199036,0.0,0.0,0.16000000000000014,1.3477118929268406,0.96,Invalid,0.45999999999999996,0.724,21.74054181000541,0.3261440535365797,0.02327563960343041,0.30005913038389564,0.0,0.0,0.4707010372490998,0.280958820199036
TRN-0189,1.6420990293929618,0.0,0.0,0.0,0.2985081202687824,0.0,0.0,0.0,1.3435909091241796,0.0,Valid,0.5,0.236,34.793525185209816,0.3282045454379102,0.0028467314973033247,0.34626056846381364,0.0,0.0,-0.4991113457799692,-0.2985081202687824
TRN-0470,1.478881852020335,0.0,0.0,0.0,0.1450322926233979,0.0,0.0,0.08000000000000007,1.253849559396937,0.02,Valid,0.48,0.216,15.37138844033299,0.3730752203015315,0.0021896907112605385,0.12865077364800923,0.0,0.0,-0.2422498274576909,-0.1450322926233979
TRN-0003,1.497135302551704,0.0,0.0,0.0,0.094278634247052,0.0,0.0,0.040000000000000036,1.362856668304652,0.01,Valid,0.49,0.22599999999999998,45.6569021893304,0.3185716658476741,0.003780768826544245,0.574483169882215,0.0,0.0,-0.1573070586128118,-0.094278634247052
TRN-0442,1.4320890902162475,0.0,0.0,0.0,0.043348996517602,0.0,0.0,0.1200000000000001,1.2687400936986455,0.03,Valid,0.47,0.206,22.72417088910832,0.3656299531506773,0.0039061178807098394,0.22260714016463692,0.0,0.0,-0.0720697657081821,-0.043348996517602
TRN-0716,1.6888607724380362,0.0,0.0,0.0,0.0474101280111536,0.0,0.0,0.19999999999999996,1.4414506444268826,0.05,Valid,0.45,0.186,15.503933346801354,0.2792746777865587,0.01347557852060631,0.46479361145578,0.0,0.0,-0.0788665910945898,-0.0474101280111536
TRN-0678,1.0823159992457811,0.0,0.0,0.0,0.1100535662832836,0.0,0.0,0.040000000000000036,0.9322624329624976,0.01,Valid,0.49,0.22599999999999998,19.71777400719138,0.5338687835187512,0.001435673697785303,0.22327611745156578,0.0,0.0,0.1846691344827178,0.1100535662832836
TRN-0978,2.111196399648575,0.0,0.0,0.0,0.4340333237906949,0.0,0.0,0.28,1.3971630758578804,0.07,Valid,0.43,0.16599999999999998,21.103495550022355,0.30141846207105977,0.005876384445185683,0.3053639268119606,0.0,0.0,0.7268908881996445,0.4340333237906949
TRN-0350,1.4393679104941517,0.0,0.0,0.0,0.0829282883979647,0.0,0.0,0.0,1.356439622096187,0.0,Valid,0.5,0.236,17.427310882921287,0.32178018895190647,0.0023993260447198956,0.2867814123215503,0.0,0.0,0.1392714965000419,0.0829282883979647
TRN-0924,2.062978247615396,0.0,0.0,0.0,0.1601620665210624,0.0,0.0,0.52,1.3828161810943336,0.13,Valid,0.37,0.10599999999999998,14.780720292250788,0.3085919094528332,0.004026619959027548,0.13248391512067514,0.0,0.0,-0.2675714481640234,-0.1601620665210624
TRN-0918,3.8622970642917958,0.0,0.0,0.0,0.0198461733917479,1.0,1.0,0.7200000000000002,1.122450890900048,0.82,Invalid,0.31999999999999995,0.584,19.05382677793104,0.43877455454997605,0.04527028312816842,0.1609021994874953,1.0,1.0,0.0336954713495778,0.0198461733917479
TRN-0552,1.9947387530725202,0.0,0.0,0.0,0.418461423071081,0.0,0.0,0.24,1.3362773300014392,0.06,Valid,0.44,0.176,39.247202434372426,0.3318613349992804,0.007039479975886297,0.4659971854393122,0.0,0.0,0.7008293114460358,0.418461423071081
TRN-0999,1.370237998174001,0.0,0.0,0.0,0.0677135504764073,0.0,0.0,0.0,1.3025244476975937,0.0,Valid,0.5,0.236,15.803653890283092,0.3487377761512032,0.0020461215822691337,0.2637855185532175,0.0,0.0,0.1138076775823382,0.0677135504764073
TRN-0444,1.6719358426936985,0.0,0.0,0.0,0.1942026893080431,0.0,0.0,0.040000000000000036,1.4377331533856554,0.01,Valid,0.49,0.22599999999999998,20.382321316657983,0.2811334233071722,0.0026314532287504727,0.28178078125264777,0.0,0.0,0.3255035045411087,0.1942026893080431
TRN-0118,1.5012723393379344,0.0,0.0,0.0,0.1860250503823875,0.0,0.0,0.0,1.3152472889555469,1.0,Invalid,0.5,0.764,16.090280009084555,0.34237635552222656,0.013553341877824556,0.16126461574896314,0.0,0.0,0.3118171750196374,0.1860250503823875
TRN-0950,7.491024649978986,0.0,0.0,0.0,5.975262729321478,0.0,0.0,0.2400000000000002,1.275761920657508,0.94,Invalid,0.43999999999999995,0.704,42.81952850997367,0.36211903967124603,0.003909928980618497,0.22060433485429848,0.0,0.0,10.000850314340555,5.975262729321478
TRN-0642,3.0220764352684735,0.0,0.0,0.0,0.1157059588634856,0.0,0.0,1.52,1.3863704764049878,0.62,Invalid,0.12,0.384,18.457081518867074,0.30681476179750605,0.052151590472576205,0.058325101911202416,0.0,0.0,0.1941291397654971,0.1157059588634856
TRN-0953,2.0036276740402377,0.0,0.0,0.0,0.3990364936124782,0.0,0.0,0.1200000000000001,1.4845911804277594,0.03,Valid,0.47,0.206,41.04570485801524,0.25770440978612036,0.005100736540736001,1.2471159507142642,0.0,0.0,0.6683191960057826,0.3990364936124782
TRN-0821,1.5162030614141966,0.0,0.0,0.0,0.2123946370868339,0.0,0.0,0.0,1.3038084243273627,0.0,Valid,0.5,0.236,29.2401300968053,0.34809578783631867,0.0018841260196757767,0.2729395945511789,0.0,0.0,0.3559500667091697,0.2123946370868339
TRN-0487,0.9459900245751869,0.0,0.0,0.0,0.2010282161967633,0.0,0.0,0.0,0.7449618083784235,0.0,Valid,0.5,0.236,23.023131657874544,0.6275190958107882,0.001373462593438949,0.21552470860645373,0.0,0.0,0.3369269008301785,0.2010282161967633
TRN-0871,1.8463507957600314,0.0,0.0,0.0,0.0510263974384037,0.0,0.0,0.48,1.3153243983216276,0.12,Valid,0.38,0.11599999999999999,32.334615592929154,0.3423378008391862,0.0027515534877256853,0.3209536652317016,0.0,0.0,0.0858795827704206,0.0510263974384037
TRN-0683,1.3658274358255729,0.0,0.0,0.0,0.0624832376408154,0.0,0.0,0.08000000000000007,1.2233441981847575,0.98,Invalid,0.48,0.744,19.239520768658792,0.38832790090762126,0.029217674843085285,0.33607548694499834,0.0,0.0,0.1050540769869741,0.0624832376408154
TRN-0555,1.5396415460937896,0.0,0.0,0.0,0.2302724966802751,0.0,0.0,0.0,1.3093690494135144,0.0,Valid,0.5,0.236,21.316769063201235,0.34531547529324275,0.0027498253589625056,0.21233136608410347,0.0,0.0,0.3858709619405296,0.2302724966802751
TRN-0085,1.6627788943612627,0.0,0.0,0.0,0.2328622966710126,0.0,0.0,0.0,1.4299165976902501,0.0,Valid,0.5,0.236,12.968712845282722,0.28504170115487487,0.005873539176717172,0.11763756069626854,0.0,0.0,0.3902053249993749,0.2328622966710126
TRN-0685,1.537131728956766,0.0,0.0,0.0,0.1642271324658928,0.0,0.0,0.040000000000000036,1.3329045964908732,0.01,Valid,0.49,0.22599999999999998,36.66227524844127,0.33354770175456344,0.0031920783862199368,0.2810307771451095,0.0,0.0,-0.2743748583602006,-0.1642271324658928
TRN-0888,3.247587386976594,0.0,0.0,0.0,0.1149021781201293,0.0,0.0,1.92,1.212685208856465,0.48,Invalid,0.020000000000000018,0.244,34.315259383378745,0.39365739557176743,0.10831508005120549,0.5216769299483968,0.0,0.0,0.1927839094103056,0.1149021781201293
TRN-0609,1.3774829066042709,0.0,0.0,0.0,0.2437099669146824,0.0,0.0,0.0,1.1337729396895884,0.0,Valid,0.5,0.236,22.046089212566883,0.43311353015520576,0.002149896400751377,0.12829871142653365,0.0,0.0,-0.4073995948955655,-0.2437099669146824
TRN-0182,1.3417825531295982,0.0,0.0,0.0,0.0494951266493258,0.0,0.0,0.040000000000000036,1.2522874264802724,0.01,Valid,0.49,0.22599999999999998,29.87757818005354,0.37385628675986377,0.0024962786676961993,0.38218769000266656,0.0,0.0,0.0833168043454435,0.0494951266493258
TRN-0211,1.570346665153826,0.0,0.0,0.0,0.146055169319654,0.0,0.0,0.1200000000000001,1.304291495834172,0.03,Valid,0.47,0.206,40.45311947979501,0.347854252082914,0.0036975063331855023,0.35832862877250143,0.0,0.0,-0.2439617430426253,-0.146055169319654
TRN-0574,1.5935610109144145,0.0,0.0,0.0,0.0593755735477689,0.0,0.0,0.1200000000000001,1.4141854373666456,0.03,Valid,0.47,0.206,56.16333239193555,0.2929072813166772,0.004429477107124972,0.24825404426836578,0.0,0.0,-0.0988923016907818,-0.0593755735477689
TRN-0648,1.198850698839187,0.0,0.0,0.0,0.0169022611158309,0.0,0.0,0.0,1.181948437723356,0.0,Valid,0.5,0.236,28.61538406526974,0.40902578113832194,0.004174240328089903,0.5435465944492498,0.0,0.0,-0.0278077557605147,-0.0169022611158309
TRN-0665,1.5002495684173907,0.0,0.0,0.0,0.0186030348636685,0.0,0.0,0.040000000000000036,1.441646533553722,0.01,Valid,0.49,0.22599999999999998,17.817945956290643,0.279176733223139,0.04024167306814083,0.1939647707759468,0.0,0.0,0.0316149192867136,0.0186030348636685
TRN-0966,1.4728935107859327,0.0,0.0,0.0,0.1236360472020523,0.0,0.0,0.0,1.3492574635838803,0.0,Valid,0.5,0.236,13.891819573786758,0.3253712682080598,0.0022353696051201103,0.11849785056582848,0.0,0.0,-0.2064404614510682,-0.1236360472020523
TRN-0064,1.586315018943501,0.0,0.0,0.0,0.232366698346791,0.0,0.0,0.040000000000000036,1.31394832059671,0.01,Valid,0.49,0.22599999999999998,27.22695703801484,0.3430258397016451,0.002642818986096432,0.13324125092210182,0.0,0.0,-0.3884151774026811,-0.232366698346791
TRN-0499,7.7137647692191145,0.0,0.0,0.0,6.504754087701245,0.0,0.0,0.0,1.2090106815178694,1.0,Invalid,0.5,0.764,18.82906474328213,0.3954946592410653,0.006523802572120042,0.47117603599097074,0.0,0.0,10.88702213917152,6.504754087701245
TRN-0334,1.8711971159250176,0.0,0.0,0.0,0.2735593222060385,0.0,0.0,0.28,1.317637793718979,0.07,Valid,0.43,0.16599999999999998,44.50015540259538,0.3411811031405105,0.003420448644294768,0.35668963183934305,0.0,0.0,-0.4573563264454634,-0.2735593222060385
TRN-0352,1.3405212771032349,0.0,0.0,0.0,0.1283624125933754,0.0,0.0,0.0,1.2121588645098595,0.0,Valid,0.5,0.236,15.72090111163572,0.3939205677450702,0.0024266107071826237,0.11075427385769572,0.0,0.0,-0.2143506412441116,-0.1283624125933754
TRN-0448,1.5957764719031986,0.0,0.0,0.0,0.1896024633426551,0.0,0.0,0.08000000000000007,1.3261740085605433,0.02,Valid,0.48,0.216,28.44929092347192,0.3369129957197283,0.0024089815099045467,0.2071037873734041,0.0,0.0,0.3178044352855558,0.1896024633426551
TRN-0701,2.0219445872480106,0.0,0.0,0.0,0.0004820555933369,0.0,0.0,0.6000000000000001,1.4214625316546736,0.15,Valid,0.35,0.086,38.59580601558315,0.28926873417266313,0.009903095431070534,0.24826928628604006,0.0,0.0,-0.000326431917017,-0.0004820555933369
TRN-0077,1.7745352306761815,0.0,0.0,0.0,0.2427533451839015,0.0,0.0,0.08000000000000007,1.45178188549228,0.98,Invalid,0.48,0.744,34.89448123831795,0.2741090572538601,0.015374379652309044,0.6411210419910455,0.0,0.0,0.4067592656283203,0.2427533451839015
TRN-0900,2.021518573374041,0.0,0.0,0.0,0.2470847017956534,0.0,0.0,0.3999999999999999,1.374433871578388,0.1,Valid,0.4,0.13599999999999998,15.445326806545149,0.31278306421080604,0.020013580059781582,0.1779586190975782,0.0,0.0,0.4140083474724036,0.2470847017956534
TRN-0034,1.8255162037770025,0.0,0.0,0.0,0.1873106794083264,0.0,0.0,0.24,1.3982055243686762,0.06,Valid,0.44,0.176,23.964974262436304,0.3008972378156619,0.005339024661412416,0.12480030457596228,0.0,0.0,0.3139688403904532,0.1873106794083264
TRN-0239,2.075406648547411,0.0,0.0,0.0,0.245987494574772,0.0,0.0,0.32000000000000006,1.509419153972639,0.08,Valid,0.42,0.15599999999999997,14.763125373781564,0.2452904230136806,0.005806116315793905,0.10994172330403909,0.0,0.0,-0.41121133008388,-0.245987494574772
TRN-0535,2.397301766861881,0.0,0.0,0.0,0.1611021707924513,0.0,0.0,0.8399999999999999,1.3961995960694296,0.79,Invalid,0.29000000000000004,0.554,35.88395102808233,0.3019002019652853,0.019047204142470443,0.20966041393955512,0.0,0.0,-0.2691448334601638,-0.1611021707924513
TRN-0373,1.6754981007993917,0.0,0.0,0.0,0.3551994081387715,0.0,0.0,0.040000000000000036,1.2802986926606201,0.01,Valid,0.49,0.22599999999999998,18.691746136820367,0.35985065366968993,0.0022983922475813693,0.14904700321506165,0.0,0.0,0.5949522006531538,0.3551994081387715
TRN-0539,1.5707153884933158,0.0,0.0,0.0,0.210230336335237,0.0,0.0,0.0,1.360485052158079,0.0,Valid,0.5,0.236,16.117210393215984,0.3197574739209605,0.0032024468623088366,0.2742325698577164,0.0,0.0,-0.351367131181636,-0.210230336335237
TRN-0141,1.4504060467481033,0.0,0.0,0.0,0.0943358353243483,0.0,0.0,0.0,1.3560702114237548,0.0,Valid,0.5,0.236,16.212618427500818,0.32196489428812264,0.0026020209786607987,0.13579633023784252,0.0,0.0,0.158363492085261,0.0943358353243483
TST-0278,1.389230228264532,0.0,0.0,0.0,0.120515400292944,0.0,0.0,0.1200000000000001,1.1487148279715877,0.97,Invalid,0.47,0.734,33.408904221708305,0.4256425860142062,0.025149392334391268,0.6914627107858112,0.0,0.0,-0.2016980079233583,-0.120515400292944
TST-0006,1.228823551942921,0.0,0.0,0.0,0.0197673467505812,0.0,0.0,0.0,1.2090562051923397,0.0,Valid,0.5,0.236,18.834118496954968,0.39547189740383015,0.002736687884243034,0.19432051331243677,0.0,0.0,-0.0330831947770242,-0.0197673467505812
TST-0047,1.9855443438903007,0.0,0.0,0.0,0.2253002494435169,0.0,0.0,0.19999999999999996,1.5602440944467837,0.05,Valid,0.45,0.186,59.376584547379245,0.21987795277660815,0.0024590477072337228,1.2721126570772108,0.0,0.0,-0.3770689172249604,-0.2253002494435169
TST-0311,1.3650195198446229,0.0,0.0,0.0,0.2296328418138828,0.0,0.0,0.0,1.13538667803074,0.0,Valid,0.5,0.236,26.19571126470932,0.43230666098462994,0.001957132671692333,0.18378892648903525,0.0,0.0,-0.3843200672698721,-0.2296328418138828
TST-0264,1.1147587662615104,0.0,0.0,0.0,0.1816469675405713,0.0,0.0,0.0,0.933111798720939,1.0,Invalid,0.5,0.764,18.16606646667824,0.5334441006395305,0.01337568927620529,0.3248405217095491,0.0,0.0,0.3040095407656977,0.1816469675405713
TST-0169,1.4986935381377977,0.0,0.0,0.0,0.239142471674031,0.0,0.0,0.1200000000000001,1.1395510664637667,0.03,Valid,0.47,0.206,19.428683393184,0.43022446676811665,0.0018454931657057732,0.15167512917589662,0.0,0.0,0.4002356547733612,0.239142471674031
TST-0269,1.3515704631971062,0.0,0.0,0.0,0.0568272208754265,0.0,0.0,0.040000000000000036,1.2547432423216796,0.01,Valid,0.49,0.22599999999999998,18.813919557676726,0.3726283788391602,0.001909587044938577,1.6898165368287525,0.0,0.0,-0.0951076561048047,-0.0568272208754265
TST-0178,6.437013422030536,0.0,3.0,2.0,0.1046906082557734,0.0,0.0,0.0,1.3323228137747627,1.0,Invalid,0.5,0.764,15.102410370805018,0.33383859311261865,0.012545146744155232,0.24624356720781082,0.0,0.0,0.1752131850547442,0.1046906082557734
TST-0206,3.628343733031866,0.0,0.0,0.0,0.5289203824884542,0.0,0.0,1.7999999999999998,1.299423350543412,0.55,Invalid,0.050000000000000044,0.31400000000000006,42.81124155383272,0.3502883247282939,0.10758858498350654,3.173045715583663,0.0,0.0,0.8852162233097438,0.5289203824884542
TST-0038,1.5306318536402785,0.0,0.0,0.0,0.3267872193784373,0.0,0.0,0.040000000000000036,1.1638446342618411,0.01,Valid,0.49,0.22599999999999998,18.153422602233512,0.4180776828690794,0.002037313120697111,0.18331803587854514,0.0,0.0,0.5469204019007297,0.3267872193784373
TST-0213,4.6496206807065965,3.0,0.0,0.0,0.1987238730406698,0.0,0.0,0.16000000000000014,1.2908968076659264,0.96,Invalid,0.45999999999999996,0.724,14.944263788905976,0.3545515961670368,0.02329209376150782,0.19027238497167143,0.0,0.0,-0.3325899364038722,-0.1987238730406698
TST-0309,1.7127906645363664,0.0,0.0,0.0,0.322133215039118,0.0,0.0,0.0,1.3906574494972483,0.0,Valid,0.5,0.236,15.806346454439211,0.30467127525137583,0.0047345938187302134,0.18460235151463714,0.0,0.0,0.5391313276261922,0.322133215039118
TST-0059,1.3615068008899454,0.0,0.0,0.0,0.0140626029559966,0.0,0.0,0.040000000000000036,1.3074441979339486,0.01,Valid,0.49,0.22599999999999998,33.81095575334504,0.34627790103302564,0.002849495877296878,0.38426645874848214,0.0,0.0,-0.0235355730101467,-0.0140626029559966
TST-0159,1.2282441156147832,0.0,0.0,0.0,0.0917376139008659,0.0,0.0,0.040000000000000036,1.0965065017139173,0.01,Valid,0.49,0.22599999999999998,18.602027667775022,0.45174674914304136,0.0027747700077474487,0.11383101220869898,0.0,0.0,0.1535346846168188,0.0917376139008659
TST-0235,1.3257564977741678,0.0,0.0,0.0,0.1159433209986803,0.0,0.0,0.0,1.2098131767754876,0.0,Valid,0.5,0.236,20.078330613849428,0.39509341161225614,0.002445205310506495,0.23985525307950006,0.0,0.0,-0.1940460457386166,-0.1159433209986803
TST-0230,1.434972139696038,0.0,0.0,0.0,0.0211829045235453,0.0,0.0,0.040000000000000036,1.3737892351724927,0.01,Valid,0.49,0.22599999999999998,21.18630784666592,0.31310538241375363,0.002200382362649708,0.17049051620034575,0.0,0.0,-0.0354523126010803,-0.0211829045235453
TST-0323,1.8215941131032918,0.0,0.0,0.0,0.3297444214898099,0.0,0.0,0.0,1.4918496916134818,0.0,Valid,0.5,0.236,36.41291005922788,0.25407515419325905,0.008312165562262065,0.5817714227135269,0.0,0.0,0.551869659617509,0.3297444214898099
TST-0262,1.4920560690892677,0.0,0.0,0.0,0.1886944651311214,0.0,0.0,0.040000000000000036,1.2633616039581463,0.01,Valid,0.49,0.22599999999999998,18.439383873205717,0.36831919802092683,0.0017096147594358037,0.29177715601966525,0.0,0.0,0.3158044335462335,0.1886944651311214
TST-0274,1.5182312368888922,0.0,0.0,0.0,0.0317761527013597,0.0,0.0,0.040000000000000036,1.4464550841875323,0.01,Valid,0.49,0.22599999999999998,14.117469363719144,0.2767724579062339,0.003967259759210731,0.15696091334800644,0.0,0.0,-0.0531814745978813,-0.0317761527013597
TST-0214,1.9422432082729852,0.0,0.0,0.0,0.1233085921448456,0.0,0.0,0.48,1.3389346161281397,0.12,Valid,0.38,0.11599999999999999,47.67703828010392,0.33053269193593016,0.001257688581347274,0.3075586928738592,0.0,0.0,0.2063727733965414,0.1233085921448456
TST-0024,1.5348570800663641,0.0,0.0,0.0,0.3207118635216592,0.0,0.0,0.0,1.2141452165447049,0.0,Valid,0.5,0.236,40.52874810584514,0.39292739172764757,0.003074888021294025,0.10949368062448514,0.0,0.0,0.5367525132262614,0.3207118635216592
TST-0234,2.3841517770307714,0.0,0.0,0.0,0.0280035155181449,0.0,1.0,0.040000000000000036,1.3161482615126263,0.01,Valid,0.49,0.22599999999999998,17.91662488294489,0.3419258692436868,0.003640534859433128,0.11168722806445076,0.0,1.0,-0.0468674815096754,-0.0280035155181449
TST-0333,1.5569578448663597,0.0,0.0,0.0,0.0173041823952752,0.0,0.0,0.19999999999999996,1.3396536624710846,0.05,Valid,0.45,0.186,21.708461543079316,0.3301731687644577,0.004451127780691989,0.2170241396877779,0.0,0.0,0.0289607727260214,0.0173041823952752
TST-0060,1.399614158978412,0.0,0.0,0.0,0.0200485287741637,0.0,0.0,0.0,1.3795656302042483,0.0,Valid,0.5,0.236,20.527722202063355,0.3102171848978758,0.004490525257622761,0.3372808468677187,0.0,0.0,0.033553789023756,0.0200485287741637
TST-0226,1.6246377552838318,0.0,0.0,0.0,0.0713919271639495,0.0,0.0,0.19999999999999996,1.3532458281198823,0.05,Valid,0.45,0.186,35.70802606753224,0.32337708594005893,0.007729018539860351,0.30252784746207234,0.0,0.0,0.1194835635593136,0.0713919271639495
TST-0197,1.5631929256337642,0.0,0.0,0.0,0.1346454591655872,0.0,0.0,0.040000000000000036,1.388547466468177,0.01,Valid,0.49,0.22599999999999998,15.65675971099424,0.3057262667659116,0.00247460153277175,0.11525866382397815,0.0,0.0,-0.2253464770777089,-0.1346454591655872
TST-0346,2.6505657853721805,0.0,0.0,0.0,0.0309209686078706,0.0,0.0,1.24,1.3796448167643098,0.31,Invalid,0.19,0.07400000000000001,41.51037895226555,0.3101775916178451,0.09752259293734677,0.27436548730191884,0.0,0.0,0.0517502141312089,0.0309209686078706
TST-0192,1.8095655411110627,0.0,0.0,0.0,0.2239277271027669,0.0,0.0,0.19999999999999996,1.3856378140082959,0.05,Valid,0.45,0.186,26.40391691750689,0.30718109299585206,0.005478217550200609,0.24761857975033325,0.0,0.0,0.374771824726519,0.2239277271027669
TST-0141,1.660767233056363,0.0,0.0,0.0,0.3541826436994871,0.0,0.0,0.19999999999999996,1.106584589356876,0.05,Valid,0.45,0.186,30.304385272534955,0.44670770532156195,0.004047865131167745,0.3043381965904669,0.0,0.0,0.5927701646558585,0.3541826436994871
TST-0222,3.5892157774896627,0.0,0.0,2.0,0.3033040461845563,0.0,0.0,0.1200000000000001,1.1659117313051062,0.97,Invalid,0.47,0.734,37.95675875306226,0.4170441343474469,0.01274255457334267,0.6188880625699253,0.0,0.0,-0.5076182941085996,-0.3033040461845563
TST-0232,1.6033837302154468,0.0,0.0,0.0,0.3072233438477003,0.0,0.0,0.0,1.2961603863677464,0.0,Valid,0.5,0.236,19.05948171953672,0.3519198068161268,0.0028345510297451606,0.14248711883183973,0.0,0.0,0.5141777423549918,0.3072233438477003
TST-0085,1.3629906132449916,0.0,0.0,0.0,0.0712773315399961,0.0,0.0,0.040000000000000036,1.2517132817049954,0.01,Valid,0.49,0.22599999999999998,23.743512648847016,0.37414335914750224,0.004716095987447054,0.2468751553824453,0.0,0.0,0.1192917730577516,0.0712773315399961
TST-0237,1.5763731623621708,0.0,0.0,0.0,0.0307703788309519,0.0,0.0,0.24,1.305602783531219,0.06,Valid,0.44,0.176,33.24336057506138,0.3471986082343906,0.0031520706310469624,0.35471121090727525,0.0,0.0,-0.0514981827896185,-0.0307703788309519
TST-0001,1.4127630845707362,0.0,0.0,0.0,0.0169905449503708,0.0,0.0,0.0,1.3957725396203653,0.0,Valid,0.5,0.236,36.43740439798293,0.3021137301898174,0.004392494075315135,0.6412307307119738,0.0,0.0,0.0284358601613732,0.0169905449503708
TST-0069,1.9984141684053216,0.0,0.0,0.0,0.022907390253527,0.0,0.0,0.6400000000000001,1.3355067781517946,0.16,Valid,0.33999999999999997,0.07599999999999998,16.103918216298453,0.33224661092410274,0.0021521724878920635,0.31451238411660887,0.0,0.0,0.0383384610566643,0.022907390253527
TST-0272,1.8461773701389175,0.0,0.0,0.0,0.383264104889633,0.0,0.0,0.08000000000000007,1.3829132652492844,0.02,Valid,0.48,0.216,22.839384153300195,0.3085433673753578,0.007720170344965554,0.25452473780177576,0.0,0.0,0.6414417267574226,0.383264104889633
TST-0343,1.7274381706152817,0.0,0.0,0.0,0.226228142873786,0.0,0.0,0.08000000000000007,1.4212100277414956,0.02,Valid,0.48,0.216,33.7630417403061,0.2893949861292522,0.006358692771833349,0.5135132128157598,0.0,0.0,0.378621866109464,0.226228142873786
TST-0320,1.6108260387842515,0.0,0.0,0.0,0.0044442619035144,0.0,0.0,0.32000000000000006,1.286381776880737,0.08,Valid,0.42,0.15599999999999997,26.47464722236108,0.3568091115596314,0.004596089127361718,0.1501767833894983,0.0,0.0,-0.007438043357526,-0.0044442619035144
TST-0008,1.5167657771620726,0.0,0.0,0.0,0.1856609780448331,0.0,0.0,0.08000000000000007,1.2511047991172395,0.98,Invalid,0.48,0.744,29.766771762299097,0.37444760044138026,0.012142292423172362,0.5944818809547753,0.0,0.0,0.310727503121754,0.1856609780448331
TST-0144,1.596808267892321,0.0,0.0,0.0,0.1114419045145263,0.0,0.0,0.0,1.4853663633777947,0.0,Valid,0.5,0.236,23.55311352329763,0.25731681831110265,0.00774509516945751,0.20845195533938937,0.0,0.0,-0.1865123468463565,-0.1114419045145263
TST-0184,1.4264130448848484,0.0,0.0,0.0,0.2852453770221245,0.0,0.0,0.0,1.141167667862724,0.0,Valid,0.5,0.236,22.480801838985908,0.429416166068638,0.004675364922774384,0.1171123701114701,0.0,0.0,0.477394790830548,0.2852453770221245
TST-0107,1.8504931746074116,0.0,0.0,0.0,0.0962670096387009,0.0,0.0,0.19999999999999996,1.5542261649687108,0.05,Valid,0.45,0.186,56.93887588511396,0.22288691751564463,0.0036653467057108056,1.904304654739989,0.0,0.0,0.1611152103852866,0.0962670096387009
TST-0026,1.4431925158296481,0.0,0.0,0.0,0.2424267068372573,0.0,0.0,0.0,1.200765808992391,0.0,Valid,0.5,0.236,42.076511608345925,0.39961709550380453,0.0037972615545962627,0.5276227421089709,0.0,0.0,-0.4057322443242768,-0.2424267068372573
TST-0164,1.5921498711529327,0.0,0.0,0.0,0.1985161557500779,0.0,0.0,0.15999999999999992,1.233633715402855,0.04,Valid,0.46,0.19599999999999998,40.81746390131951,0.3831831422985725,0.006031506340502919,1.0536398791846853,0.0,0.0,-0.3322422948275942,-0.1985161557500779
TST-0217,1.6495542108536625,0.0,0.0,0.0,0.1400095361708908,0.0,0.0,0.0,1.5095446746827716,0.0,Valid,0.5,0.236,32.85265398017093,0.2452276626586142,0.008260249634940308,0.14299395123215192,0.0,0.0,0.234323949199009,0.1400095361708908
TST-0332,3.614916396117943,0.0,0.0,0.0,0.2516993697312256,1.0,1.0,0.08000000000000007,1.2832170263867173,0.98,Invalid,0.48,0.744,28.04140840773417,0.3583914868066414,0.04042981523926885,0.2268574181094002,1.0,1.0,0.4212512371609769,0.2516993697312256
TST-0279,1.3767237812364717,0.0,0.0,0.0,0.100568695801394,0.0,0.0,0.040000000000000036,1.2361550854350776,0.01,Valid,0.49,0.22599999999999998,24.19990100556355,0.3819224572824612,0.0031033944174299385,0.23091558310649854,0.0,0.0,-0.1683146349203887,-0.100568695801394
TST-0243,1.5499325874873837,0.0,0.0,0.0,0.2514625709895321,0.0,0.0,0.0,1.2984700164978515,0.0,Valid,0.5,0.236,19.132896937644283,0.3507649917510743,0.0016083226698031135,0.17972105088886633,0.0,0.0,0.4208549240394816,0.2514625709895321
TST-0163,0.9296616933227595,0.0,0.0,0.0,0.1597431163973519,0.0,0.0,0.0,0.7699185769254075,0.0,Valid,0.5,0.236,20.70443747078204,0.6150407115372962,0.0029410269560659666,0.20812317870049776,0.0,0.0,-0.2673506313591147,-0.1597431163973519
TST-0131,1.6780274247956868,0.0,0.0,0.0,0.0041230466385819,0.0,0.0,0.28,1.3939043781571048,0.07,Valid,0.43,0.16599999999999998,30.732703491898725,0.30304781092144756,0.004418602517858375,0.18646234470598097,0.0,0.0,0.0069004483373547,0.0041230466385819
TST-0070,1.9343222215778146,0.0,0.0,0.0,0.4100333784919059,0.0,0.0,0.15999999999999992,1.3642888430859088,0.04,Valid,0.46,0.19599999999999998,16.116284376095646,0.3178555784570456,0.003076146429638843,0.26767211993662704,0.0,0.0,0.6862435458279261,0.4100333784919059
TST-0137,1.0382587172724653,0.0,0.0,0.0,0.0559309589914498,0.0,0.0,0.0,0.9823277582810155,0.0,Valid,0.5,0.236,19.25390076673837,0.5088361208594923,0.0034025214424937803,0.13910614989429426,0.0,0.0,0.0936076466774924,0.0559309589914498
TST-0210,1.4145530137760818,0.0,0.0,0.0,0.2727082020073995,0.0,0.0,0.0,1.1418448117686824,0.0,Valid,0.5,0.236,30.226673236547096,0.4290775941156589,0.005133687245707014,0.3236293678165206,0.0,0.0,-0.4564122174888023,-0.2727082020073995
TST-0288,1.669326216522438,0.0,0.0,0.0,0.001279013971659,0.0,0.0,0.28,1.388047202550779,0.07,Valid,0.43,0.16599999999999998,20.960093453295315,0.3059763987246104,0.009701848149152037,0.19845750331719536,0.0,0.0,0.0021405942274821,0.001279013971659
TST-0248,1.609806572994806,0.0,0.0,0.0,0.1363597585732044,0.0,0.0,0.15999999999999992,1.3134468144216016,0.04,Valid,0.46,0.19599999999999998,19.896190804746496,0.3432765927891992,0.003374777696041228,0.6826314875503419,0.0,0.0,-0.2282155774139322,-0.1363597585732044
TST-0277,2.1226807752193686,0.0,0.0,0.0,0.0217205803836863,0.0,1.0,0.040000000000000036,1.060960194835682,0.01,Valid,0.49,0.22599999999999998,21.886837305513104,0.4695199025821591,0.004529845252414889,0.30387048846043074,0.0,1.0,-0.03635218224127,-0.0217205803836863
TST-0215,1.4028335673799472,0.0,0.0,0.0,0.2090787611771824,0.0,0.0,0.0,1.1937548062027648,0.0,Valid,0.5,0.236,21.620621812099,0.40312259689861757,0.0027706197156595522,0.3586512531266252,0.0,0.0,0.3499201722436655,0.2090787611771824
TST-0138,1.5394890638396106,0.0,0.0,0.0,0.202824086307964,0.0,0.0,0.0,1.3366649775316466,0.0,Valid,0.5,0.236,15.979914345007536,0.3316675112341767,0.0032202661959942172,0.16373265773776297,0.0,0.0,0.3394521701604205,0.202824086307964
TST-0228,1.2504550321721812,0.0,0.0,0.0,0.1400949242021611,0.0,0.0,0.0,1.11036010797002,0.0,Valid,0.5,0.236,18.03385378890344,0.44481994601499003,0.0011519946214435513,0.17076718899175297,0.0,0.0,0.2344668570412089,0.1400949242021611
TST-0252,1.4216202856553626,0.0,0.0,0.0,0.0720973130857652,0.0,0.0,0.0,1.3495229725695974,0.0,Valid,0.5,0.236,48.88039552754728,0.3252385137152013,0.002939473668984403,0.5425664082058639,0.0,0.0,0.1206641175374905,0.0720973130857652
TST-0205,1.782832340620744,0.0,0.0,0.0,0.226365720257974,0.0,0.0,0.19999999999999996,1.3564666203627702,0.05,Valid,0.45,0.186,29.100826657597626,0.32176668981861495,0.0026086032045790327,0.3939120938901722,0.0,0.0,0.3788521195398022,0.226365720257974
TST-0348,1.0706395902823747,0.0,0.0,0.0,0.003905233831249,0.0,0.0,0.040000000000000036,1.0267343564511255,0.01,Valid,0.49,0.22599999999999998,22.015850186945183,0.48663282177443723,0.0038099803507964064,0.295900111620861,0.0,0.0,-0.0065359106165949,-0.003905233831249
TST-0177,1.5732306683240358,0.0,0.0,0.0,0.1176116969821917,0.0,0.0,0.040000000000000036,1.4156189713418441,0.01,Valid,0.49,0.22599999999999998,22.76949055671081,0.29219051432907794,0.0015787201068288433,0.2696860153668309,0.0,0.0,-0.196838287323704,-0.1176116969821917
TST-0267,1.4286157343068309,0.0,0.0,0.0,0.0589179384254698,0.0,0.0,0.08000000000000007,1.289697795881361,0.02,Valid,0.48,0.216,38.55530142114113,0.35515110205931955,0.008268866328603875,0.47162048796226586,0.0,0.0,-0.0986067405699362,-0.0589179384254698
TST-0308,1.5071464928680713,0.0,0.0,0.0,0.1146225876130014,0.0,0.0,0.0,1.39252390525507,0.0,Valid,0.5,0.236,23.40560441438361,0.303738047372465,0.003786466348172862,0.08048342669790007,0.0,0.0,0.1918356287110683,0.1146225876130014
TST-0087,2.162312990185847,0.0,0.0,0.0,0.3234002903303337,0.0,0.0,0.3599999999999999,1.4789126998555138,0.91,Invalid,0.41000000000000003,0.674,47.0585451381272,0.26054365007224317,0.027630172937420653,0.8519222117946196,0.0,0.0,0.5412519409379009,0.3234002903303337
TST-0117,1.400099327715535,0.0,0.0,0.0,0.2744755477972316,0.0,0.0,0.0,1.1256237799183033,0.0,Valid,0.5,0.236,17.607895290053275,0.43718811004084834,0.0014357613401200613,0.3891784575201304,0.0,0.0,0.4593700977618162,0.2744755477972316
TST-0014,1.5194303304008565,0.0,0.0,0.0,0.1307699032141576,0.0,0.0,0.0,1.388660427186699,0.0,Valid,0.5,0.236,18.35566353871576,0.30566978640665055,0.005621223854824702,0.3333264589840581,0.0,0.0,0.218860236206428,0.1307699032141576
TST-0154,1.578035123964927,0.0,0.0,0.0,0.0724518043441165,0.0,0.0,0.08000000000000007,1.4255833196208105,0.02,Valid,0.48,0.216,24.188474022464305,0.28720834018959474,0.004174049521684625,0.4520795046223362,0.0,0.0,-0.1212574042084213,-0.0724518043441165
TST-0207,1.6759413148339932,0.0,0.0,0.0,0.1059409200020806,0.0,0.0,0.19999999999999996,1.3700003948319126,0.05,Valid,0.45,0.186,47.18384605982318,0.3149998025840437,0.0023951347327241033,1.0167494573565674,0.0,0.0,-0.1773057424200299,-0.1059409200020806
TST-0187,1.414477186192903,0.0,0.0,0.0,0.1613496418269493,0.0,0.0,0.0,1.2531275443659537,0.0,Valid,0.5,0.236,21.722917199547386,0.3734362278170232,0.003256912786275442,0.3588874421683993,0.0,0.0,-0.2700393580947882,-0.1613496418269493
TST-0236,1.2727902458070848,0.0,0.0,0.0,0.0206355550664335,0.0,0.0,0.0,1.2521546907406513,0.0,Valid,0.5,0.236,21.42349413677931,0.3739226546296744,0.00246596277825386,0.30258229790447755,0.0,0.0,-0.0345362529533588,-0.0206355550664335
TST-0283,2.029314317598994,0.0,0.0,0.0,0.1360571435897359,0.0,0.0,0.6800000000000002,1.2132571740092581,0.83,Invalid,0.32999999999999996,0.594,39.50510301317562,0.39337141299537093,0.04384001530511812,0.7793659143972439,0.0,0.0,-0.2277091123548196,-0.1360571435897359
TST-0089,1.3167467679762774,0.0,0.0,0.0,0.0987369856848953,0.0,0.0,0.0,1.2180097822913822,0.0,Valid,0.5,0.236,18.71167245575404,0.39099510885430894,0.001524948775984203,0.16417876427324557,0.0,0.0,0.1652490326762539,0.0987369856848953
TST-0202,1.4440015892522085,0.0,0.0,0.0,0.0819042684023366,0.0,0.0,0.08000000000000007,1.2820973208498718,0.02,Valid,0.48,0.216,23.69720222019249,0.35895133957506403,0.004258678678193267,0.3605991483095293,0.0,0.0,-0.1370773173969084,-0.0819042684023366
TST-0160,1.6432933611342664,0.0,0.0,0.0,0.2160629426166046,0.0,0.0,0.040000000000000036,1.3872304185176616,0.01,Valid,0.49,0.22599999999999998,18.142282105857163,0.3063847907411692,0.007849014775567958,0.12729691888076541,0.0,0.0,0.3616090973095289,0.2160629426166046
TST-0036,1.2537128093328604,0.0,0.0,0.0,0.1245981153028227,0.0,0.0,0.0,1.1291146940300378,0.0,Valid,0.5,0.236,24.94305412691006,0.4354426529849811,0.0023904773690151034,0.32640883123138553,0.0,0.0,-0.2085309560976966,-0.1245981153028227
TST-0275,1.850421992464168,0.0,0.0,0.0,0.026483270261682,0.0,0.0,0.56,1.263938722202486,0.14,Valid,0.36,0.09599999999999997,46.57522506107749,0.368030638898757,0.008720013804754843,1.6056463188478485,0.0,0.0,-0.0443231557302468,-0.026483270261682
TST-0023,1.4372895870124849,0.0,0.0,0.0,0.1826029548290238,0.0,0.0,0.0,1.254686632183461,0.0,Valid,0.5,0.236,34.62144978106004,0.3726566839082695,0.0020922066328828873,0.4738741803843982,0.0,0.0,0.30560950833177,0.1826029548290238
TST-0091,1.4446631175345237,0.0,0.0,0.0,0.1228804679569603,0.0,0.0,0.08000000000000007,1.2417826495775635,0.02,Valid,0.48,0.216,42.69597987015446,0.3791086752112182,0.00862202393363676,0.3967037017676361,0.0,0.0,-0.2056562525566292,-0.1228804679569603
TST-0151,1.469735662881811,0.0,0.0,0.0,0.0684307053624195,0.0,0.0,0.1200000000000001,1.2813049575193913,0.03,Valid,0.47,0.206,43.3323459738911,0.35934752124030434,0.0023607576611685945,0.36658426912038894,0.0,0.0,0.1145275783745489,0.0684307053624195
TST-0310,1.56619959354166,0.0,0.0,0.0,0.280193060373731,0.0,0.0,0.08000000000000007,1.2060065331679288,0.02,Valid,0.48,0.216,22.90661675620151,0.39699673341603553,0.0015582197415366724,0.18942376687066095,0.0,0.0,0.4689390897259429,0.280193060373731
TST-0239,1.8441805404392366,0.0,0.0,0.0,0.3305650601169949,0.0,0.0,0.1200000000000001,1.3936154803222416,0.03,Valid,0.47,0.206,15.122623091202067,0.3031922598388792,0.008642359039851518,0.18807903604900986,0.0,0.0,0.5532431038074286,0.3305650601169949
TST-0331,1.2986108753847703,0.0,0.0,0.0,0.1402047353233326,0.0,0.0,0.0,1.1584061400614376,0.0,Valid,0.5,0.236,32.067180145643505,0.4207969299692812,0.004369540147987149,0.2831567239566986,0.0,0.0,-0.2346506400625845,-0.1402047353233326
TST-0316,7.9384006153306625,0.0,0.0,2.0,4.374981257203092,0.0,0.0,0.16000000000000014,1.4034193581275711,0.96,Invalid,0.45999999999999996,0.724,13.942824357264346,0.2982903209362145,0.027129319932501044,0.1594648963160939,0.0,0.0,-7.322093293761043,-4.374981257203092
TST-0338,1.5916768338434837,0.0,0.0,0.0,0.08487216120074,0.0,0.0,0.08000000000000007,1.4268046726427437,0.02,Valid,0.48,0.216,14.326731905212654,0.28659766367862816,0.0030648097039606176,0.2363361382618868,0.0,0.0,-0.1420444673521252,-0.08487216120074
TST-0019,1.2962256286469482,0.0,0.0,0.0,0.0020473289481455,0.0,0.0,0.08000000000000007,1.2141782996988026,0.02,Valid,0.48,0.216,19.896980526769063,0.3929108501505987,0.014475196762432384,0.1508436952660051,0.0,0.0,0.0034264680646707,0.0020473289481455
TST-0168,1.7192058808639112,0.0,0.0,0.0,0.3305389346471662,0.0,0.0,0.040000000000000036,1.348666946216745,0.99,Invalid,0.49,0.754,13.69137590513846,0.3256665268916274,0.007442389302037691,0.37334232818284446,0.0,0.0,0.5531993794766983,0.3305389346471662
TST-0007,1.3919449357123088,0.0,0.0,0.0,0.1170053501486422,0.0,0.0,0.0,1.2749395855636667,0.0,Valid,0.5,0.236,18.845698072038864,0.3625302072181667,0.0013500174390358615,0.12326012077820372,0.0,0.0,0.1958234879856917,0.1170053501486422
TST-0211,1.5535655558402373,0.0,0.0,0.0,0.2341419183004389,0.0,0.0,0.0,1.3194236375397983,0.0,Valid,0.5,0.236,32.66031258628059,0.34028818123010085,0.0022963612164671123,0.42300585917156397,0.0,0.0,0.3918665861604182,0.2341419183004389
TST-0016,3.227378469407011,0.0,0.0,0.0,0.1865648558323461,0.0,0.0,1.64,1.4008136135746647,0.41,Invalid,0.09000000000000002,0.174,36.381544307392375,0.29959319321266764,0.05087963740040652,0.6539234976962279,0.0,0.0,-0.3122402587422339,-0.1865648558323461
TST-0027,1.749557595794361,0.0,0.0,0.0,0.0579264430341775,0.0,0.0,0.2400000000000002,1.4516311527601833,0.94,Invalid,0.43999999999999995,0.704,19.113479597775743,0.27418442361990836,0.016358588947744848,0.469078485031392,0.0,0.0,-0.0969473456311753,-0.0579264430341775
TST-0031,1.3180390156390998,0.0,0.0,0.0,0.0109355935041211,0.0,0.0,0.040000000000000036,1.2671034221349786,0.99,Invalid,0.49,0.754,16.30665219355098,0.36644828893251064,0.01214641848614317,0.5185597609346658,0.0,0.0,-0.0183021208897731,-0.0109355935041211
TST-0249,1.2746823569107983,0.0,0.0,0.0,0.0055434222504334,0.0,0.0,0.1200000000000001,1.1491389346603649,0.03,Valid,0.47,0.206,28.823131836228796,0.4254305326698176,0.0036740668841269987,0.21173084048631968,0.0,0.0,0.0092776294338534,0.0055434222504334
TST-0011,1.4388803502675704,0.0,0.0,0.0,0.1128324510878634,0.0,0.0,0.1200000000000001,1.206047899179707,0.03,Valid,0.47,0.206,16.062111800662755,0.39697605041014644,0.0018433765489350071,0.17355021215450475,0.0,0.0,0.1888396052140422,0.1128324510878634
TST-0080,1.762776673040864,0.0,0.0,0.0,0.2246119380344012,0.0,0.0,0.15999999999999992,1.378164735006463,0.04,Valid,0.46,0.19599999999999998,23.15939224819208,0.3109176324967685,0.010123516785882749,0.2478166514613467,0.0,0.0,0.3759169396377633,0.2246119380344012
TST-0121,2.778875211700744,0.0,0.0,0.0,0.5185884839897282,0.0,0.0,0.8799999999999999,1.3802867277110158,0.22,Valid,0.28,0.015999999999999986,15.849642539652908,0.30985663614449216,0.12774785329310676,0.2398030720958865,0.0,0.0,0.8679244635828223,0.5185884839897282
TST-0266,1.4775728596257554,0.0,0.0,0.0,0.0183754878955842,0.0,0.0,0.040000000000000036,1.4191973717301711,0.01,Valid,0.49,0.22599999999999998,16.816303516691168,0.2904013141349144,0.01014075689908394,0.8809407038337038,0.0,0.0,0.03075374013736,0.0183754878955842
TST-0198,1.588821859024583,0.0,0.0,0.0,0.0181043024573135,0.0,0.0,0.15999999999999992,1.4107175565672696,0.04,Valid,0.46,0.19599999999999998,21.68286265957677,0.29464122171636525,0.005903111081052295,0.36584383666003334,0.0,0.0,-0.030299876460651,-0.0181043024573135
TST-0067,1.504876372928386,0.0,0.0,0.0,0.131251542740961,0.0,0.0,0.040000000000000036,1.333624830187425,0.01,Valid,0.49,0.22599999999999998,30.644363207935807,0.3331875849062875,0.0020120918745032052,0.3860493983477464,0.0,0.0,0.2196663218424319,0.131251542740961
TST-0102,1.8485140401935312,0.0,0.0,0.0,0.4301275643496368,0.0,0.0,0.040000000000000036,1.3783864758438944,0.01,Valid,0.49,0.22599999999999998,21.28454491783237,0.31080676207805275,0.010248788316491491,0.5412352484824723,0.0,0.0,0.7198737478477035,0.4301275643496368
TST-0005,1.7376717969953765,0.0,0.0,0.0,0.0286894823399534,0.0,0.0,0.3599999999999999,1.3489823146554232,0.09,Valid,0.41000000000000003,0.146,38.23221137949633,0.3255088426722884,0.01503825822480769,1.0867499983656073,0.0,0.0,-0.0480155351287479,-0.0286894823399534
TST-0003,1.4588708514711823,0.0,0.0,0.0,0.0467345984816481,0.0,0.0,0.0,1.4121362529895343,0.0,Valid,0.5,0.236,30.02893182925959,0.29393187350523287,0.004389686919711342,0.41201468044170375,0.0,0.0,-0.0782163556851109,-0.0467345984816481
TST-0132,1.6270010019540777,0.0,0.0,0.0,0.094731319304599,0.0,0.0,0.0,1.5322696826494786,0.0,Valid,0.5,0.236,44.87219312423502,0.23386515867526075,0.004286570932619825,0.7683832833683546,0.0,0.0,-0.1585450352838258,-0.094731319304599
TST-0029,1.1938021419999676,0.0,0.0,0.0,0.1762208356081872,0.0,0.0,0.0,1.0175813063917805,0.0,Valid,0.5,0.236,26.263114310058462,0.49120934680410977,0.0023485704068081856,0.20828576580919403,0.0,0.0,0.2949282117502285,0.1762208356081872
TST-0221,1.6685119558848485,0.0,0.0,0.0,0.0339409604746371,0.0,0.0,0.15999999999999992,1.4745709954102115,0.04,Valid,0.46,0.19599999999999998,28.95364315013201,0.2627145022948942,0.004713607782981016,0.6167612333242825,0.0,0.0,-0.0568045585717609,-0.0339409604746371
TST-0099,1.448740316959261,0.0,0.0,0.0,0.1132714833949672,0.0,0.0,0.040000000000000036,1.2954688335642937,0.01,Valid,0.49,0.22599999999999998,17.248158334622907,0.3522655832178532,0.002406573433185975,0.1543248391136415,0.0,0.0,-0.189574382193097,-0.1132714833949672
TST-0062,1.4645916770876148,0.0,0.0,0.0,0.0716448885741713,0.0,0.0,0.08000000000000007,1.3129467885134436,0.02,Valid,0.48,0.216,17.312605459978634,0.34352660574327826,0.0027978790019913373,0.24791748701622807,0.0,0.0,-0.1199069269834005,-0.0716448885741713
TST-0095,1.2618292193049259,0.0,0.0,0.0,0.0296330203214298,0.0,0.0,0.040000000000000036,1.192196198983496,0.01,Valid,0.49,0.22599999999999998,27.18294211655161,0.403901900508252,0.0022180177655077146,0.35531039894403466,0.0,0.0,0.0495946671799316,0.0296330203214298
TST-0126,2.4607473584036557,0.0,0.0,0.0,0.2157740121431083,0.0,1.0,0.040000000000000036,1.2049733462605476,0.01,Valid,0.49,0.22599999999999998,17.73785027428653,0.3975133268697262,0.002463749738686652,0.26500376619847293,0.0,1.0,0.3611255350362352,0.2157740121431083
TST-0034,1.4182823162803124,0.0,0.0,0.0,0.0374399246583816,0.0,0.0,0.040000000000000036,1.3408423916219308,0.01,Valid,0.49,0.22599999999999998,50.84633924172039,0.32957880418903457,0.006858484461419723,0.2620859595863669,0.0,0.0,0.0626605247299529,0.0374399246583816
TST-0103,1.4851735025215775,0.0,0.0,0.0,0.1542764795592137,0.0,0.0,0.040000000000000036,1.2908970229623637,0.01,Valid,0.49,0.22599999999999998,15.839459791298792,0.3545514885188181,0.0017141109133893627,0.2211508052905733,0.0,0.0,0.2582015121792196,0.1542764795592137
TST-0245,1.2020858803378478,0.0,0.0,0.0,0.0416959735001142,0.0,0.0,0.19999999999999996,0.9603899068377337,0.05,Valid,0.45,0.186,22.79701799920233,0.5198050465811331,0.003689010599308263,0.20015823832512317,0.0,0.0,0.0697835693442954,0.0416959735001142
TST-0058,1.7234653157482343,0.0,0.0,0.0,0.2668152937333531,0.0,0.0,0.040000000000000036,1.4166500220148812,0.01,Valid,0.49,0.22599999999999998,50.63401754630176,0.2916749889925594,0.003300104016318701,0.5737545875256853,0.0,0.0,-0.4465496782874965,-0.2668152937333531
TST-0065,1.0594289134905877,0.0,0.0,0.0,0.0956926482934125,0.0,0.0,0.08000000000000007,0.883736265197175,0.02,Valid,0.48,0.216,26.7729359430356,0.5581318674014125,0.0021970537723452707,0.2971966230440923,0.0,0.0,-0.1601539428718297,-0.0956926482934125
TST-0086,1.455892951651648,0.0,0.0,0.0,0.0498710982807293,0.0,0.0,0.040000000000000036,1.3660218533709185,0.01,Valid,0.49,0.22599999999999998,19.187731470409865,0.31698907331454074,0.003856558634424471,0.24189373958566263,0.0,0.0,0.0834656911209883,0.0498710982807293
TST-0342,1.6642967622611176,0.0,0.0,0.0,0.1689025744374003,0.0,0.0,0.040000000000000036,1.455394187823717,0.01,Valid,0.49,0.22599999999999998,20.86359763615136,0.2723029060881415,0.0058884638310566055,0.12257875849514592,0.0,0.0,0.2826801613266099,0.1689025744374003
TST-0335,1.3748874461564826,0.0,0.0,0.0,0.0761741227103334,0.0,0.0,0.0,1.2987133234461492,0.0,Valid,0.5,0.236,18.17132861541356,0.35064333827692534,0.0026525450336430394,0.2185272601652562,0.0,0.0,0.1274871822907037,0.0761741227103334
TST-0180,8.298026980508697,0.0,0.0,2.0,5.045518874485002,0.0,0.0,0.0,1.2525081060236938,1.0,Invalid,0.5,0.764,18.34107561227227,0.3737459469881531,0.01019803902718558,0.26307776759953855,0.0,0.0,-8.44432415649465,-5.045518874485002
TST-0294,1.076855725300409,0.0,0.0,0.0,0.037720232773568,0.0,0.0,0.0,1.039135492526841,1.0,Invalid,0.5,0.764,23.79768669515771,0.4804322537365795,0.009610667634032647,0.3496430798359293,0.0,0.0,-0.0631296563786918,-0.037720232773568
TST-0072,1.552821498065901,0.0,0.0,0.0,0.1678073354382501,0.0,0.0,0.0,1.3850141626276509,0.0,Valid,0.5,0.236,20.177828046360563,0.3074929186861746,0.002809758736741861,0.20893049034965855,0.0,0.0,0.2808471381296442,0.1678073354382501
TST-0315,1.4227059099043318,0.0,0.0,0.0,0.0612516245925716,0.0,0.0,0.0,1.3614542853117602,0.0,Valid,0.5,0.236,45.62624943662065,0.3192728573441199,0.0038272737547317332,0.540106847905591,0.0,0.0,-0.1025124642357795,-0.0612516245925716
TST-0182,1.5733058046400106,0.0,0.0,0.0,0.0805001615305008,0.0,0.0,0.08000000000000007,1.4128056431095097,0.02,Valid,0.48,0.216,45.16249379075363,0.29359717844524513,0.0040898501324819455,0.44135755507331964,0.0,0.0,-0.134727364127265,-0.0805001615305008
TST-0200,1.5024815381710093,0.0,0.0,0.0,0.076552427374518,0.0,0.0,0.040000000000000036,1.3859291107964913,0.01,Valid,0.49,0.22599999999999998,21.99236358888085,0.30703544460175436,0.002660330468298646,0.491546010044171,0.0,0.0,0.1281203237561818,0.076552427374518
TST-0030,1.3945404051032986,0.0,0.0,0.0,0.1703039220272174,0.0,0.0,0.040000000000000036,1.1842364830760812,0.01,Valid,0.49,0.22599999999999998,16.332091266170437,0.4078817584619594,0.0018378985181197456,0.3742801865412545,0.0,0.0,0.285025496583243,0.1703039220272174
TST-0193,1.183138268250206,0.0,0.0,0.0,0.0446044325582716,0.0,0.0,0.040000000000000036,1.0985338356919345,0.01,Valid,0.49,0.22599999999999998,16.41565542059703,0.4507330821540328,0.0026072990360613423,0.13466191713451717,0.0,0.0,-0.0746512492983182,-0.0446044325582716
TST-0231,1.4671624487374715,0.0,0.0,0.0,0.1712016450754554,0.0,0.0,0.0,1.295960803662016,0.0,Valid,0.5,0.236,21.27482347688174,0.35201959816899203,0.0011883095287757754,0.24106627998354221,0.0,0.0,0.2865279514566978,0.1712016450754554
TST-0128,1.560486539372544,0.0,0.0,0.0,0.2912939128912066,0.0,0.0,0.040000000000000036,1.2291926264813373,0.01,Valid,0.49,0.22599999999999998,26.06887001190341,0.38540368675933134,0.003955309220861656,0.3428704152741104,0.0,0.0,0.4875177928093936,0.2912939128912066
TST-0165,1.418844239310953,0.0,0.0,0.0,0.1123149183956984,0.0,0.0,0.040000000000000036,1.2665293209152546,0.01,Valid,0.49,0.22599999999999998,28.38369976128963,0.3667353395423727,0.0031066814612594313,0.4471534460778233,0.0,0.0,0.1879734477537411,0.1123149183956984
TST-0074,1.7034264335771736,0.0,0.0,0.0,0.0003689875064561,0.0,0.0,0.32000000000000006,1.3830574460707175,0.08,Valid,0.42,0.15599999999999997,14.473057910182524,0.30847127696464127,0.008306511284256302,0.199871985898859,0.0,0.0,0.0006175480048185,0.0003689875064561
TST-0004,1.186408168190011,0.0,0.0,0.0,0.1395030108092172,0.0,0.0,0.0,1.0469051573807937,0.0,Valid,0.5,0.236,34.74562660688538,0.47654742130960315,0.0019774057369398466,0.3423394166578982,0.0,0.0,0.2334762139206638,0.1395030108092172
TST-0157,1.4964946442591893,0.0,0.0,0.0,0.1967974440096677,0.0,0.0,0.0,1.2996972002495215,0.0,Valid,0.5,0.236,23.8187659558402,0.35015139987523924,0.007388810375507204,0.45161700707786556,0.0,0.0,-0.3293658098854823,-0.1967974440096677
TST-0143,1.181956584561901,0.0,0.0,0.0,0.0329886175852796,0.0,0.0,0.19999999999999996,0.9489679669766213,0.05,Valid,0.45,0.186,27.73288343768616,0.5255160165116893,0.003526962902745,0.3295862651313521,0.0,0.0,0.0552106903758584,0.0329886175852796
TST-0179,1.5484364003117619,0.0,0.0,0.0,0.1836684636890585,0.0,0.0,0.0,1.3647679366227035,0.0,Valid,0.5,0.236,41.08341039960272,0.31761603168864827,0.001545993057853474,0.3464519127883932,0.0,0.0,0.3073927743207747,0.1836684636890585
TST-0075,1.7666583521572192,0.0,0.0,0.0,0.2549848506829684,0.0,0.0,0.15999999999999992,1.351673501474251,0.04,Valid,0.46,0.19599999999999998,27.7374948300991,0.3241632492628745,0.006585541868592673,0.28229248045876015,0.0,0.0,0.4267499116990514,0.2549848506829684
TST-0233,1.6240709306043009,0.0,0.0,0.0,0.0683383323675649,0.0,0.0,0.19999999999999996,1.3557325982367359,0.05,Valid,0.45,0.186,25.359167847374746,0.322133700881632,0.004455743545601282,0.6883895700247185,0.0,0.0,0.1143729802982633,0.0683383323675649
TST-0111,0.9115842545240814,0.0,0.0,0.0,0.1733516139419492,0.0,0.0,0.040000000000000036,0.6982326405821322,0.01,Valid,0.49,0.22599999999999998,26.286970302343832,0.6508836797089339,0.0020946242657682093,0.22263545962735387,0.0,0.0,0.2901262006133613,0.1733516139419492
TST-0350,1.428602847398881,0.0,0.0,0.0,0.0367505294635532,0.0,0.0,0.08000000000000007,1.3118523179353276,0.02,Valid,0.48,0.216,20.08627132638278,0.3440738410323362,0.011944366154446665,1.308955132276821,0.0,0.0,-0.0615067332881054,-0.0367505294635532
TST-0122,1.3019898453978234,0.0,0.0,0.0,0.0156756335017207,0.0,0.0,0.15999999999999992,1.1263142118961027,0.04,Valid,0.46,0.19599999999999998,17.57653174287602,0.4368428940519486,0.003823131169165617,0.550280532864808,0.0,0.0,-0.0262351868935279,-0.0156756335017207
TST-0076,1.4722066561868437,0.0,0.0,0.0,0.1523089270773242,0.0,0.0,0.0,1.3198977291095195,0.0,Valid,0.5,0.236,21.584768180485806,0.3400511354452402,0.003323308237868275,0.18373681455463106,0.0,0.0,-0.2549085602816436,-0.1523089270773242
TST-0304,1.3059232427633705,0.0,0.0,0.0,0.0062118503933184,0.0,0.0,0.28,1.019711392370052,0.07,Valid,0.43,0.16599999999999998,25.20843162868765,0.49014430381497404,0.005222298195868209,0.3212934310339164,0.0,0.0,0.0103963298201286,0.0062118503933184
TST-0190,1.5339606861820358,0.0,0.0,0.0,0.0778130859715278,0.0,0.0,0.1200000000000001,1.336147600210508,0.03,Valid,0.47,0.206,29.550396586621968,0.33192619989474603,0.0024565560117044316,0.5523369602196009,0.0,0.0,-0.1302301979056288,-0.0778130859715278
TST-0061,1.5931873356064288,0.0,0.0,0.0,0.2662300312965368,0.0,0.0,0.08000000000000007,1.2469573043098918,0.02,Valid,0.48,0.216,16.066256118808752,0.3765213478450541,0.0026300138791938783,0.20717382271939316,0.0,0.0,-0.4455701663966405,-0.2662300312965368
TST-0009,1.6028023782075282,0.0,0.0,0.0,0.2260809755243026,0.0,0.0,0.0,1.3767214026832257,0.0,Valid,0.5,0.236,28.372292402993494,0.3116392986583871,0.001074988231593478,0.6688357618221136,0.0,0.0,0.378375562639949,0.2260809755243026
TST-0194,1.761447085628125,0.0,0.0,0.0,0.3218277964112666,0.0,0.0,0.08000000000000007,1.3596192892168584,0.02,Valid,0.48,0.216,43.78000194802585,0.3201903553915708,0.0015085756153100382,0.5753776053245885,0.0,0.0,-0.5386201703079525,-0.3218277964112666
TST-0156,3.7150884282144956,0.0,0.0,0.0,0.0944961741382046,1.0,1.0,0.2799999999999998,1.3405922540762911,0.93,Invalid,0.43000000000000005,0.6940000000000001,16.827843508793165,0.3297038729618544,0.019046091432675445,0.4577008953295652,1.0,1.0,-0.1581514896330684,-0.0944961741382046
TST-0088,2.509285466959268,0.0,0.0,0.0,0.2340858795719347,0.0,1.0,0.040000000000000036,1.2351995873873332,0.01,Valid,0.49,0.22599999999999998,32.23338307543811,0.3824002063063335,0.0027311001301432176,0.2763778189311061,0.0,1.0,0.3917727981476133,0.2340858795719347
TST-0256,1.4651777961532342,0.0,0.0,0.0,0.0831649574095907,0.0,0.0,0.040000000000000036,1.3420128387436434,0.01,Valid,0.49,0.22599999999999998,46.85017450970046,0.32899358062817835,0.003225904174030206,0.5178764949657116,0.0,0.0,0.1391872424418068,0.0831649574095907
TST-0329,1.5572436139910395,0.0,0.0,0.0,0.0401622288546507,0.0,0.0,0.1200000000000001,1.3970813851363886,0.03,Valid,0.47,0.206,17.205842740891768,0.30145930743180577,0.002508689667688261,0.15906148050915417,0.0,0.0,0.0672166506027807,0.0401622288546507
TST-0219,1.5359924767949926,0.0,0.0,0.0,0.2592646852589322,0.0,0.0,0.0,1.2767277915360604,0.0,Valid,0.5,0.236,41.12071044144122,0.3616361042319698,0.003194650573515172,1.0311753402384682,0.0,0.0,-0.4339127647959593,-0.2592646852589322
TST-0306,1.5021137348928826,0.0,0.0,0.0,0.1274890177457613,0.0,0.0,0.040000000000000036,1.3346247171471213,0.01,Valid,0.49,0.22599999999999998,14.01476213187869,0.33268764142643936,0.003764024443086764,0.15146135808276737,0.0,0.0,0.2133692528002271,0.1274890177457613
TST-0324,1.530057349629927,0.0,0.0,0.0,0.1759397616517742,0.0,0.0,0.0,1.3541175879781528,0.0,Valid,0.5,0.236,22.0654655671662,0.3229412060109235,0.0025390801738943577,0.09568112483526048,0.0,0.0,0.2944577983677909,0.1759397616517742
TST-0113,1.494973108083181,0.0,0.0,0.0,0.0747675387182306,0.0,0.0,0.040000000000000036,1.3802055693649504,0.01,Valid,0.49,0.22599999999999998,21.128360023762063,0.3098972153175248,0.005008986865674874,0.07337005949076351,0.0,0.0,-0.1251330832419981,-0.0747675387182306
TST-0135,1.4932912520372033,0.0,0.0,0.0,0.0303875753663619,0.0,0.0,0.08000000000000007,1.3829036766708414,0.02,Valid,0.48,0.216,15.620697213285318,0.3085481616645793,0.0024131250438557917,0.2351139605655576,0.0,0.0,-0.0508575120035921,-0.0303875753663619
TST-0339,1.5794165567658385,0.0,0.0,0.0,0.2194368368663198,0.0,0.0,0.0,1.3599797198995187,0.0,Valid,0.5,0.236,17.129313493466725,0.3200101400502406,0.002747801158938219,0.17818468372543023,0.0,0.0,-0.3672557428623584,-0.2194368368663198
TST-0260,1.1788264820632859,0.0,0.0,0.0,0.1756076963259134,0.0,0.0,0.0,1.0032187857373724,0.0,Valid,0.5,0.236,22.345037002915227,0.4983906071313138,0.003045566401091519,0.2961703821456599,0.0,0.0,-0.2939020443764857,-0.1756076963259134
TST-0195,2.0146640819417954,0.0,0.0,0.0,0.3222247690641666,0.0,0.0,0.15999999999999992,1.5324393128776288,0.04,Valid,0.46,0.19599999999999998,25.697569354851492,0.23378034356118557,0.006705586669128697,1.3223028255034275,0.0,0.0,0.5392845550512746,0.3222247690641666
TST-0286,1.2491571100830945,0.0,0.0,0.0,0.0605213119147372,0.0,0.0,0.19999999999999996,0.9886357981683573,0.05,Valid,0.45,0.186,28.052022031529287,0.5056821009158213,0.004029350396629494,0.2575843489242553,0.0,0.0,-0.1012901921284612,-0.0605213119147372
TST-0015,1.79701949540397,0.0,0.0,0.0,0.0022958354415192,0.0,0.0,0.3999999999999999,1.3947236599624508,0.1,Valid,0.4,0.13599999999999998,24.27105828418473,0.30263817001877463,0.012158816766697706,0.24793274882221883,0.0,0.0,-0.0038423756129812,-0.0022958354415192
TST-0263,1.64810148989014,0.0,0.0,0.0,0.1546556065207758,0.0,0.0,0.0,1.4934458833693642,0.0,Valid,0.5,0.236,19.265124540561672,0.2532770583153179,0.0072670732884148135,0.23043755441310942,0.0,0.0,-0.2588360298650194,-0.1546556065207758
TST-0147,1.1373853389094597,0.0,0.0,0.0,0.2636186660954646,0.0,0.0,0.0,0.8737666728139952,0.0,Valid,0.5,0.236,24.402352352491175,0.5631166635930024,0.0024492761920758615,0.31346944950176797,0.0,0.0,-0.4411997111872949,-0.2636186660954646
TST-0002,1.624294357703759,0.0,0.0,0.0,0.2319068716098438,0.0,0.0,0.08000000000000007,1.312387486093915,0.98,Invalid,0.48,0.744,25.17482075935348,0.34380625695304246,0.010441369670667215,0.3285873099749484,0.0,0.0,-0.3881259483331121,-0.2319068716098438
TST-0114,1.6135728385043164,0.0,0.0,0.0,0.0212860152427425,0.0,0.0,0.32000000000000006,1.2722868232615738,0.08,Valid,0.42,0.15599999999999997,45.04189832462269,0.3638565883692131,0.013233196430487192,0.6197153715218747,0.0,0.0,-0.0356248816387889,-0.0212860152427425
TST-0271,1.3663187179373033,0.0,0.0,0.0,0.0545220210724306,0.0,0.0,0.040000000000000036,1.2717966968648726,0.99,Invalid,0.49,0.754,27.932657477915395,0.36410165156756363,0.029583805122546478,0.4352529633249176,0.0,0.0,0.0912496080296261,0.0545220210724306
TST-0223,1.4714404908493166,0.0,0.0,0.0,0.1111810528671834,0.0,0.0,0.040000000000000036,1.3202594379821333,0.01,Valid,0.49,0.22599999999999998,22.25002171131418,0.33987028100893335,0.0020492709719403123,0.36990775314604246,0.0,0.0,0.1860757780965976,0.1111810528671834
TST-0344,1.5129484143215457,0.0,0.0,0.0,0.0770448442965784,0.0,0.0,0.15999999999999992,1.2759035700249675,0.04,Valid,0.46,0.19599999999999998,15.56477729384508,0.36204821498751627,0.002749207865108112,0.2553513568579087,0.0,0.0,-0.1289444467479814,-0.0770448442965784
TST-0183,1.3885570392852549,0.0,0.0,0.0,0.1301089423209159,0.0,0.0,0.15999999999999992,1.098448096964339,0.04,Valid,0.46,0.19599999999999998,31.65801150641255,0.45077595151783045,0.003411291885755606,0.3622487290324779,0.0,0.0,-0.2177540332219294,-0.1301089423209159
TST-0327,1.5044953930752203,0.0,0.0,0.0,0.0919519554549604,0.0,0.0,0.08000000000000007,1.3325434376202598,0.02,Valid,0.48,0.216,34.35705101487855,0.33372828118987014,0.007270116854756096,0.2896028945124179,0.0,0.0,0.1538934127492481,0.0919519554549604
TST-0250,1.557321450742932,0.0,0.0,0.0,0.107491698785126,0.0,0.0,0.040000000000000036,1.409829751957806,0.99,Invalid,0.49,0.754,18.85129821609196,0.29508512402109693,0.01330187754434415,0.15915783302272962,0.0,0.0,-0.1799011699795762,-0.107491698785126
TST-0185,1.306946387271914,0.0,0.0,0.0,0.1143790119905991,0.0,0.0,0.0,1.1925673752813148,0.0,Valid,0.5,0.236,38.78891609493369,0.4037163123593426,0.004082187534238065,0.43407213479372353,0.0,0.0,-0.191427973608917,-0.1143790119905991
TST-0242,1.4947223370255536,0.0,0.0,0.0,0.223328453864447,0.0,0.0,0.0,1.2713938831611067,0.0,Valid,0.5,0.236,21.06132279910239,0.3643030584194466,0.0022636659528864713,0.18608395600569147,0.0,0.0,0.3737688639590395,0.223328453864447
TST-0158,1.7516662170894297,0.0,0.0,0.0,0.2297156835723985,0.0,0.0,0.040000000000000036,1.4819505335170313,0.01,Valid,0.49,0.22599999999999998,13.516266471480735,0.25902473324148434,0.00374130514073853,0.1719963712805031,0.0,0.0,-0.3844587135974358,-0.2297156835723985
TST-0078,1.4853234938750894,0.0,0.0,0.0,0.1591483539459228,0.0,0.0,0.040000000000000036,1.2861751399291665,0.01,Valid,0.49,0.22599999999999998,44.056571151772864,0.3569124300354167,0.0029400447276949375,0.5650374940980174,0.0,0.0,0.2663552199731072,0.1591483539459228
TST-0120,3.618913512573478,0.0,0.0,0.0,0.11893354924057,1.0,1.0,0.1200000000000001,1.379979963332908,0.97,Invalid,0.47,0.734,23.052656403190404,0.310010018333546,0.03818620547592872,0.17799443258680644,1.0,1.0,-0.1990505769284833,-0.11893354924057
TST-0093,1.572621276612623,0.0,0.0,0.0,0.0589095260213344,0.0,0.0,0.1200000000000001,1.3937117505912886,0.03,Valid,0.47,0.206,31.237271047872877,0.3031441247043557,0.003107792002705553,0.6300185651590364,0.0,0.0,0.0985926613306702,0.0589095260213344
TST-0051,1.7067164334607317,0.0,0.0,0.0,0.4087677436480745,0.0,0.0,0.040000000000000036,1.257948689812657,0.01,Valid,0.49,0.22599999999999998,15.312117573924777,0.3710256550936715,0.0023292413647630177,0.2750444001247075,0.0,0.0,-0.6841253432900043,-0.4087677436480745
TST-0010,1.5980178213669585,0.0,0.0,0.0,0.1659631792083889,0.0,0.0,0.0,1.4320546421585696,0.0,Valid,0.5,0.236,15.320514863047086,0.2839726789207152,0.00299053236045047,0.31280897144531644,0.0,0.0,0.2777607057155435,0.1659631792083889
TST-0013,2.6788001126279357,0.0,0.0,0.0,0.1212167183791008,0.0,0.0,1.08,1.4775833942488348,0.27,Invalid,0.22999999999999998,0.03400000000000003,44.70728081614912,0.2612083028755826,0.03750362818249729,6.7815443433145965,0.0,0.0,-0.2028717538558666,-0.1212167183791008
TST-0049,1.4790406553141664,0.0,0.0,0.0,0.0862436394462518,0.0,0.0,0.040000000000000036,1.3527970158679146,0.01,Valid,0.49,0.22599999999999998,15.172712900649518,0.3236014920660427,0.0025939183543097974,0.1490697656960256,0.0,0.0,0.1443398124230253,0.0862436394462518
TST-0041,1.4601210395844846,0.0,0.0,0.0,0.0300956763156984,0.0,0.0,0.040000000000000036,1.3900253632687862,0.01,Valid,0.49,0.22599999999999998,18.254030800584456,0.30498731836560683,0.0030950055149624534,0.12676058471450044,0.0,0.0,-0.0503689814349641,-0.0300956763156984
TST-0055,1.3324789804476975,0.0,0.0,0.0,0.0736141518743527,0.0,0.0,0.0,1.2588648285733448,0.0,Valid,0.5,0.236,31.716678090925225,0.3705675857133276,0.0015596829352413997,0.20153263177457795,0.0,0.0,0.1232027421552182,0.0736141518743527
TST-0012,1.542856285049989,0.0,0.0,0.0,0.2450956638315986,0.0,0.0,0.040000000000000036,1.2577606212183903,0.01,Valid,0.49,0.22599999999999998,20.879947556319287,0.37111968939080486,0.0012081702120960746,0.32502412667623454,0.0,0.0,0.4101990867998708,0.2450956638315986
TST-0127,1.4146345254531443,0.0,0.0,0.0,0.129688314744633,0.0,0.0,0.0,1.2849462107085112,0.0,Valid,0.5,0.236,49.16194812244392,0.3575268946457444,0.002184320396917617,0.6404621657962744,0.0,0.0,-0.217050058924805,-0.129688314744633
TST-0225,1.4213765849247735,0.0,0.0,0.0,0.083595206976549,0.0,0.0,0.1200000000000001,1.2177813779482243,0.03,Valid,0.47,0.206,26.64924246231185,0.3911093110258878,0.0022161416897872616,0.26046258702343017,0.0,0.0,-0.1399073203766967,-0.083595206976549
TST-0050,1.7618784485445498,0.0,0.0,0.0,0.236453984624163,0.0,0.0,0.040000000000000036,1.4854244639203866,0.01,Valid,0.49,0.22599999999999998,24.615383567576917,0.2572877680398067,0.0036137138514222744,0.5844421398553831,0.0,0.0,-0.3957361262403438,-0.236453984624163
TST-0172,4.155171689046996,0.0,0.0,0.0,0.055648112960791,1.0,1.0,0.7200000000000002,1.3795235760862046,0.82,Invalid,0.31999999999999995,0.584,35.726296398213506,0.3102382119568977,0.10391447001020128,1.4765622855413785,1.0,1.0,-0.0931342675011031,-0.055648112960791
TST-0079,1.5031361903660243,0.0,0.0,0.0,0.3247547969599373,0.0,0.0,0.0,1.178381393406087,0.0,Valid,0.5,0.236,33.00799145173524,0.41080930329695653,0.002299155116761038,0.26527919997672234,0.0,0.0,0.5435188818288239,0.3247547969599373
TST-0046,1.8437292429606602,0.0,0.0,0.0,0.0195492710679688,0.0,0.0,0.56,1.2641799718926914,0.14,Valid,0.36,0.09599999999999997,22.23603636684004,0.3679100140536543,0.0035920571389665024,0.29343167491078925,0.0,0.0,0.0327182171007063,0.0195492710679688
TST-0325,1.6003092850255405,0.0,0.0,0.0,0.2361180344651299,0.0,0.0,0.0,1.3641912505604106,0.0,Valid,0.5,0.236,18.589336201654287,0.31790437471979477,0.0033464647817370344,0.1132267997783126,0.0,0.0,0.3951738704815462,0.2361180344651299
TST-0280,1.6460725124852937,0.0,0.0,0.0,0.3436423071618744,0.0,0.0,0.0,1.3024302053234194,0.0,Valid,0.5,0.236,21.200648017249144,0.34878489733829027,0.0020384371719525908,0.5325879511484966,0.0,0.0,0.5751295570877755,0.3436423071618744
TST-0140,1.6739879293048858,0.0,0.0,0.0,0.0661839356698794,0.0,0.0,0.32000000000000006,1.2878039936350063,0.08,Valid,0.42,0.15599999999999997,15.106899664599569,0.35609800318249685,0.0026566635309808137,0.18184632402270354,0.0,0.0,-0.1107673205971497,-0.0661839356698794
TST-0244,1.4227059099043318,0.0,0.0,0.0,0.0612516245925716,0.0,0.0,0.0,1.3614542853117602,0.0,Valid,0.5,0.236,45.62624943662065,0.3192728573441199,0.0038272737547317332,0.540106847905591,0.0,0.0,-0.1025124642357795,-0.0612516245925716
TST-0203,1.4138052699349206,0.0,0.0,0.0,0.015951319379368,0.0,0.0,0.15999999999999992,1.2378539505555528,0.04,Valid,0.46,0.19599999999999998,20.942076483880804,0.38107302472222365,0.004986169917737054,0.1673923969568582,0.0,0.0,0.0266965826338143,0.015951319379368
TST-0238,1.4315470620199895,0.0,0.0,0.0,0.1270172280270939,0.0,0.0,0.0,1.3045298339928957,0.0,Valid,0.5,0.236,18.67956403377296,0.3477350830035522,0.0016155333352708377,0.22805047300431852,0.0,0.0,0.2125796520837823,0.1270172280270939
TST-0092,2.6497010735420687,0.0,0.0,0.0,0.1719778791622827,0.0,1.0,0.08000000000000007,1.3977231943797859,0.02,Valid,0.48,0.216,30.323671483357124,0.30113840281010706,0.007092778355302044,0.41226547215198234,0.0,1.0,0.2878270789426018,0.1719778791622827
TST-0307,1.6540833035070286,0.0,0.0,0.0,0.1643736843376738,0.0,0.0,0.1200000000000001,1.3697096191693547,0.03,Valid,0.47,0.206,13.965389235251662,0.3151451904153226,0.004503482771392721,0.2843006498749594,0.0,0.0,-0.2751004818084883,-0.1643736843376738
TST-0176,1.8240603119283965,0.0,0.0,0.0,0.371087537690723,0.0,0.0,0.0,1.4529727742376735,0.0,Valid,0.5,0.236,29.03845347713554,0.2735136128811633,0.0037721957100889996,0.3608173288975376,0.0,0.0,-0.6210626769314658,-0.371087537690723
TST-0115,6.6817527234908,0.0,0.0,0.0,5.239892786987029,0.0,0.0,0.08000000000000007,1.3618599365037716,0.98,Invalid,0.48,0.744,17.0792244736387,0.3190700317481142,0.023637857312948603,0.4781155038333175,0.0,0.0,-8.769633874992289,-5.239892786987029
TST-0028,1.4474884917339326,0.0,0.0,0.0,0.2297277930766981,0.0,0.0,0.16000000000000014,1.0577606986572343,0.96,Invalid,0.45999999999999996,0.724,18.697199154830493,0.47111965067138284,0.01778788528166614,0.30748584861783806,0.0,0.0,0.3844789804088826,0.2297277930766981
TST-0317,1.3517380748322967,0.0,0.0,0.0,0.1109408725929944,0.0,0.0,0.040000000000000036,1.2007972022393023,0.01,Valid,0.49,0.22599999999999998,19.93690564235198,0.3996013988803489,0.0030930800731948462,0.2885063725829624,0.0,0.0,0.1856738055459637,0.1109408725929944
TST-0251,1.42361031170094,0.0,0.0,0.0,0.0161152624518552,0.0,0.0,0.040000000000000036,1.3674950492490847,0.01,Valid,0.49,0.22599999999999998,37.49140284179483,0.3162524753754577,0.004673293755920616,0.7814440433554182,0.0,0.0,0.0269709624313598,0.0161152624518552
TST-0301,1.6429138330658946,0.0,0.0,0.0,0.1441310768984375,0.0,0.0,0.1200000000000001,1.3787827561674568,0.03,Valid,0.47,0.206,15.03929491641178,0.3106086219162716,0.008310614919884655,0.17030929060524921,0.0,0.0,-0.2412218772007452,-0.1441310768984375
TST-0116,1.5764683100601415,0.0,0.0,0.0,0.0888208782767069,0.0,0.0,0.1200000000000001,1.3676474317834346,0.03,Valid,0.47,0.206,35.70286788757385,0.31617628410828275,0.003542499544292822,0.24077117649671442,0.0,0.0,-0.1486531527661014,-0.0888208782767069
TST-0056,1.5156951816161324,0.0,0.0,0.0,0.030538859295187,0.0,0.0,0.040000000000000036,1.4451563223209454,0.01,Valid,0.49,0.22599999999999998,24.04865591482297,0.27742183883952726,0.00467914199074469,0.2838194146839415,0.0,0.0,0.0511107050975923,0.030538859295187
TST-0166,1.4245667525521775,0.0,0.0,0.0,0.0005533785305777,0.0,0.0,0.24,1.1840133740215997,0.06,Valid,0.44,0.176,27.59325883318264,0.4079933129892001,0.009753833800858478,0.8367871550373172,0.0,0.0,-0.000926150076868,-0.0005533785305777
TST-0247,1.4163885869669894,0.0,0.0,0.0,0.1991331251735255,0.0,0.0,0.15999999999999992,1.057255461793464,0.04,Valid,0.46,0.19599999999999998,33.77349012537027,0.471372269103268,0.004604713724305313,0.6430673553905222,0.0,0.0,-0.3332748724347425,-0.1991331251735255
TST-0291,1.38822794034463,0.0,0.0,0.0,0.0716038521131995,0.0,0.0,0.040000000000000036,1.2766240882314306,0.01,Valid,0.49,0.22599999999999998,28.03809897832228,0.36168795588428476,0.003684167796574389,0.2849565711311029,0.0,0.0,0.1198382471930159,0.0716038521131995
TST-0167,7.98252730076833,0.0,0.0,0.0,4.679305472985947,1.0,1.0,0.0,1.3032218277823842,1.0,Invalid,0.5,0.764,29.005997014557053,0.34838908610880787,0.01361447997183761,0.3957607643109176,1.0,1.0,-7.831418972778298,-4.679305472985947
TST-0313,1.7690306850469193,0.0,0.0,0.0,0.0596702741647474,0.0,0.0,0.32000000000000006,1.3893604108821718,0.08,Valid,0.42,0.15599999999999997,48.58796687984915,0.30531979455891406,0.06541229074521068,0.4048172863007985,0.0,0.0,0.0998658711004161,0.0596702741647474
TST-0105,1.548142464836361,0.0,0.0,0.0,0.0280660386077077,0.0,0.0,0.15999999999999992,1.3600764262286535,0.04,Valid,0.46,0.19599999999999998,14.81997152211368,0.31996178688567317,0.005398225763028131,0.13770142046867953,0.0,0.0,0.0469721219339147,0.0280660386077077
TST-0104,1.4022820815423067,0.0,0.0,0.0,0.2037499376054949,0.0,0.0,0.040000000000000036,1.1585321439368117,0.01,Valid,0.49,0.22599999999999998,21.249064335281247,0.42073392803159415,0.0012881554900119766,0.13392443618782598,0.0,0.0,0.3410017012733846,0.2037499376054949
TST-0045,1.5405134224876709,0.0,0.0,0.0,0.0738651841911887,0.0,0.0,0.19999999999999996,1.266648238296482,0.05,Valid,0.45,0.186,34.82130737426712,0.366675880851759,0.0031301246630508657,0.5633044987393239,0.0,0.0,0.1236228769936467,0.0738651841911887
TST-0289,1.6247616853895546,0.0,0.0,0.0,0.0626936055012452,0.0,0.0,0.1200000000000001,1.4420680798883092,0.03,Valid,0.47,0.206,43.7135921503509,0.27896596005584534,0.006428556577604486,0.09420256122554499,0.0,0.0,-0.1049258045726659,-0.0626936055012452
TST-0048,1.1094668367955993,0.0,0.0,0.0,0.2301876392538754,0.0,0.0,0.0,0.879279197541724,0.0,Valid,0.5,0.236,27.68812598294849,0.560360401229138,0.0014129573017051262,0.47424351043430585,0.0,0.0,0.3852485920739674,0.2301876392538754
TST-0110,1.0753980259842904,0.0,0.0,0.0,0.0807740571815904,0.0,0.0,0.0,0.9946239688026999,0.0,Valid,0.5,0.236,18.845698072038864,0.5026880155986501,0.0014120076100205508,0.05379687307508722,0.0,0.0,0.1351857636933733,0.0807740571815904
TST-0037,2.2550275726945355,0.0,0.0,0.0,0.1962444899780702,0.0,0.0,0.7999999999999998,1.2587830827164652,0.8,Invalid,0.30000000000000004,0.5640000000000001,43.34698798255648,0.3706084586417674,0.0651292842610174,1.2573748222968557,0.0,0.0,0.3284403702622036,0.1962444899780702
TST-0305,1.616833848664181,0.0,0.0,0.0,0.2652275718245844,0.0,0.0,0.0,1.3516062768395964,0.0,Valid,0.5,0.236,18.803910729700743,0.3241968615802017,0.00287370424440866,0.16187964734052362,0.0,0.0,0.4438924216600739,0.2652275718245844
TST-0240,1.3326323320546745,0.0,0.0,0.0,0.0225760172720795,0.0,0.0,0.0,1.310056314782595,0.0,Valid,0.5,0.236,33.58957262257116,0.34497184260870256,0.007718316907961553,0.19755945989216614,0.0,0.0,-0.0377838657926972,-0.0225760172720795
TST-0155,1.5073301350086714,0.0,0.0,0.0,0.1895803525677863,0.0,0.0,0.040000000000000036,1.277749782440885,0.01,Valid,0.49,0.22599999999999998,33.32687759353921,0.36112510877955745,0.0013751304825822743,0.26774555061713723,0.0,0.0,0.317287080002913,0.1895803525677863
TST-0119,1.667395904761872,0.0,0.0,0.0,0.3192347463775923,0.0,0.0,0.0,1.3481611583842796,0.0,Valid,0.5,0.236,53.234123825973285,0.3259194208078601,0.007783222768936632,0.6449502798737315,0.0,0.0,0.5342803678846408,0.3192347463775923
TST-0295,1.3809089808505757,0.0,0.0,0.0,0.1905711219602644,0.0,0.0,0.0,1.1903378588903113,0.0,Valid,0.5,0.236,22.81016291760254,0.40483107055484435,0.004495506292378312,0.3355574359164001,0.0,0.0,-0.3189452598893716,-0.1905711219602644
TST-0229,1.4468571935247576,0.0,0.0,0.0,0.2133871070693605,0.0,0.0,0.0,1.2334700864553971,0.0,Valid,0.5,0.236,18.83205955784534,0.3832649567723015,0.0024125305575799405,0.0566116992270404,0.0,0.0,0.3571307426917975,0.2133871070693605
TST-0106,1.5257721633453458,0.0,0.0,0.0,0.2865201614401403,0.0,0.0,0.0,1.2392520019052056,0.0,Valid,0.5,0.236,21.05728428609908,0.3803739990473972,0.001893273014049984,0.05440479023320102,0.0,0.0,0.479528306356535,0.2865201614401403
TST-0052,1.631732660466531,0.0,0.0,0.0,0.2399379046614409,0.0,0.0,0.040000000000000036,1.35179475580509,0.01,Valid,0.49,0.22599999999999998,16.132180674360757,0.324102622097455,0.0030037062655813686,0.2811225384314994,0.0,0.0,0.401566914086338,0.2399379046614409
TST-0276,1.53666387725633,0.0,0.0,0.0,0.0535849773555679,0.0,0.0,0.040000000000000036,1.443078899900762,0.99,Invalid,0.49,0.754,21.49173555539133,0.278460550049619,0.01648472859753078,0.4325123910967496,0.0,0.0,0.0896813449647488,0.0535849773555679
TST-0216,2.237452373844759,0.0,0.0,0.0,0.1376951257084435,0.0,1.0,0.040000000000000036,1.0597572481363153,0.01,Valid,0.49,0.22599999999999998,21.11933301975199,0.4701213759318423,0.003697032647108884,0.1992460232809272,0.0,1.0,-0.2304504859017218,-0.1376951257084435
TST-0208,1.4849554823879556,0.0,0.0,0.0,0.1034222281022847,0.0,0.0,0.0,1.3815332542856709,0.0,Valid,0.5,0.236,21.248938947178235,0.30923337285716457,0.002924541133187096,0.32198167209968626,0.0,0.0,0.1730903878883545,0.1034222281022847
TST-0188,1.562669580248826,0.0,0.0,0.0,0.2555270636039637,0.0,0.0,0.0,1.3071425166448623,0.0,Valid,0.5,0.236,21.87117093795229,0.34642874167756893,0.0027386452601137912,0.10966993679485204,0.0,0.0,0.4276573746935668,0.2555270636039637
TST-0145,1.4711114435667103,0.0,0.0,0.0,0.0441559776261566,0.0,0.0,0.1200000000000001,1.3069554659405536,0.03,Valid,0.47,0.206,50.16060835099244,0.3465222670297232,0.0047952823851370036,0.42011831254042487,0.0,0.0,0.0739007023455542,0.0441559776261566
TST-0039,1.4213160091025194,0.0,0.0,0.0,0.0542237794806165,0.0,0.0,0.040000000000000036,1.327092229621903,0.01,Valid,0.49,0.22599999999999998,21.889479492553694,0.3364538851890485,0.003348130330471026,0.12749287597943207,0.0,0.0,0.0907504624034025,0.0542237794806165
TST-0173,1.3017875544097417,0.0,0.0,0.0,0.1832803987289172,0.0,0.0,0.0,1.1185071556808246,0.0,Valid,0.5,0.236,18.393756332687797,0.4407464221595877,0.001401255995388921,0.10501967448716094,0.0,0.0,0.3067432977458715,0.1832803987289172
TST-0082,1.2044504274662338,0.0,0.0,0.0,0.1721287127150196,0.0,0.0,0.0,1.0323217147512143,0.0,Valid,0.5,0.236,20.495906047238144,0.4838391426243929,0.0015631263483011925,0.23171865220568813,0.0,0.0,0.2880795182743476,0.1721287127150196
TST-0296,1.5791058313507225,0.0,0.0,0.0,0.0476572437487595,0.0,0.0,0.19999999999999996,1.331448587601963,0.05,Valid,0.45,0.186,36.29242564323667,0.3342757061990185,0.004001249451418761,0.4239538361094641,0.0,0.0,-0.0797605210942116,-0.0476572437487595
TST-0297,1.6716350793741892,0.0,0.0,0.0,0.003556099326406,0.0,0.0,0.15999999999999992,1.5080789800477832,0.04,Valid,0.46,0.19599999999999998,34.33893609931684,0.24596050997610844,0.010191359420762134,1.4880121626750968,0.0,0.0,-0.005951589160972,-0.003556099326406
TST-0125,1.563598859024483,0.0,0.0,0.0,0.3973565747757907,0.0,0.0,0.0,1.1662422842486921,0.0,Valid,0.5,0.236,17.758368013088752,0.4168788578756539,0.006263358844217005,0.3896921132091682,0.0,0.0,0.665027285912922,0.3973565747757907
TST-0199,6.142374718356656,0.0,0.0,0.0,4.885162205383319,0.0,0.0,0.040000000000000036,1.2172125129733375,0.99,Invalid,0.49,0.754,21.58991258921204,0.3913937435133313,0.023148836022373432,0.1767571984321165,0.0,0.0,-8.175946665846856,-4.885162205383319
TST-0330,1.4456095756882228,0.0,0.0,0.0,0.1546968691056673,0.0,0.0,0.0,1.2909127065825554,0.0,Valid,0.5,0.236,21.250867378451566,0.3545436467087223,0.002567586898150118,0.6430287895067058,0.0,0.0,-0.2589050881028392,-0.1546968691056673
TST-0133,1.8147453955856352,0.0,0.0,0.0,0.3617980204116272,0.0,0.0,0.08000000000000007,1.372947375174008,0.02,Valid,0.48,0.216,36.91267005093331,0.313526312412996,0.012934890504850572,0.3409744778335397,0.0,0.0,-0.6055154761155634,-0.3617980204116272
TST-0175,1.082498760834465,0.0,0.0,0.0,0.0758161239717515,0.0,0.0,0.040000000000000036,0.9666826368627135,0.01,Valid,0.49,0.22599999999999998,32.273455983425386,0.5166586815686433,0.0019068309323648652,0.39571375705604567,0.0,0.0,0.1268880254009161,0.0758161239717515
TST-0270,1.4066172778827233,0.0,0.0,0.0,0.175319987074256,0.0,0.0,0.0,1.2312972908084674,0.0,Valid,0.5,0.236,46.075802887240336,0.3843513545957663,0.0024090489913568586,0.6991742368983236,0.0,0.0,-0.2934205259748594,-0.175319987074256
TST-0255,1.4697449356010017,0.0,0.0,0.0,0.0976811601319472,0.0,0.0,0.1200000000000001,1.2520637754690545,0.03,Valid,0.47,0.206,16.656060489899584,0.37396811226547283,0.005286990289575856,0.2568785708954802,0.0,0.0,-0.1634819729459078,-0.0976811601319472
TST-0025,1.5026792945956777,0.0,0.0,0.0,0.1150562544138421,0.0,0.0,0.040000000000000036,1.3476230401818357,0.01,Valid,0.49,0.22599999999999998,13.727319067097053,0.3261884799090821,0.0029560182690215233,0.5357539123930225,0.0,0.0,0.1925614258259553,0.1150562544138421
TST-0073,1.5819469264740968,0.0,0.0,0.0,0.1680998573109098,0.0,0.0,0.0,1.413847069163187,0.0,Valid,0.5,0.236,13.739722718054873,0.2930764654184065,0.0038399943981008208,0.060817490057941376,0.0,0.0,0.2813367110709119,0.1680998573109098
TST-0077,1.373605510020582,0.0,0.0,0.0,0.1712019606626821,0.0,0.0,0.0,1.2024035493579,0.0,Valid,0.5,0.236,20.8911185043784,0.39879822532104997,0.002081932192598208,0.19745301303339152,0.0,0.0,-0.2865284796324729,-0.1712019606626821
TST-0293,1.4751583944175932,0.0,0.0,0.0,0.1328882476115835,0.0,0.0,0.0,1.3422701468060096,0.0,Valid,0.5,0.236,14.65911010227599,0.32886492659699523,0.002310469890828565,0.05453193728457214,0.0,0.0,-0.2224055577505446,-0.1328882476115835
TST-0212,1.1962788666746533,0.0,0.0,0.0,0.0280356267910938,0.0,0.0,0.0,1.1682432398835596,1.0,Invalid,0.5,0.764,33.16803092979025,0.41587838005822025,0.013699026090263118,0.17513426355385914,0.0,0.0,0.0469212238510685,0.0280356267910938
TST-0081,1.5274416601735865,0.0,0.0,0.0,0.1177282009346104,0.0,0.0,0.0,1.4097134592389762,0.0,Valid,0.5,0.236,13.838922323070303,0.29514327038051197,0.004696348246589389,0.152152945959363,0.0,0.0,0.1970332716581619,0.1177282009346104
TST-0328,1.6467133622275485,0.0,0.0,0.0,0.2384104081310398,0.0,0.0,0.0,1.4083029540965086,0.0,Valid,0.5,0.236,20.78426912534432,0.2958485229517457,0.005551050617728291,0.8274335556861572,0.0,0.0,0.3990104523682269,0.2384104081310398
TST-0290,6.0479424941678745,0.0,0.0,0.0,4.557215591681908,0.0,0.0,0.040000000000000036,1.4507269024859661,0.99,Invalid,0.49,0.754,49.31878437392033,0.27463654875701693,0.014315243146340152,0.6597734495069273,0.0,0.0,-7.627085868571154,-4.557215591681908
TST-0337,1.4405860802724462,0.0,0.0,0.0,0.0808395111133754,0.0,0.0,0.08000000000000007,1.2797465691590708,0.02,Valid,0.48,0.216,16.445617867132764,0.3601267154204646,0.005392076993121948,0.3013770678470387,0.0,0.0,0.1352953092586677,0.0808395111133754
TST-0171,1.813572633351094,0.0,0.0,0.0,0.2867458725550448,0.0,0.0,0.1200000000000001,1.406826760796049,0.03,Valid,0.47,0.206,24.15073607219188,0.2965866196019755,0.004612666567086485,0.32486785711503274,0.0,0.0,-0.4799060629099028,-0.2867458725550448
TST-0057,1.2989077952114654,0.0,0.0,0.0,0.0489804486185652,0.0,0.0,0.0,1.2499273465929002,0.0,Valid,0.5,0.236,30.81946245921809,0.37503632670354997,0.005323283872989834,0.5279622167211883,0.0,0.0,-0.0819750744680174,-0.0489804486185652
TST-0284,1.271953533229928,0.0,0.0,0.0,0.3280743356072079,0.0,0.0,0.0,0.9438791976227201,0.0,Valid,0.5,0.236,19.72923065812921,0.52806040118864,0.0018474113862283733,0.135400994562727,0.0,0.0,0.5490745562965813,0.3280743356072079
TST-0063,1.5790761528731734,0.0,0.0,0.0,0.0126063073936486,0.0,0.0,0.48,1.0864698454795247,0.88,Invalid,0.38,0.644,24.57831176347604,0.4567650772602376,0.036606193179201475,0.28831603887629004,0.0,0.0,0.0210982752609858,0.0126063073936486
TST-0022,1.4554211617476267,0.0,0.0,0.0,0.1543526979550173,0.0,0.0,0.040000000000000036,1.2610684637926093,0.01,Valid,0.49,0.22599999999999998,22.07354724596905,0.36946576810369536,0.004404047126682862,0.2642331734652068,0.0,0.0,0.2583290734582206,0.1543526979550173
TST-0044,1.302646447179332,0.0,0.0,0.0,0.0326220050866492,0.0,0.0,0.0,1.2700244420926827,0.0,Valid,0.5,0.236,17.819521205619765,0.3649877789536586,0.001831158505264605,0.24949295003218427,0.0,0.0,-0.0545971172518111,-0.0326220050866492
TST-0035,1.3525735301981352,0.0,0.0,0.0,0.1138488425137534,0.0,0.0,0.0,1.2387246876843818,0.0,Valid,0.5,0.236,22.407648578973173,0.3806376561578091,0.00693386784619296,0.15927767316811073,0.0,0.0,-0.190540666865699,-0.1138488425137534
TST-0258,13.343542474846945,0.0,0.0,2.0,10.0,0.0,0.0,0.040000000000000036,1.3035424748469457,0.99,Invalid,0.49,0.754,46.07520711966454,0.34822876257652713,0.00489897948556636,1.3992474554176675,0.0,0.0,-22.651673984234503,-13.534469604442464
TST-0334,1.5620058816168756,0.0,0.0,0.0,0.1722254135459581,0.0,0.0,0.0,1.3897804680709176,0.0,Valid,0.5,0.236,26.87679464395251,0.30510976596454126,0.006743827645610925,0.3674299889076081,0.0,0.0,0.2882413595404216,0.1722254135459581
TST-0018,2.4803499932445656,0.0,0.0,0.0,0.1365826855583495,0.0,1.0,0.040000000000000036,1.3037673076862162,0.01,Valid,0.49,0.22599999999999998,26.872231466862885,0.3481163461568919,0.003071914906279069,0.14495292593678666,0.0,1.0,0.2285886743684031,0.1365826855583495
TST-0321,2.7140556810413594,0.0,0.0,0.0,0.1257961196189616,0.0,1.0,0.15999999999999992,1.428259561422398,0.04,Valid,0.46,0.19599999999999998,20.93924723915428,0.285870219288801,0.040569938141053696,0.33296226090586867,0.0,1.0,0.2105359702573928,0.1257961196189616
TST-0282,1.7294984254265895,0.0,0.0,0.0,0.3493259650298487,0.0,0.0,0.040000000000000036,1.3401724603967407,0.01,Valid,0.49,0.22599999999999998,14.940760481424851,0.3299137698016296,0.0024033658996462466,0.09840030156348255,0.0,0.0,0.5846418888470506,0.3493259650298487
TST-0142,13.255689358300646,0.0,0.0,2.0,10.0,0.0,0.0,0.0,1.2556893583006472,1.0,Invalid,0.5,0.764,46.41015717071394,0.37215532084967645,0.007483314773547889,0.4610394726740262,0.0,0.0,-20.890197510215035,-12.481980070417295
TST-0312,1.4579722784648195,0.0,0.0,0.0,0.0733409272057624,0.0,0.0,0.08000000000000007,1.304631351259057,0.02,Valid,0.48,0.216,25.11730471672843,0.3476843243704714,0.0029003347134752134,0.4084499718873657,0.0,0.0,-0.1227454655645399,-0.0733409272057624
TST-0101,1.7487468199132636,0.0,0.0,0.0,0.1098359945992379,0.0,0.0,0.19999999999999996,1.438910825314026,0.05,Valid,0.45,0.186,21.41256342799493,0.2805445873429871,0.018036597894330847,0.3812463451029869,0.0,0.0,-0.1838246502529692,-0.1098359945992379
TST-0134,4.786286108391895,0.0,3.0,0.0,0.2425061320809727,0.0,0.0,0.16000000000000014,1.383779976310922,0.96,Invalid,0.45999999999999996,0.724,17.609221416645653,0.30811001184453907,0.025173319300257343,0.5033613936957538,0.0,0.0,0.4058651726753197,0.2425061320809727
TST-0287,1.5267015177201757,0.0,0.0,0.0,0.157522461560172,0.0,0.0,0.040000000000000036,1.3291790561600036,0.01,Valid,0.49,0.22599999999999998,33.91041124298989,0.3354104719199981,0.007239427859100487,0.6105798190592172,0.0,0.0,0.263634080147769,0.157522461560172
TST-0153,1.5087608838577065,0.0,0.0,0.0,0.0022713234244228,0.0,0.0,0.19999999999999996,1.3064895604332838,0.05,Valid,0.45,0.186,32.436110118290124,0.34675521978335805,0.012945894077901136,0.49985115260082696,0.0,0.0,0.0038013516027177,0.0022713234244228
TST-0299,1.5294873067064831,0.0,0.0,0.0,0.064731864142231,0.0,0.0,0.1200000000000001,1.344755442564252,0.03,Valid,0.47,0.206,28.942189514046596,0.327622278717874,0.002322330473725544,0.4451382484523376,0.0,0.0,-0.1083370923128228,-0.064731864142231
TST-0204,1.762776673040864,0.0,0.0,0.0,0.2246119380344012,0.0,0.0,0.15999999999999992,1.378164735006463,0.04,Valid,0.46,0.19599999999999998,23.15939224819208,0.3109176324967685,0.010123516785882749,0.2478166514613467,0.0,0.0,0.3759169396377633,0.2246119380344012
TST-0090,1.7481212672690867,0.0,0.0,0.0,0.3944558683867272,0.0,0.0,0.0,1.3536653988823595,0.0,Valid,0.5,0.236,19.923677141544104,0.32316730055882026,0.00441563432816049,0.2507197229890892,0.0,0.0,0.6601725810468011,0.3944558683867272
TST-0186,1.3370405688563132,0.0,0.0,0.0,0.0315005638192524,0.0,0.0,0.040000000000000036,1.2655400050370607,0.01,Valid,0.49,0.22599999999999998,32.70692747625624,0.36722999748146967,0.005282571375314175,0.4167415090387016,0.0,0.0,0.0527202411920946,0.0315005638192524
TST-0209,1.3834030162630184,0.0,0.0,0.0,0.0105821132162552,0.0,0.0,0.040000000000000036,1.3328209030467633,0.01,Valid,0.49,0.22599999999999998,47.15764923553888,0.33358954847661837,0.0026314680065220005,1.0882816222932103,0.0,0.0,0.0177105262078534,0.0105821132162552
TST-0130,2.19464749209006,0.0,0.0,0.0,0.4225096712317358,0.0,0.0,0.28,1.492137820858324,0.07,Valid,0.43,0.16599999999999998,22.284822445580534,0.253931089570838,0.03681145668482171,0.6013176485297226,0.0,0.0,-0.7071242248596139,-0.4225096712317358
TST-0224,2.536198257843579,0.0,0.0,0.0,0.0538175422414254,0.0,1.0,0.08000000000000007,1.4023807156021537,0.02,Valid,0.48,0.216,21.995554308641253,0.29880964219892314,0.0035230342423417343,0.35614930102241377,0.0,1.0,0.0900705721844765,0.0538175422414254
TST-0302,1.7111661737761774,0.0,0.0,0.0,0.088594837413403,0.0,0.0,0.1200000000000001,1.5025713363627744,0.03,Valid,0.47,0.206,29.69056979873765,0.24871433181861283,0.00547998651199486,0.8186393714850093,0.0,0.0,0.1482748443364165,0.088594837413403
TST-0118,1.3280127727258928,0.0,0.0,0.0,0.1144680313445665,0.0,0.0,0.0,1.2135447413813263,0.0,Valid,0.5,0.236,15.29827872821579,0.3932276293093369,0.004118226233771581,0.12375873397656502,0.0,0.0,-0.1915769589362543,-0.1144680313445665
TST-0292,1.3246296442707697,0.0,0.0,0.0,0.2330010567948666,0.0,0.0,0.040000000000000036,1.051628587475903,0.01,Valid,0.49,0.22599999999999998,20.301426627268693,0.4741857062620484,0.0010996680471070162,0.30929204153432,0.0,0.0,0.3899572078367264,0.2330010567948666
TST-0345,2.1226807752193686,0.0,0.0,0.0,0.0217205803836863,0.0,1.0,0.040000000000000036,1.060960194835682,0.01,Valid,0.49,0.22599999999999998,21.886837305513104,0.4695199025821591,0.004529845252414889,0.30387048846043074,0.0,1.0,-0.03635218224127,-0.0217205803836863
TST-0108,2.2470535701855514,0.0,0.0,0.0,0.433478804095136,0.0,0.0,0.28,1.5335747660904153,0.07,Valid,0.43,0.16599999999999998,24.66226110770651,0.2332126169547924,0.012901883257394593,1.5044799670983287,0.0,0.0,0.7254824781767546,0.433478804095136
TST-0071,1.4394746417608546,0.0,0.0,0.0,0.127713932091478,0.0,0.0,0.040000000000000036,1.2717607096693766,0.01,Valid,0.49,0.22599999999999998,15.3159272907412,0.3641196451653117,0.005261741063380863,0.1302528889057677,0.0,0.0,0.2137456758579787,0.127713932091478
TST-0053,1.4467683656250465,0.0,0.0,0.0,0.2146253130543821,0.0,0.0,0.0,1.2321430525706645,0.0,Valid,0.5,0.236,15.98926610885789,0.38392847371466776,0.001921298638218323,0.07634063331939843,0.0,0.0,0.3592030395100511,0.2146253130543821
TST-0273,1.1679873203856366,0.0,0.0,0.0,0.0696643514360471,0.0,0.0,0.040000000000000036,1.0583229689495894,0.01,Valid,0.49,0.22599999999999998,16.86865036092216,0.4708385155252053,0.002274852937193777,0.15582375750488023,0.0,0.0,-0.1165922435951625,-0.0696643514360471
TST-0300,1.8399976398572573,0.0,0.0,0.0,0.3654978542996202,0.0,0.0,0.040000000000000036,1.4344997855576371,0.01,Valid,0.49,0.22599999999999998,15.062792799766342,0.28275010722118143,0.013086792047959464,0.208076061083719,0.0,0.0,0.6117076235344125,0.3654978542996202
TST-0148,1.4436655901058557,0.0,0.0,0.0,0.2792142325695767,0.0,0.0,0.0,1.164451357536279,0.0,Valid,0.5,0.236,19.89963166530426,0.41777432123186053,0.0021323475077681584,0.20383763205976937,0.0,0.0,0.4673008956219693,0.2792142325695767
TST-0347,1.4134509906268715,0.0,0.0,0.0,0.1024990938161168,0.0,0.0,0.0,1.3109518968107547,0.0,Valid,0.5,0.236,38.99355439591887,0.3445240515946227,0.0025489172790619185,0.5424999861360484,0.0,0.0,-0.1715454040430266,-0.1024990938161168
TST-0146,1.418844239310953,0.0,0.0,0.0,0.1123149183956984,0.0,0.0,0.040000000000000036,1.2665293209152546,0.01,Valid,0.49,0.22599999999999998,28.38369976128963,0.3667353395423727,0.0031066814612594313,0.4471534460778233,0.0,0.0,0.1879734477537411,0.1123149183956984
TST-0241,1.6575657858593555,0.0,0.0,0.0,0.157608272641653,0.0,0.0,0.19999999999999996,1.2999575132177026,0.05,Valid,0.45,0.186,18.89387467940065,0.35002124339114865,0.0038007209388619574,0.11991636130159004,0.0,0.0,-0.263777696018856,-0.157608272641653
TST-0096,1.9109599253510237,0.0,0.0,0.0,0.0598107718987591,0.0,0.0,0.48,1.3711491534522646,0.12,Valid,0.38,0.11599999999999999,16.425556570603966,0.31442542327386774,0.007847351672964971,0.259738291658682,0.0,0.0,0.1001010121114323,0.0598107718987591
TST-0220,1.4641776986407957,0.0,0.0,0.0,0.0834566324052158,0.0,0.0,0.0,1.38072106623558,0.0,Valid,0.5,0.236,22.72129986635669,0.30963946688221,0.003779513269630299,0.19978202007463805,0.0,0.0,-0.1396753980255383,-0.0834566324052158
TST-0174,1.3630446605695425,0.0,0.0,0.0,0.0707271923535026,0.0,0.0,0.0,1.2923174682160399,0.0,Valid,0.5,0.236,22.8073514832799,0.3538412658919801,0.0028306763515005945,0.09948176219056379,0.0,0.0,-0.1183710444394456,-0.0707271923535026
TST-0246,1.5260871361349182,0.0,0.0,0.0,0.199257129733531,0.0,0.0,0.08000000000000007,1.246830006401387,0.02,Valid,0.48,0.216,15.039804954547572,0.3765849967993065,0.0028669613247041207,0.16857049625868833,0.0,0.0,0.3334824099997817,0.199257129733531
TST-0136,1.5347043084012566,0.0,0.0,0.0,0.2376075078309384,0.0,0.0,0.0,1.2970968005703183,0.0,Valid,0.5,0.236,19.22073957158458,0.35145159971484086,0.003151921209350103,0.10004560419144064,0.0,0.0,0.3976666955479544,0.2376075078309384
TST-0109,1.3818968966969158,0.0,0.0,0.0,0.2408128330367571,0.0,0.0,0.0,1.1410840636601587,0.0,Valid,0.5,0.236,22.339380540989293,0.4294579681699206,0.001117948648533651,0.30816297839044715,0.0,0.0,0.4030312191456744,0.2408128330367571
TST-0040,1.8496302970909086,0.0,0.0,0.0,0.0487418137172646,0.0,0.0,0.3999999999999999,1.4008884833736441,0.1,Valid,0.4,0.13599999999999998,38.49028785040264,0.29955575831317793,0.0048704081439361,0.5816137511635818,0.0,0.0,0.0815756882974838,0.0487418137172646
TST-0043,1.4121106169531685,0.0,0.0,0.0,0.0890935838520199,0.0,0.0,0.0,1.3230170331011486,1.0,Invalid,0.5,0.764,20.50317535922421,0.33849148344942565,0.01772191745622597,0.3773132144691538,0.0,0.0,0.1491095605874797,0.0890935838520199
TST-0181,1.518800451586723,0.0,0.0,0.0,0.2360136465333369,0.0,0.0,0.0,1.2827868050533862,0.0,Valid,0.5,0.236,37.55268964465262,0.3586065974733069,0.0030763961109630724,0.26245591067772095,0.0,0.0,-0.3949991638644441,-0.2360136465333369
TST-0268,1.3012390386862944,0.0,0.0,0.0,0.0214312807338231,0.0,0.0,0.040000000000000036,1.2398077579524713,0.01,Valid,0.49,0.22599999999999998,18.11453958977996,0.3800961210237644,0.0024495481971619293,0.39627680930188924,0.0,0.0,-0.0358680021038892,-0.0214312807338231
TST-0253,1.692107111784369,0.0,0.0,0.0,0.3165962192739929,0.0,0.0,0.0,1.375510892510376,0.0,Valid,0.5,0.236,15.948767170585642,0.3122445537448119,0.0020200456423645928,0.28112890180239825,0.0,0.0,0.5298644537412684,0.3165962192739929
TST-0017,1.5557996349193957,0.0,0.0,0.0,0.0314561315002758,0.0,0.0,0.24,1.2843435034191197,0.06,Valid,0.44,0.176,26.77566367807608,0.35782824829044013,0.0027464918753833324,0.8921572369846428,0.0,0.0,0.0526458779969907,0.0314561315002758
TST-0201,1.3692671230303217,0.0,0.0,0.0,0.0424518114521443,0.0,0.0,0.0,1.3268153115781773,0.0,Valid,0.5,0.236,23.201446543450995,0.3365923442109114,0.0028492684393495063,0.1965916789457476,0.0,0.0,0.0710485612778306,0.0424518114521443
TST-0129,1.4973554194210263,0.0,0.0,0.0,0.2393021437876359,0.0,0.0,0.040000000000000036,1.2180532756333904,0.01,Valid,0.49,0.22599999999999998,17.508400929938556,0.3909733621833048,0.0021930343870995637,0.5204579802056861,0.0,0.0,0.4005028865724238,0.2393021437876359
TST-0068,1.3558234240264713,0.0,0.0,0.0,0.0279906520917787,0.0,0.0,0.0,1.3278327719346925,0.0,Valid,0.5,0.236,43.265827714955314,0.3360836140326538,0.0043681119531381145,1.6148702892781774,0.0,0.0,-0.0468459529127756,-0.0279906520917787
TST-0161,1.7087073496570697,0.0,0.0,0.0,0.3205138985485443,0.0,0.0,0.040000000000000036,1.3481934511085254,0.01,Valid,0.49,0.22599999999999998,14.991861590334434,0.32590327444573725,0.003907486254437588,0.3776612327988908,0.0,0.0,-0.5364211934063974,-0.3205138985485443
TST-0298,6.889004754069324,0.0,0.0,0.0,6.212378108838086,0.0,0.0,0.0,0.6766266452312377,1.0,Invalid,0.5,0.764,21.18081694880255,0.6616866773843811,0.003919183588453089,0.6295285453327755,0.0,0.0,10.39721301985904,6.212378108838086
TST-0094,2.183999457023514,0.0,0.0,0.0,0.1623655787595761,0.0,0.0,0.56,1.461633878263938,0.14,Valid,0.36,0.09599999999999997,44.18550075223389,0.26918306086803107,0.04267268015144115,0.9337852400229264,0.0,0.0,-0.2717396590935692,-0.1623655787595761
TST-0336,7.485937337376578,0.0,0.0,0.0,6.433796927156469,0.0,0.0,0.040000000000000036,1.0121404102201088,0.99,Invalid,0.49,0.754,27.31919904491685,0.4939297948899456,0.008541662601625057,0.5891283896954118,0.0,0.0,10.7677858633546,6.433796927156469
TST-0149,1.5309669886522985,0.0,0.0,0.0,0.0644145039575841,0.0,0.0,0.19999999999999996,1.2665524846947145,0.05,Valid,0.45,0.186,20.437077392114023,0.3667237576526427,0.006879559360471941,0.20194396675821666,0.0,0.0,0.1078059492648648,0.0644145039575841
TST-0191,1.3538250488909753,0.0,0.0,0.0,0.0883175517592417,0.0,0.0,0.040000000000000036,1.2255074971317335,0.01,Valid,0.49,0.22599999999999998,48.77302880034714,0.38724625143413327,0.002657876434238128,0.9038430243024649,0.0,0.0,-0.1478107711645719,-0.0883175517592417
TST-0032,1.5351232713766783,0.0,0.0,0.0,0.0373229855246622,0.0,0.0,0.040000000000000036,1.457800285852016,0.01,Valid,0.49,0.22599999999999998,18.59481455391472,0.27109985707399203,0.005456129333371401,0.22255432326775615,0.0,0.0,-0.0624648120636699,-0.0373229855246622
TST-0054,1.5835201201929445,0.0,0.0,0.0,0.197475792537907,0.0,0.0,0.08000000000000007,1.3060443276550373,0.02,Valid,0.48,0.216,15.953999346634935,0.3469778361724813,0.0027527584991015727,0.19082957579815737,0.0,0.0,-0.3305011133113602,-0.197475792537907
TST-0349,1.5844644024476147,0.0,0.0,0.0,0.1087149752666893,0.0,0.0,0.0,1.4757494271809253,0.0,Valid,0.5,0.236,55.31400808677836,0.2621252864095374,0.005221680262128529,1.5049623743275955,0.0,0.0,-0.1819484803554374,-0.1087149752666893
TST-0100,1.434599145491497,0.0,0.0,0.0,0.1094013925997156,0.0,0.0,0.040000000000000036,1.2851977528917815,0.01,Valid,0.49,0.22599999999999998,18.17521663668003,0.3574011235541092,0.0022045239252147524,0.1621190722622615,0.0,0.0,0.1830972879629211,0.1094013925997156
TST-0162,1.0889183318993103,0.0,0.0,0.0,0.0434229254643719,0.0,0.0,0.0,1.0454954064349384,0.0,Valid,0.5,0.236,19.87610443334408,0.4772522967825307,0.0028448994442225287,0.12914030217154823,0.0,0.0,-0.0726738453598372,-0.0434229254643719
TST-0326,7.276403316443231,0.0,0.0,0.0,4.023630883385914,1.0,1.0,0.0,1.252772433057317,1.0,Invalid,0.5,0.764,22.6851026132543,0.3736137834713416,0.009773635074388907,0.3820212320433664,1.0,1.0,-6.734063296683555,-4.023630883385914
TST-0340,1.3760195652650047,0.0,0.0,0.0,0.0902469641995693,0.0,0.0,0.0,1.2857726010654353,0.0,Valid,0.5,0.236,19.400378115072204,0.3571136994672824,0.0016360113197173664,0.12818154042815505,0.0,0.0,0.1510398908018189,0.0902469641995693
TST-0319,1.658463395462256,0.0,0.0,0.0,0.3345829084891233,0.0,0.0,0.0,1.3238804869731327,0.0,Valid,0.5,0.236,28.91985913833779,0.3380597565134337,0.0030707046475331296,0.275769527433089,0.0,0.0,0.5599674893285034,0.3345829084891233
TST-0064,2.5128540597699485,0.0,0.0,0.0,0.1163026939902169,0.0,1.0,0.0,1.3965513657797315,0.0,Valid,0.5,0.236,18.509859852007867,0.3017243171101343,0.0028681073522920427,0.14941411899134951,0.0,1.0,0.1946475026173075,0.1163026939902169
TST-0259,1.4842839708653746,0.0,0.0,0.0,0.362715862991849,0.0,0.0,0.0,1.1215681078735256,0.0,Valid,0.5,0.236,28.98254144867797,0.4392159460632372,0.005948626612726842,0.45042133085555003,0.0,0.0,0.6070516036110369,0.362715862991849
TST-0066,1.4478043971456573,0.0,0.0,0.0,0.1288963464834376,0.0,0.0,0.1200000000000001,1.1989080506622196,0.03,Valid,0.47,0.206,43.93499074658181,0.4005459746688902,0.0030938167387817056,0.5356696732816165,0.0,0.0,0.2157245982763456,0.1288963464834376
TST-0123,1.548032850445555,0.0,0.0,0.0,0.1440367917113132,0.0,0.0,0.08000000000000007,1.3239960587342416,0.02,Valid,0.48,0.216,48.21540417139614,0.3380019706328792,0.0033903108150653808,0.5774102541093069,0.0,0.0,-0.2410640788249907,-0.1440367917113132
TST-0218,1.362917756711181,0.0,0.0,0.0,0.0797287985917056,0.0,0.0,0.08000000000000007,1.2031889581194752,0.02,Valid,0.48,0.216,21.43254372359281,0.39840552094026244,0.0024599848269901744,0.333593226590266,0.0,0.0,0.1334363891335073,0.0797287985917056
TST-0261,1.2256409851588643,0.0,0.0,0.0,0.0949275390737141,0.0,0.0,0.0,1.1307134460851502,0.0,Valid,0.5,0.236,22.785690650387703,0.43464327695742494,0.003574951369718113,0.2352182345561122,0.0,0.0,-0.1588734342805473,-0.0949275390737141
TST-0196,1.43012212890327,0.0,0.0,0.0,0.1404963067939676,0.0,0.0,0.0,1.2896258221093024,0.0,Valid,0.5,0.236,20.702289622208166,0.35518708894534873,0.004491987221717381,0.1877919222297326,0.0,0.0,-0.2351386223839426,-0.1404963067939676
TST-0281,1.5537263956845906,0.0,0.0,0.0,0.1241690161377463,0.0,0.0,0.0,1.4295573795468444,1.0,Invalid,0.5,0.764,25.37240824679076,0.2852213102265778,0.03744011573251063,0.368055862878668,0.0,0.0,0.2078128035081761,0.1241690161377463
TST-0303,1.3973493885990216,0.0,0.0,0.0,0.0412495336713724,0.0,0.0,0.08000000000000007,1.2760998549276492,0.02,Valid,0.48,0.216,36.84595651528446,0.3619500725361754,0.004251837538013339,0.11563969829239784,0.0,0.0,-0.0690363949259555,-0.0412495336713724
TST-0254,1.78630048628338,0.0,0.0,0.0,0.3499988410788507,0.0,0.0,0.1200000000000001,1.316301645204529,0.03,Valid,0.47,0.206,22.83347623423316,0.3418491773977354,0.03028584793372868,0.21161574605843494,0.0,0.0,0.5857680333757429,0.3499988410788507
TST-0322,1.4936163814963854,0.0,0.0,0.0,0.1290575984764305,0.0,0.0,0.08000000000000007,1.2845587830199547,0.02,Valid,0.48,0.216,18.963046926696936,0.3577206084900227,0.0015214330975879388,0.14185017634867264,0.0,0.0,0.2159944742065693,0.1290575984764305
TST-0139,1.5977220492033928,0.0,0.0,0.0,0.1510800316576635,0.0,0.0,0.040000000000000036,1.4066420175457293,0.01,Valid,0.49,0.22599999999999998,17.647243708192033,0.29667899122713537,0.001529582225856995,0.2935026624702101,0.0,0.0,0.2528518458908753,0.1510800316576635
TST-0257,1.6776419631767563,0.0,0.0,0.0,0.02793928268337,0.0,0.0,0.24,1.4097026804933863,0.06,Valid,0.44,0.176,39.30017376106006,0.29514865975330684,0.006868962145332501,0.8269625839212984,0.0,0.0,0.0467599796071311,0.02793928268337
TST-0033,1.4857087338660753,0.0,0.0,0.0,0.2192444494913838,0.0,0.0,0.0,1.2664642843746914,0.0,Valid,0.5,0.236,15.85425699151742,0.3667678578126543,0.0025138913417957886,0.17283659340945756,0.0,0.0,0.3669337578697362,0.2192444494913838
TST-0112,1.3026740707952127,0.0,0.0,0.0,0.0438858841154557,0.0,0.0,0.0,1.258788186679757,0.0,Valid,0.5,0.236,50.84739519164539,0.37060590666012155,0.006835647826049323,0.21283965280957828,0.0,0.0,0.0734486661499396,0.0438858841154557
TST-0021,1.46637960507104,0.0,0.0,0.0,0.035427069347381,0.0,0.0,0.15999999999999992,1.270952535723659,0.04,Valid,0.46,0.19599999999999998,24.417934215196848,0.3645237321381704,0.004618633457704313,0.19403989563746837,0.0,0.0,-0.0592917527267076,-0.035427069347381
TST-0083,1.3477829033307056,0.0,0.0,0.0,0.1183510835597734,0.0,0.0,0.0,1.2294318197709322,0.0,Valid,0.5,0.236,17.85512796555621,0.3852840901145339,0.005005887983362201,0.12342137863251164,0.0,0.0,0.1980757457681932,0.1183510835597734
TST-0150,1.5261694588999957,0.0,0.0,0.0,0.0930623716300507,0.0,0.0,0.0,1.433107087269945,0.0,Valid,0.5,0.236,26.83240831004428,0.2834464563650275,0.0011704347918715843,1.0005312442875764,0.0,0.0,-0.155751836900329,-0.0930623716300507
TST-0265,1.148016960944138,0.0,0.0,0.0,0.0077049760139086,0.0,0.0,0.040000000000000036,1.1003119849302294,0.01,Valid,0.49,0.22599999999999998,22.05827056983677,0.44984400753488535,0.007441074323150697,0.4010934002201068,0.0,0.0,0.0128952674042075,0.0077049760139086
TST-0227,1.3630735532389688,0.0,0.0,0.0,0.1303589386437932,0.0,0.0,0.0,1.2327146145951757,0.0,Valid,0.5,0.236,34.804969178361674,0.3836426927024122,0.0019069258588849094,0.43094017723220085,0.0,0.0,0.2181724341913486,0.1303589386437932
TST-0170,1.431461082862554,0.0,0.0,0.0,0.3441255130887029,0.0,0.0,0.040000000000000036,1.0473355697738511,0.01,Valid,0.49,0.22599999999999998,24.17321700928755,0.4763322151130744,0.0019748741658272497,0.5175263588718959,0.0,0.0,-0.5759382642954947,-0.3441255130887029
TST-0318,1.8026199722907195,0.0,0.0,0.0,0.1761588775177866,0.0,0.0,0.1200000000000001,1.5064610947729329,0.03,Valid,0.47,0.206,29.695381142227006,0.2467694526135336,0.002545913451093413,1.198300126217495,0.0,0.0,0.2948245169246863,0.1761588775177866
TST-0097,1.3879810673281268,0.0,0.0,0.0,0.0024529839449557,0.0,0.0,0.08000000000000007,1.305528083383171,0.02,Valid,0.48,0.216,16.14809792763823,0.34723595830841447,0.014491657308566516,0.16438206162663288,0.0,0.0,-0.0041053838261575,-0.0024529839449557
TST-0152,1.2009622755271772,0.0,0.0,0.0,0.0879271971008358,0.0,0.0,0.0,1.1130350784263414,0.0,Valid,0.5,0.236,33.43158592064635,0.44348246078682935,0.004319386807984372,0.44086189259963515,0.0,0.0,0.1471574624854099,0.0879271971008358
TST-0084,2.022314154063962,0.0,0.0,0.0,0.4344000761326525,0.0,0.0,0.1200000000000001,1.4679140779313098,0.03,Valid,0.47,0.206,57.88801207845109,0.26604296103434516,0.013982406691586473,0.38529417747734734,0.0,0.0,0.7270243453096761,0.4344000761326525
TST-0124,1.5317101556221069,0.0,0.0,0.0,0.0429700260471224,0.0,0.0,0.0,1.4887401295749845,0.0,Valid,0.5,0.236,17.581158590959998,0.25562993521250776,0.004676457618516246,0.20347818207574558,0.0,0.0,0.0719158599901099,0.0429700260471224
TST-0098,1.5729839265435965,0.0,0.0,0.0,0.2586991987392542,0.0,0.0,0.24,1.0742847278043424,0.06,Valid,0.44,0.176,34.27949407057575,0.4628576360978288,0.003723485113529352,0.4925112209866869,0.0,0.0,0.4329663504435252,0.2586991987392542
TST-0341,1.51782300105603,0.0,0.0,0.0,0.2644037415015428,0.0,0.0,0.040000000000000036,1.2134192595544873,0.01,Valid,0.49,0.22599999999999998,30.23453155260528,0.3932903702227564,0.002689246516577345,0.31638186193585854,0.0,0.0,-0.4425136357570238,-0.2644037415015428
TST-0042,1.648043063409399,0.0,0.0,0.0,0.265137072163328,0.0,0.0,0.08000000000000007,1.302905991246071,0.02,Valid,0.48,0.216,31.28817110182525,0.34854700437696445,0.002570769675746671,0.3738413863285649,0.0,0.0,0.4437409588482772,0.265137072163328
TST-0189,1.3617537653488443,0.0,0.0,0.0,0.0660763548125683,0.0,0.0,0.040000000000000036,1.255677410536276,0.01,Valid,0.49,0.22599999999999998,19.33947998451669,0.37216129473186194,0.0024609160249292506,0.2231633832611975,0.0,0.0,0.1105872702089207,0.0660763548125683
TST-0285,1.431672262039238,0.0,0.0,0.0,0.0891214685849852,0.0,0.0,0.0,1.3425507934542527,0.0,Valid,0.5,0.236,23.27819379194082,0.32872460327287367,0.0017389448551136362,0.12473614529076635,0.0,0.0,0.1491562292711243,0.0891214685849852
TST-0020,1.3758114456867638,0.0,0.0,0.0,0.0659615505287634,0.0,0.0,0.0,1.3098498951580004,0.0,Valid,0.5,0.236,21.94941702434043,0.34507505242099973,0.0035888533030261523,0.2057463892879318,0.0,0.0,-0.1103951304882855,-0.0659615505287634
TST-0314,1.4384080403372421,0.0,0.0,0.0,0.0087243227584581,0.0,0.0,0.0,1.429683717578784,0.0,Valid,0.5,0.236,43.69797382419095,0.285158141210608,0.0031513244565491982,0.9845148538480294,0.0,0.0,-0.0146012751613824,-0.0087243227584581
